id,report_date,city,state,report_narrative,timestamp,latitude,longitude,altitude,uncertainty
2293,2023-06-01,New york,New york,"Prelim information (INFO) from federal aviation administration (FAA) operations (OPS): new york, ny / unmanned aircraft systems (UAS) sighting/late report 5-31 1548e/new york terminal radar approach control (TRACON) advised, bcs3, toronto, canada (CYYZ)-lga, reported black unmanned aircraft systems (UAS) 200 feet above aircraft (ACFT) while ssw bound at 4,000 feet 7 W lga.No evasive action reported.Nypd aviation unit notified.",2023-05-31T15:48:00Z,40.7589,-73.9215,4200.0,medium
2294,2023-06-01,Bloomington,Indiana,"Prelim information (INFO) from federal aviation administration (FAA) af operations (OPS): bloomington, in / unmanned aircraft systems (UAS) sighting/1228e/hulman airport traffic control tower (ATCT) advised, piper p32r, reported a unmanned aircraft systems (UAS) 300 feet below aircraft (ACFT) from the 11 of the clock position while northwest (NW) bound at 8,000 feet 16 wnw hoosier vor collocated with tacan (VORTAC) (OOM).No evasive action taken.Indiana state pd notified.",2023-06-01T12:28:00Z,39.4167,-87.25,7700.0,medium
2295,2023-06-01,Medina,Ohio,"Prelim information (INFO) from federal aviation administration (FAA) operations (OPS): medina, oh / unmanned aircraft systems (UAS) sighting/1243e/cleveland terminal radar approach control (TRACON) advised, rockwell ac11, reported a silver unmanned aircraft systems (UAS) from the 12 of the clock position while ese bound at 3,000 feet 5 ese medina (1g5).No evasive action taken.Fbi notified.",2023-06-01T12:43:00Z,41.0833,-81.7667,3000.0,medium
2296,2023-06-01,Chicago/waukegan,Illinois,"Prelim information (INFO) from federal aviation administration (FAA) operations (OPS): chicago / waukegan, il / unmanned aircraft systems (UAS) sighting/1308c/chicago artcc advised, crj2, ord-msp, reported a white quadcopter unmanned aircraft systems (UAS) from the 3 of the clock position while N bound at 13,000 feet over ugn airport (ARPT).No evasive action taken.Waukegan pd notified.",2023-06-01T13:08:00Z,42.4224,-87.8679,13000.0,medium
2297,2023-06-01,Morristown,New jersey,"Prelim information (INFO) from federal aviation administration (FAA) af operations (OPS): morristown, nj / unmanned aircraft systems (UAS) sighting/1626e/morristown airport traffic control tower (ATCT) advised, gulfstream glf5, fty-mmu, reported a black unmanned aircraft systems (UAS) while nne bound at 3,000 feet 4 northwest (NW) mmu.No evasive action taken.New jersey state pd notified.",2023-06-01T16:26:00Z,40.8651,-74.4795,3000.0,medium
2298,2023-06-01,Las vegas,Nevada,"Prelim information (INFO) from federal aviation administration (FAA) operations (OPS): las vegas, nv / unmanned aircraft systems (UAS) sighting/1330p/north las vegas airport traffic control tower (ATCT) advised, cirrus sf50, vgt-myf, reported a white unmanned aircraft systems (UAS) while wsw bound at 4,000 feet 8 northwest (NW) las.No evasive action taken. Las vegas metropolitan (METRO) pd notified.",2023-06-01T13:30:00Z,36.2807,-115.3172,4000.0,medium
2299,2023-06-01,Raleigh/durham,North carolina,"Prelim information (INFO) from federal aviation administration (FAA) operations (OPS): raleigh-durham, nc / unmanned aircraft systems (UAS) sighting/1800e/raleigh-durham airport traffic control tower (ATCT) advised, beech be58, rdu-rdu, reported a white unmanned aircraft systems (UAS) 500 feet below aircraft (ACFT) while se bound at 2,000 feet 6 northwest (NW) rdu.No evasive action taken.Durham pd notified.",2023-06-01T18:00:00Z,35.9333,-78.8667,1500.0,medium
2300,2023-06-01,Bridgeport,Connecticut,"Prelim information (INFO) from federal aviation administration (FAA) operations (OPS): bridgeport, ct / unmanned aircraft systems (UAS) sighting/1739e/bridgeport airport traffic control tower (ATCT) advised, agusta uh1, reported a unmanned aircraft systems (UAS) at the 9 of the clock position while W bound at 2,000 feet 4 W bdr.No evasive action taken.Bridgeport pd notified.",2023-06-01T17:39:00Z,41.1631,-73.2061,2000.0,medium
2301,2023-06-01,New york,New york,"Prelim information (INFO) from federal aviation administration (FAA) operations (OPS): new york, ny / unmanned aircraft systems (UAS) sighting/1845e/new york terminal radar approach control (TRACON) advised, beechcraft be36, reported a unmanned aircraft systems (UAS) at 1,500 feet 7 N lga.No evasive action reported. Pilot reported unmanned aircraft systems (UAS) was near van cortlandt park.Nypd aviation unit notified.",2023-06-01T18:45:00Z,40.8561,-73.8713,1500.0,medium
2302,2023-06-01,Salt lake city,Utah,"Prelim information (INFO) from federal aviation administration (FAA) operations (OPS): salt lake city, ut / unmanned aircraft systems (UAS) sighting/2224m/salt lake city airport traffic control tower (ATCT) advised, e75l, sea-slc, reported possible unmanned aircraft systems (UAS) with red and green lights at same altitude from the 9 of the clock position while sse bound at 7,500 feet 1 nnw slc.No evasive action reported. Slc airport (ARPT) operations (OPS) notified.",2023-06-01T22:24:00Z,40.8089,-111.9894,7500.0,medium
2303,2023-06-02,Boise,Idaho,"Prelim information (INFO) from federal aviation administration (FAA) operations (OPS): boise, identification (ID) / unmanned aircraft systems (UAS) sighting/1110m/boise airport traffic control tower (ATCT) advised, aviat husk, reported an older model dji unmanned aircraft systems (UAS) at the 9 of the clock position while E bound at 4,000 feet 2 sse boi.No evasive action taken.Boise pd notified.",2023-06-02T11:10:00Z,43.5461,-116.1845,4000.0,medium
2304,2023-06-02,Westfield/springfield,Massachusetts,"Prelim information (INFO) from federal aviation administration (FAA) operations (OPS): westfield / springfield, ma / unmanned aircraft systems (UAS) sighting/1345e/barnes fct advised, piper p28a, reported a unmanned aircraft systems (UAS) at 1,000 feet 1 no earlier (NE) baf.No evasive action taken.Leo notification not reported.",2023-06-02T13:45:00Z,42.1584,-72.7156,1000.0,medium
2305,2023-06-02,San jose,California,"Prelim information (INFO) from federal aviation administration (FAA) af operations (OPS): san jose, ca / unmanned aircraft systems (UAS) sighting/1303p/norcal terminal radar approach control (TRACON) advised, b737, san-sjc, reported a possible unmanned aircraft systems (UAS) while nnw bound at 1,700 feet vcnty sjc.No evasive action taken.Leo was not notified.",2023-06-02T13:03:00Z,37.3639,-121.9289,1700.0,medium
2306,2023-06-02,Fort lauderdale,Florida,"Prelim information (INFO) from federal aviation administration (FAA) operations (OPS): fort lauderdale, flight level (FL) / unmanned aircraft systems (UAS) sighting/1826e/fort lauderdale executive airport traffic control tower (ATCT) advised, cessna c550, trl-fxe, reported a small white unmanned aircraft systems (UAS) from the right side at 500 feet on 0.5 mile final runway 9 fxe.No evasive action reported.Broward county sheriff notified.",2023-06-02T18:26:00Z,26.1972,-80.1714,500.0,medium
2307,2023-06-02,Atlanta,Georgia,"Prelim information (INFO) from federal aviation administration (FAA) operations (OPS): atlanta, general aviation (GA) / unmanned aircraft systems (UAS) sighting/2118e/atl airport traffic control tower (ATCT) advised, helo, reported a unmanned aircraft systems (UAS) 50 below aircraft (ACFT) while ssw bound at 2,000 feet 4 sw atl.No evasive action reported.Fulton county police notified.",2023-06-02T21:18:00Z,33.6164,-84.4615,2000.0,medium
2308,2023-06-03,Philadelphia,Pennsylvania,"Prelim information (INFO) from federal aviation administration (FAA) af operations (OPS): philadelphia, public address (PA) / unmanned aircraft systems (UAS) sighting/1145e/northeast philadelphia airport traffic control tower (ATCT) advised, piper p28a, reported a unmanned aircraft systems (UAS) from the 6 of the clock position while N bound holding short runway (RWY) 6 at taxiway (TWY) e1.Airport security notified.No impact to operations.",2023-06-03T11:45:00Z,40.0819,-75.0106,0.0,medium
2309,2023-06-03,Aiken,South carolina,"Prelim information (INFO) from federal aviation administration (FAA) operations (OPS): aiken, sc / unmanned aircraft systems (UAS) sighting/1205e/jacksonville air route traffic control center (ARTCC) advised, piper pay2, sav-avl, reported a black unmanned aircraft systems (UAS) while wnw bound at 16,000 feet 7 sw aik.No evasive action reported.Leo notification not reported.",2023-06-03T12:05:00Z,33.5649,-81.7247,16000.0,medium
2310,2023-06-03,Memphis,Tennessee,"Prelim information (INFO) from federal aviation administration (FAA) operations (OPS): memphis, tn / unmanned aircraft systems (UAS) sighting/1200c/memphis terminal radar approach control (TRACON) advised, b737, mem-mdw, reported a unmanned aircraft systems (UAS) from the 12 of the clock position while nne bound at 5,000 feet 8 nne mem.No evasive action taken.Shelby county sheriff notified.",2023-06-03T12:00:00Z,35.1495,-89.9764,5000.0,medium
2311,2023-06-03,Camarillo,California,"Prelim information (INFO) from federal aviation administration (FAA) af operations (OPS): camarillo, conflict alert (CA) / unmanned aircraft systems (UAS) sighting/1225p/camarillo airport traffic control tower (ATCT) advised, experimental vans rv8, cma-cma, reported unmanned aircraft systems (UAS) from the 9 of the clock position while E bound at 900 feet 2 nne cma.No evasive action reported.Vtu sheriff notified.",2023-06-03T19:25:00Z,34.2333,-119.0833,900.0,medium
2312,2023-06-03,Salem,Oregon,"Prelim information (INFO) from federal aviation administration (FAA) operations (OPS): salem, or / unmanned aircraft systems (UAS) sighting/1315p/mcnary field fct advised, experimental vans rv10, olm-sle, reported a small grey unmanned aircraft systems (UAS) from the 9 of the clock position while sse bound at 1,200 feet vcnty sle.No evasive action reported.Marion county sheriff notified.",2023-06-03T13:15:00Z,44.9095,-123.0025,1200.0,medium
2313,2023-06-03,Santa rosa,California,"Prelim information (INFO) from federal aviation administration (FAA) operations (OPS): santa rosa, ca / unmanned aircraft systems (UAS) sighting/1400p/santa rosa airport traffic control tower (ATCT) advised, eurocopter ec35, reported a gold unmanned aircraft systems (UAS) from the 4 of the clock position while wnw bound at 1,000 feet 6 ese sts.No evasive action reported.Leo notified.",2023-06-03T14:00:00Z,38.3744,-122.6365,1000.0,medium
2314,2023-06-03,Newark,New jersey,"Prelim information (INFO) from federal aviation administration (FAA) operations (OPS): newark, nj / unmanned aircraft systems (UAS) sighting/1905e/newark airport traffic control tower (ATCT) advised, b738, vieux fort quarter, saint lucia (TLPL)-ewr, reported a white unmanned aircraft systems (UAS) at 2,600 feet on final runway 4r ewr.No evasive action reported.Port authority pd notified.",2023-06-03T19:05:00Z,40.6895,-74.1745,2600.0,medium
2315,2023-06-03,Los angeles,California,"Prelim information (INFO) from federal aviation administration (FAA) af operations (OPS): los angeles, ca / unmanned aircraft systems (UAS) sighting/1609p/socal terminal radar approach control (TRACON) advised, piper m600, rdd-sna, reported a unmanned aircraft systems (UAS) from the 9 of the clock position 200 feet below aircraft (ACFT) while sse bound at 9,000 feet 15 nne lax.No evasive action reported. La pd air support notified.",2023-06-03T16:09:00Z,34.1833,-118.2667,9000.0,medium
2316,2023-06-03,Galveston,Texas,"Prelim information (INFO) from federal aviation administration (FAA) operations (OPS): galveston, tx / unmanned aircraft systems (UAS) sighting/1845c/houston terminal radar approach control (TRACON) advised, a321, iah-clt, reported a unmanned aircraft systems (UAS) while se bound at 11,000 feet 10 northwest (NW) gls.No evasive action taken.Houston pd notified.",2023-06-03T18:45:00Z,29.3736,-94.9736,11000.0,medium
2317,2023-06-03,Burbank,California,"Prelim information (INFO) from federal aviation administration (FAA) operations (OPS): burbank, ca / unmanned aircraft systems (UAS) sighting/1711p/burbank airport traffic control tower (ATCT) advised, cessna c68a, las-bur, reported a unmanned aircraft systems (UAS) 1,000 feet above aircraft (ACFT) while on 5 mile final runway 8 at 3,000 feet.No evasive action reported. Lapd air support notified.",2023-06-03T17:11:00Z,34.1983,-118.3636,4000.0,medium
2318,2023-06-04,Briggs,Ohio,"Prelim information (INFO) from federal aviation administration (FAA) operations (OPS): briggs, oh / unmanned aircraft systems (UAS) sighting/1414e/cleveland air route traffic control center (ARTCC) advised, beech be9l, reported a gray unmanned aircraft systems (UAS) 100 feet from the 10 of the clock position while E bound at 15,000 feet 18 nne briggs very high frequency omnidirectional range (VOR).No evasive action taken.Summit county sheriff notified.",2023-06-04T14:14:00Z,39.5833,-82.5167,15000.0,medium
2319,2023-06-04,Daggett,California,"Prelim information (INFO) from federal aviation administration (FAA) operations (OPS): daggett, ca / unmanned aircraft systems (UAS) sighting/1143p/los angeles artcc advised, b739, slc-ont, reported a unmanned aircraft systems (UAS) from the 9 of the clock position while E bound at fl180 78 se dag.No evasive action taken.No leo notification reported.",2023-06-03T23:43:00Z,34.5636,-115.7781,18000.0,medium
2320,2023-06-04,San antonio,Texas,"Prelim information (INFO) from federal aviation administration (FAA) operations (OPS): san antonio, tx / unmanned aircraft systems (UAS) sighting/1350c/san antonio airport traffic control tower (ATCT) advised, b38m, sat-tpa, reported a red-white unmanned aircraft systems (UAS) while northwest (NW) at 4,000 feet 7 N skf.No evasive actions taken.Bexar county sheriff notified.",2023-06-04T13:50:00Z,29.5383,-98.5594,4000.0,medium
2321,2023-06-04,Nashville,Tennessee,"Prelim information (INFO) from federal aviation administration (FAA) operations (OPS): nashville, tn / unmanned aircraft systems (UAS) sighting/1454c/nashville airport traffic control tower (ATCT) advised, e170, tpa-bna, reported a black unmanned aircraft systems (UAS) from the 12 of the clock position while N bound at 2,600 feet 11 S bna.No evasive action taken. Nashville airport (ARPT) pd notified.",2023-06-04T14:54:00Z,35.9636,-86.7186,2600.0,medium
2322,2023-06-04,Everett,Washington,"Prelim information (INFO) from federal aviation administration (FAA) operations (OPS): everett, wa / unmanned aircraft systems (UAS) sighting/1310p/paine airport traffic control tower (ATCT) advised, cessna c172, pae-pae, reported a silver unmanned aircraft systems (UAS) hovering above aircraft (ACFT) while nnw bound at 1,100 feet 2 sse pae.No evasive action taken.Snohomish county sheriff notified.",2023-06-04T13:10:00Z,47.8795,-122.2921,1100.0,medium
2323,2023-06-04,Santa maria,California,"Prelim information (INFO) from federal aviation administration (FAA) operations (OPS): santa maria, conflict alert (CA) / unmanned aircraft systems (UAS) sighting/1430p/santa maria fct advised, vashion vr7, smx-unkn, reported a black / silver unmanned aircraft systems (UAS) 150 feet from their left side while operating at 3,200 feet 6 m smx.No evasive action taken.Leo notification not reported.",2023-06-04T14:30:00Z,34.899722,-120.457778,3200.0,medium
2324,2023-06-04,Philadelphia,Pennsylvania,"Prelim information (INFO) from federal aviation administration (FAA) operations (OPS): philadelphia, public address (PA) / unmanned aircraft systems (UAS) sighting/1812e/philadelphia airport traffic control tower (ATCT) advised, helo, reported a unmanned aircraft systems (UAS) above the aircraft while on the helipad atop the thomas jefferson hospital 5 no earlier (NE) phl.No evasive action taken. Philadelphia airport (ARPT) pd notified.",2023-06-04T18:12:00Z,39.9489,-75.1567,500.0,medium
2325,2023-06-04,Las vegas,Nevada,"Prelim information (INFO) from federal aviation administration (FAA) operations (OPS): las vegas, nv / unmanned aircraft systems (UAS) sighting/1537p/las vegas terminal radar approach control (TRACON) advised, a320, bwi-las, reported a white quadcopter unmanned aircraft systems (UAS) from the 3 of the clock position while sw bound at 14,000 feet 55 no earlier (NE) las.No evasive action taken.No leo notification reported.",2023-06-04T15:37:00Z,36.2146,-115.1728,14000.0,medium
2326,2023-06-04,Cleveland,Ohio,"Prelim information (INFO) from federal aviation administration (FAA) operations (OPS): cleveland, oh / unmanned aircraft systems (UAS) sighting/1909e/cleveland approach (APCH) advised, a320, cle-myr, reported a black unmanned aircraft systems (UAS) 500 feet below aircraft (ACFT) while S bound at 5,000 feet 6 E cle.No evasive action taken.Fbi notified.",2023-06-04T19:09:00Z,41.3702,-81.7062,5000.0,medium
2327,2023-06-04,Sacramento,California,"Prelim information (INFO) from federal aviation administration (FAA) operations (OPS): sacramento, ca / unmanned aircraft systems (UAS) sighting/1556p/w-regional operations center (ROC) advised, piper p28r, reported a unmanned aircraft systems (UAS) at the 2 of the clock position while ese bound at 5,500 feet vcnty smf.No evasive action taken.Leo notification not provided.",2023-06-04T15:56:00Z,38.6956,-121.5908,5500.0,medium
2328,2023-06-04,Philadelphia,Pennsylvania,"Prelim information (INFO) from federal aviation administration (FAA) operations (OPS): philadelphia, public address (PA) / unmanned aircraft systems (UAS) sighting/1931e/philadelphia airport traffic control tower (ATCT) advised, a320, clt-phl, reported a yellow unmanned aircraft systems (UAS) 300 feet from their 3 of the clock position while east bound at 600 feet 0.5 W phl.No evasive action taken. Philadelphia airport (ARPT) pd notified.",2023-06-04T19:31:00Z,39.8721,-75.2491,600.0,medium
2329,2023-06-05,Baltimore,Maryland,"Prelim information (INFO) from federal aviation administration (FAA) operations (OPS): baltimore, md / unmanned aircraft systems (UAS) sighting/0913e/bwi airport traffic control tower (ATCT) advised, b738, tpa-bwi, observed 3 unmanned aircraft systems (UAS) off left side while eastbound at 600 feet, 2 W bwi, on arrival to runway 10.No evasive action reported. Bwi airport traffic control tower (ATCT) shifted operations to runway 15r.Leo notified.",2023-06-05T09:13:00Z,39.1657,-76.7068,600.0,medium
2330,2023-06-05,Fayetteville,North carolina,"Prelim information (INFO) from federal aviation administration (FAA) operations (OPS): fayetteville, nc / unmanned aircraft systems (UAS) sighting/0959e/fayateville approach advised, cessna c172, observed a unmanned aircraft systems (UAS) while northeast bound at 3,000 feet, 30 sw fayateville.No evasive action reported.No leo notification provided.",2023-06-05T09:59:00Z,34.8768,-79.3672,3000.0,medium
2331,2023-06-05,Pittsburgh,Pennsylvania,"Prelim information (INFO) from federal aviation administration (FAA) operations (OPS): pittsburgh, public address (PA) / unmanned aircraft systems (UAS) sighting/1332e/pittsburgh airport traffic control tower (ATCT) advised, b738, pit-las, reported a unmanned aircraft systems (UAS) from the 9 of the clock position while E bound at 3,000 feet 11 W montour very high frequency omnidirectional range (VOR).No evasive action taken.Allegheny county sherriff notified.",2023-06-05T13:32:00Z,40.4957,-80.3731,3000.0,medium
2332,2023-06-05,Charleston,South carolina,"Prelim information (INFO) from federal aviation administration (FAA) operations (OPS): charleston, sc / unmanned aircraft systems (UAS) sighting/1348e/charleston airport traffic control tower (ATCT) advised, cessna c172, chs-hxd, reported a white unmanned aircraft systems (UAS) from the 3 of the clock position while ssw bound at 2,500 feet 10 wsw chs.No evasive action taken.Charleston county sheriff notified.",2023-06-05T13:48:00Z,32.7765,-80.1654,2500.0,medium
2333,2023-06-05,Washington,District of columbia,"Prelim information (INFO) from federal aviation administration (FAA) operations (OPS): washington, dc / unmanned aircraft systems (UAS) sighting/1414e/potomac terminal radar approach control (TRACON) advised, a332, lirf-iad, observed a unmanned aircraft systems (UAS) while southbound at 4,000 feet, 10 se iad.No evasive action reported.No leo notification provided.",2023-06-05T14:14:00Z,38.8089,-77.0365,4000.0,medium
2334,2023-06-05,Fort myers,Florida,"Prelim information (INFO) from federal aviation administration (FAA) operations (OPS): fort myers, flight level (FL) / unmanned aircraft systems (UAS) sighting/1442e/ft myers airport traffic control tower (ATCT) advised, a319, dca-rsw, observed a white-yellow unmanned aircraft systems (UAS) while northbound at 3,000 feet, 7 sse rsw.No evasive action reported.No leo notification provided.",2023-06-05T14:42:00Z,26.4795,-81.7721,3000.0,medium
2335,2023-06-05,Memphis,Tennessee,"Prelim information (INFO) from federal aviation administration (FAA) operations (OPS): memphis, tn / unmanned aircraft systems (UAS) sighting/1229c/memphis terminal radar approach control facility (TRACON) advised, b38m, dal-mem, observed a unmanned aircraft systems (UAS) while northbound at 300 feet,.5 S mem.No evasive action reported.Memphis pd notified.",2023-06-05T12:29:00Z,35.0397,-89.9766,300.0,medium
2336,2023-06-05,San diego,California,"Prelim information (INFO) from federal aviation administration (FAA) operations (OPS): san diego, ca / unmanned aircraft systems (UAS) sighting/1700p/san diego airport traffic control tower (ATCT) advised, e74l, sfo-san, reported a black unmanned aircraft systems (UAS) at the 3 of the clock position while W bound at 700 feet 1 E san.No evasive action taken. Port of san diego pd notified.",2023-06-05T17:00:00Z,32.7338,-117.1933,700.0,medium
2337,2023-06-05,Atwater,California,"Prelim information (INFO) from federal aviation administration (FAA) operations (OPS): atwater, ca / unmanned aircraft systems (UAS) sighting/late report-1915p/w-regional operations center (ROC) advised, cessna c172, reported a small black and white unmanned aircraft systems (UAS) over the aircraft (ACFT) while northwest (NW) bound at 1,900 feet vcnty mer.No evasive action taken.Leo notification not provided.",2023-06-04T19:15:00Z,37.3081,-120.5135,1900.0,medium
2338,2023-06-05,Baltimore,Maryland,"Prelim information (INFO) from federal aviation administration (FAA) operations (OPS): baltimore, md / unmanned aircraft systems (UAS) sighting/1908e/potomac terminal radar approach control (TRACON) advised, helo, reported a quadcopter unmanned aircraft systems (UAS) at the 11 of the clock position while E bound at 1,000 feet 9 nne baltimore very high frequency omnidirectional range (VOR).No evasive action required.Baltimore pd notified.",2023-06-05T19:08:00Z,39.4667,-76.5333,1000.0,medium
2339,2023-06-06,Ontario,California,"Prelim information (INFO) from federal aviation administration (FAA) af operations (OPS): ontario, ca / unmanned aircraft systems (UAS) incident/late report 6-6 1630p/w-regional operations center (ROC) advised, gulfstream g150, grb-ont, reported being struck by a unmanned aircraft systems (UAS) at unkn altitude while on short final for ont. Post-flight inspection revealed damage to aircraft (ACFT) fan blades.",2023-06-06T23:30:00Z,34.0556,-117.6009,1000.0,high
2340,2023-06-06,West palm beach,Florida,"Prelim information (INFO) from federal aviation administration (FAA) operations (OPS): west palm beach, flight level (FL) / unmanned aircraft systems (UAS) sighting/2014e/palm beach airport traffic control tower (ATCT) advised, experimental van's rv6, reported a white quadcopter unmanned aircraft systems (UAS) 100 feet below the aircraft (ACFT) from the 3 of the clock position while N bound at 2,000 feet 6 W pbi.No evasive action taken.Palm beach sheriff notified.",2023-06-06T00:00:00Z,26.6832,-80.2556,2000.0,medium
2341,2023-06-07,Orlando,Florida,"Prelim information (INFO) from federal aviation administration (FAA) operations (OPS): orlando, flight level (FL) / unmanned aircraft systems (UAS) sighting/1057e/orlando exec airport traffic control tower (ATCT) advised, piaggio p180, reported a yellow unmanned aircraft systems (UAS) 100 feet below aircraft (ACFT) while wsw bound at 1,300 feet 4 ese orl.No evasive action reported.Leo helo notified.",2023-06-07T10:57:00Z,28.4294,-81.2589,1300.0,medium
2342,2023-06-07,Chicago,Illinois,"Prelim information (INFO) from federal aviation administration (FAA) operations (OPS): chicago, il / unmanned aircraft systems (UAS) sighting/1140c/chicago terminal radar approach control (TRACON) advised, gulfstream ga5c, reported a black unmanned aircraft systems (UAS) while wnw bound at 3,000 feet 17 wnw ord.No evasive action reported.Chicago fbi notified.",2023-06-07T11:40:00Z,42.0583,-88.1825,3000.0,medium
2343,2023-06-07,Colorado springs,Colorado,"Prelim information (INFO) from federal aviation administration (FAA) operations (OPS): colorado springs, central office (CO) / unmanned aircraft systems (UAS) sighting/1335m/colorado springs terminal radar approach control (TRACON) advised, cessna c172, reported a black unmanned aircraft systems (UAS) at the 3 of the clock position while S bound at 7,400 feet 2 N cos. no evasive action reported.Colorado springs pd notified.",2023-06-07T13:35:00Z,38.8181,-104.7001,7400.0,medium
2344,2023-06-07,Dallas-fort worth,Texas,"Prelim information (INFO) from federal aviation administration (FAA) operations (OPS): dallas-fort worth, tx / unmanned aircraft systems (UAS) sighting/1528c/dfw airport traffic control tower (ATCT) advised, a321, mco-dfw, reported a black unmanned aircraft systems (UAS) from the 3 of the clock position while S bound at 5,000 feet 4 N dfw.No evasive action taken.Dfw dps notified.",2023-06-07T15:28:00Z,32.9486,-97.0667,5000.0,medium
2345,2023-06-07,Chicago,Illinois,"Prelim information (INFO) from federal aviation administration (FAA) operations (OPS): chicago, il / unmanned aircraft systems (UAS) sighting/1614c/ord airport traffic control tower (ATCT) advised, b738, bzn-ord, reported white unmanned aircraft systems (UAS) at the 3 of the clock position while on.5 mile final runway 10c at 300 feet.No evasive action reported. Arpt communications center notified.",2023-06-07T16:14:00Z,41.9742,-87.9073,300.0,medium
2346,2023-06-08,Lynchburg,Virginia,"Prelim information (INFO) from federal aviation administration (FAA) operations (OPS): lynchburg, va / unmanned aircraft systems (UAS) sighting/0939e/roanoke approach (APCH) advised, cessna c172, reported a black unmanned aircraft systems (UAS) 100 feet below aircraft (ACFT) from the 11 of the clock position while N bound at 3,500 feet 17 N lyh.No evasive action reported.Amherst county sheriff notified.",2023-06-08T09:39:00Z,37.4433,-79.1442,3500.0,medium
2347,2023-06-08,Greensboro,North carolina,"Prelim information (INFO) from federal aviation administration (FAA) af operations (OPS): /uas sighting/1030e/greensboro airport traffic control tower (ATCT) advised, beech be55, reported a black unmanned aircraft systems (UAS) from the 12 of the clock position while se bound at 9,000 feet 26 S gso.No evasive action taken.Leo notification not reported.",2023-06-08T10:30:00Z,35.8944,-79.7819,9000.0,medium
2348,2023-06-08,Greensboro,North carolina,"Correction information (INFO) (LOCATION) from federal aviation administration (FAA) af operations (OPS): greensboro, nc / unmanned aircraft systems (UAS) sighting/1030e/greensboro airport traffic control tower (ATCT) advised, beech be55, reported a black unmanned aircraft systems (UAS) from the 12 of the clock position while se bound at 9,000 feet 26 S gso.No evasive action taken.Leo notification not reported.",2023-06-08T10:30:00Z,35.8944,-79.7815,9000.0,medium
2349,2023-06-08,New york,New york,"Prelim information (INFO) from federal aviation administration (FAA) operations (OPS): new york, ny / unmanned aircraft systems (UAS) sighting/late report-1157e/new york terminal radar approach control (TRACON) advised, bcs1, ord-lga, reported a unmanned aircraft systems (UAS) from the 3 of the clock position while no earlier (NE) bound at 2,500 feet 10 sw lga.No evasive action reported.Nypd aviation unit notified.",2023-06-08T11:57:00Z,40.6667,-73.9667,2500.0,medium
2350,2023-06-08,Dallas-fort worth,Texas,"Prelim information (INFO) from federal aviation administration (FAA) operations (OPS): dallas-fort worth, tx / unmanned aircraft systems (UAS) sighting/1120c/dalls fort worth airport traffic control tower (ATCT) advised, e170, reported a white unmanned aircraft systems (UAS) from the 3 of the clock position while S bound at 1,300 feet.No evasive action reported. 3 subsequent aircraft (ACFT) reported same unmanned aircraft systems (UAS).Dallas fort worth airport pd notified.",2023-06-08T11:20:00Z,32.8968,-97.038,1300.0,medium
2351,2023-06-08,Dallas-fort worth,Texas,"Correction information (INFO) (CALLSIGN) from federal aviation administration (FAA) operations (OPS): dallas-fort worth, tx / unmanned aircraft systems (UAS) sighting/1120c/dfw airport traffic control tower (ATCT) advised, e170, bhm-dfw, reported a white unmanned aircraft systems (UAS) from the 3 of the clock position while S bound at 1,300 feet 2 N dfw.No evasive action reported. 3 subsequent aircraft (ACFT) reported same unmanned aircraft systems (UAS).Dallas fort worth airport pd notified.",2023-06-08T11:20:00Z,32.9167,-97.0375,1300.0,medium
2352,2023-06-08,Las vegas,Nevada,"Prelim information (INFO) from federal aviation administration (FAA) operations (OPS): las vegas, nv / unmanned aircraft systems (UAS) sighting/1020p/north las vegas airport traffic control tower (ATCT) advised, robinson r44, reported a unmanned aircraft systems (UAS) from the left side while ene bound at 3,800 feet11 wnw las.No evasive action taken.Lvmpd notified.",2023-06-08T22:20:00Z,36.2473,-115.3192,3800.0,medium
2353,2023-06-08,Atlanta,Georgia,"Prelim information (INFO) from federal aviation administration (FAA) af operations (OPS): atlanta, general aviation (GA) / unmanned aircraft systems (UAS) sighting/1352e/atlanta terminal radar approach control facility (TRACON) advised, crj9, sbn-atl, reported a gold spherical unmanned aircraft systems (UAS) from the 11 of the clock position while E bound at 6,700 feet 8 no earlier (NE) atl.No evasive action taken.Dekalb county sheriff notified.",2023-06-08T13:52:00Z,33.7784,-84.3733,6700.0,medium
2354,2023-06-08,San antonio,Texas,"Prelim information (INFO) from federal aviation administration (FAA) af operations (OPS): san antonio, tx / unmanned aircraft systems (UAS) sighting/1407c/san antonio airport traffic control tower (ATCT) advised, e545, ase-sat, reported a unmanned aircraft systems (UAS) while on final to runway 13r at 2,000 feet 5.6 northwest (NW) san antonio.No evasive action reported. San antonio airport (ARPT) operations (OPS) notified.",2023-06-08T14:07:00Z,29.5833,-98.5667,2000.0,medium
2355,2023-06-08,Camarillo,California,"Prelim information (INFO) from federal aviation administration (FAA) operations (OPS): camarillo, conflict alert (CA) / unmanned aircraft systems (UAS) sighting/1230p/camarillo airport traffic control tower (ATCT) advised, piper p28a, reported a unmanned aircraft systems (UAS) at 3 of the clock position while E bound at 1,000 feet 2 se camarillo.No evasive action reported.Ventura county sheriff notified.",2023-06-08T19:30:00Z,34.2083,-119.0776,1000.0,medium
2356,2023-06-08,Chicago,Illinois,"Prelim information (INFO) from federal aviation administration (FAA) operations (OPS): chicago, il / unmanned aircraft systems (UAS) sighting/1615c/chicago terminal radar approach control (TRACON) advised, cessna c206, reported a black / orange unmanned aircraft systems (UAS) from the 2 of the clock position while W bound at 5,400 feet 20 sw ord.No evasive action taken.Fbi notified.",2023-06-08T16:15:00Z,41.6667,-88.1667,5400.0,medium
2357,2023-06-08,Milwaukee,Wisconsin,"Prelim information (INFO) from federal aviation administration (FAA) operations (OPS): milwaukee, wi / unmanned aircraft systems (UAS) sighting/1722c/milwaukee airport traffic control tower (ATCT) advised, a320, dtw-mke, reported grey unmanned aircraft systems (UAS) 500 feet off left side while E bound at 1,800 feet 3.6 W mke.No evasive action taken.Milwaukee county sheriff notified.",2023-06-08T17:22:00Z,42.9544,-88.0506,1800.0,medium
2358,2023-06-09,New york,New york,"Prelim information (INFO) from federal aviation administration (FAA) operations (OPS): new york, ny / unmanned aircraft systems (UAS) sighting/0810e/jfk airport traffic control tower (ATCT) advised, a320, den-jfk, reported a black unmanned aircraft systems (UAS) 400 feet below aircraft (ACFT) while northwest (NW) bound at 1,000 feet 2 se jfk.No evasive action reported. Arpt operations notified.",2023-06-09T08:10:00Z,40.6295,-73.7539,600.0,medium
2359,2023-06-09,Columbus,Ohio,"Prelim information (INFO) from federal aviation administration (FAA) operations (OPS): columbus, oh / unmanned aircraft systems (UAS) sighting/1050e/columbus airport traffic control tower (ATCT) advised, e75s, bos-cmh, reported a unmanned aircraft systems (UAS) while W bound at 1,300 feet 2 E cmh.No evasive action reported.Columbus pd notified.",2023-06-09T10:50:00Z,39.9968,-82.8589,1300.0,medium
2360,2023-06-09,Greensboro,North carolina,"Prelim information (INFO) from federal aviation administration (FAA) af operations (OPS): greensboro, nc / unmanned aircraft systems (UAS) sighting/1557e/greensboro airport traffic control tower (ATCT) advised, cessna c210, reported a unmanned aircraft systems (UAS) while N bound at 10,000 feet 10 S davidson.No evasive action reported.Davidson county sheriff notified.",2023-06-09T15:57:00Z,35.7795,-80.2342,10000.0,medium
2361,2023-06-09,Daytona beach,Florida,"Prelim information (INFO) from federal aviation administration (FAA) af operations (OPS): daytona beach, flight level (FL) / unmanned aircraft systems (UAS) sighting/1506e/daytona approach (APCH) advised, cessna c172, ssi-dab, reported a black / white unmanned aircraft systems (UAS) while E bound at 1,200 feet 8 W dab.No evasive action reported.Volusia county sheriff notified.",2023-06-09T15:06:00Z,29.1802,-81.1859,1200.0,medium
2362,2023-06-09,Baltimore,Maryland,"Prelim information (INFO) from federal aviation administration (FAA) operations (OPS): baltimore, md / unmanned aircraft systems (UAS) sighting/1605e/potomac terminal radar approach control (TRACON) advised, b738, orf-bwi, reported a white unmanned aircraft systems (UAS) from the 3 of the clock position while northwest (NW) bound at 2,500 feet 14 S bwi.No evasive action reported.Anne arundel county notified.",2023-06-09T16:05:00Z,39.0667,-76.6683,2500.0,medium
2363,2023-06-09,Muscle shoals,Alabama,"Prelim information (INFO) from federal aviation administration (FAA) operations (OPS): muscle shoals, al / unmanned aircraft systems (UAS) sighting/1525c/memphis air route traffic control center (ARTCC) advised, cessna c172, reported a unmanned aircraft systems (UAS) from the 3 of the clock position while no earlier (NE) bound at 5,500 feet 48 nnw mean sea level (MSL).No evasive action taken.Perry county sheriff notified.",2023-06-09T15:25:00Z,34.9975,-87.9672,5500.0,medium
2364,2023-06-10,Washington,District of columbia,"Prelim information (INFO) from federal aviation administration (FAA) operations (OPS): washington, dc / unmanned aircraft systems (UAS) incident/1228e/potomac terminal radar approach control facility (TRACON) advised, a319, dca-rsw, reported a white unmanned aircraft systems (UAS) from the 12 of the clock position while northwest (NW) bound at 7,500 feet 5 nnw dca.No evasive action reported.Arlington pd notified.",2023-06-10T12:28:00Z,38.9342,-77.0958,7500.0,medium
2365,2023-06-10,Buffalo,New york,"Prelim information (INFO) from federal aviation administration (FAA) operations (OPS): buffalo, ny / unmanned aircraft systems (UAS) sighting/1750e/buffalo airport traffic control tower (ATCT) advised, b350, iad-buf, reported a stationary unmanned aircraft systems (UAS) from their 9 of the clock position while northwest (NW) bound at 1,200 feet 2 W buf.No evasive action taken.Leo notification not reported.",2023-06-10T17:50:00Z,42.9407,-78.7967,1200.0,medium
2366,2023-06-10,Windsor locks,Connecticut,"Prelim information (INFO) from federal aviation administration (FAA) operations (OPS): windsor locks, ct / unmanned aircraft systems (UAS) sighting/1650e/yankee terminal radar approach control facility (TRACON) advised, cessna c172, bed-pou, reported a black unmanned aircraft systems (UAS) from their 12 of the clock position while wsw bound at 6,000 feet 14 northwest (NW) bdl.No evasive action taken.State pd notified.",2023-06-10T16:50:00Z,41.9938,-72.8861,6000.0,medium
2367,2023-06-10,Austin,Texas,"Prelim information (INFO) from federal aviation administration (FAA) af operations (OPS): austin, tx / unmanned aircraft systems (UAS) sighting/1519c/austin airport traffic control tower (ATCT) advised, b738, aus-los cabos, mexico (MMSD), reported a unmanned aircraft systems (UAS) from their right side while S bound at 1,700 ffet 1 S aus.No evasive action reported.Austin pd notified.",2023-06-10T15:19:00Z,30.183333,-97.7,1700.0,medium
2368,2023-06-10,Hershey,Pennsylvania,"Prelim information (INFO) from federal aviation administration (FAA) operations (OPS): hershey, public address (PA) / unmanned aircraft systems (UAS) sighting/1714e/capital city airport traffic control tower (ATCT) advised, cessna c182, rdg-cxy, reported a unmanned aircraft systems (UAS) from their 2 of the clock position while W bound at 1,500 feet vcnty hershey hospital.No evasive action taken.Leo notification not reported.",2023-06-10T17:14:00Z,40.2859,-76.6506,1500.0,medium
2369,2023-06-10,Los angeles,California,"Prelim information (INFO) from federal aviation administration (FAA) af operations (OPS): los angeles, ca / unmanned aircraft systems (UAS) sighting/2353p/socal terminal radar approach control (TRACON) advised, a320, slc-lax, reported a lighted unmanned aircraft systems (UAS) off the right side while W bound at 7,000 feet 20 ene lax.No evasive action taken.No leo notification reported.",2023-06-09T23:53:00Z,34.1397,-117.9103,7000.0,medium
2370,2023-06-11,Orlando,Florida,"Prelim information (INFO) from federal aviation administration (FAA) operations (OPS): orlando, flight level (FL) / unmanned aircraft systems (UAS) sighting/0949e/kissimmee fct advised, bombardier cl30, maf-ism, reported a gold quadcopter at the 1 of the clock position 100 feet below while sse bound at 1,500 feet 3 nnw ism.No evasive action taken.Osceola county sheriff notified.",2023-06-11T09:49:00Z,28.3214,-81.4517,1500.0,medium
2371,2023-06-11,Newberg,Oregon,"Prelim information (INFO) from federal aviation administration (FAA) operations (OPS): newberg, or / unmanned aircraft systems (UAS) sighting/1330p/ [reporting facility] advised, diamond da40, observed a unmanned aircraft systems (UAS) 800 feet below aircraft (ACFT) while northbound at 900 feet 10 ese newberg.N O evasive action reported.Clackamas county dispatc notified.",2023-06-11T20:30:00Z,45.2506,-122.8094,900.0,medium
2372,2023-06-11,Laredo,Texas,"Prelim information (INFO) from federal aviation administration (FAA) operations (OPS): laredo, transmitter (TX) / unmanned aircraft systems (UAS) sighting/1443c/laredo airport traffic control tower (ATCT) advised, e145, iah-lrd, observed a grey-silver 4-quad while southbound at 1,900 feet, 6 N lrd.No evasive action reported.No leo notification provided.",2023-06-11T14:43:00Z,27.6333,-99.5167,1900.0,medium
2373,2023-06-11,Lancaster,Pennsylvania,"Prelim information (INFO) from federal aviation administration (FAA) operations (OPS): lancaster, public address (PA) / unmanned aircraft systems (UAS) sighting/1628e/new york air route traffic control center (ARTCC) advised, e145, regional operations center (ROC)-phl, reported unmanned aircraft systems (UAS) at the 12 of the clock position while E bound at 12,500 feet 3 nne lancaster very high frequency omnidirectional range (VOR).No evasive action taken.Pennsylvania state pd notified.",2023-06-11T16:28:00Z,40.1375,-76.2958,12500.0,medium
2374,2023-06-11,Lancaster,Pennsylvania,"Prelim information (INFO) from federal aviation administration (FAA) operations (OPS): lancaster, public address (PA) / unmanned aircraft systems (UAS) sighting/1628e/new york air route traffic control center (ARTCC) advised, e145, regional operations center (ROC)-phl, observed a unmanned aircraft systems (UAS) while eastbound at 12,500 feet, 3 nne lancaster.No evasive action reported.Pennsylvania state pd notified.",2023-06-11T16:28:00Z,40.0786,-76.2961,12500.0,medium
2375,2023-06-11,Port townsend,Washington,"Prelim information (INFO) from federal aviation administration (FAA) operations (OPS): port townsend, wa / unmanned aircraft systems (UAS) sighting/1408p/navy whidbey approach (APCH) advised, cirrus sr22, port townsend, wa (0s9)-unkn, reported unmanned aircraft systems (UAS) at 2,000 feet 4 W jefferson county international (INTL) airport (ARPT) (0s9).Evasive action was taken.Leo notification not reported.",2023-06-11T14:08:00Z,48.0531,-122.8806,2000.0,medium
2376,2023-06-11,San francisco,California,"Prelim information (INFO) from federal aviation administration (FAA) operations (OPS): san francisco, ca / unmanned aircraft systems (UAS) sighting/1543p/norcal terminal radar approach control facility (TRACON) advised, e75l, pdx-sfo, reported a unmanned aircraft systems (UAS) at the 3 of the clock position while W bound at 2,300 feet 7 ese sfo.No evasive action taken.Foster city pd notified.",2023-06-11T15:43:00Z,37.5833,-122.2833,2300.0,medium
2377,2023-06-11,Baltimore,Maryland,"Prelim information (INFO) from federal aviation administration (FAA) operations (OPS): baltimore, md / unmanned aircraft systems (UAS) sighting/1949e/potomac terminal radar approach control (TRACON) advised, cirrus s22t, rzr-oqn, reported a black unmanned aircraft systems (UAS) from the 3 of the clock position while nne bound at 5,500 feet 15 E westminster vor collocated with tacan (VORTAC) (EMI).No evasive action taken.Leo notification not reported.",2023-06-11T19:49:00Z,39.6667,-76.6667,5500.0,medium
2378,2023-06-12,Monterey,California,"Prelim information (INFO) from federal aviation administration (FAA) operations (OPS): monterey, ca / unmanned aircraft systems (UAS) sighting/1310p/monterey airport traffic control tower (ATCT) advised, h65, reported an orange unmanned aircraft systems (UAS) at the 12 of the clock position while S bound at 500 feet 2 wnw mry.No evasive action taken.Monterey pd notified.",2023-06-12T13:10:00Z,36.597,-121.8855,500.0,medium
2379,2023-06-12,Delaware,Ohio,"Prelim information (INFO) from federal aviation administration (FAA) operations (OPS): delaware, oh / unmanned aircraft systems (UAS) sighting/1720e/columbus airport traffic control tower (ATCT) advised, cessna c172, dlz-dlz, reported a unmanned aircraft systems (UAS) while E bound at 2,300 feet vcnty dlz.No evasive action reported.City of delaware pd notified.",2023-06-12T17:20:00Z,40.2797,-83.1149,2300.0,medium
2380,2023-06-12,Torrance,California,"Prelim information (INFO) from federal aviation administration (FAA) operations (OPS): torrance, conflict alert (CA) / unmanned aircraft systems (UAS) sighting/1555p/w-regional operations center (ROC) advised, sling slg2, reported a unmanned aircraft systems (UAS) while on crosswind at 500 feet.5 N toa.No evasive action taken.No leo notification reported.",2023-06-12T15:55:00Z,33.8166,-118.3417,500.0,medium
2381,2023-06-12,Los angeles,California,"Prelim information (INFO) from federal aviation administration (FAA) operations (OPS): los angeles, ca / unmanned aircraft systems (UAS) sighting/1840p/los angeles airport traffic control tower (ATCT) advised, b77w, lax-paris, france (LFPG), reported a red and white unmanned aircraft systems (UAS) at the 9 of the clock position while no earlier (NE) bound at 16,000 feet 13 no earlier (NE) lax.No evasive action taken.Los angeles pd notified.",2023-06-11T18:40:00Z,33.9816,-118.1722,16000.0,medium
2382,2023-06-13,Grand junction,Colorado,"Prelim information (INFO) from federal aviation administration (FAA) operations (OPS): grand junction, central office (CO) / unmanned aircraft systems (UAS) sighting/1139m/grand junction airport traffic control tower (ATCT) advised, bell b407, reported a red unmanned aircraft systems (UAS) from the 2 of the clock position while sw bound at 5,500 feet 2 se gjt.No evasive action reported.Mesa county sheriff notified.",2023-06-13T11:39:00Z,39.0575,-108.5453,5500.0,medium
2383,2023-06-13,Morgantown,West virginia,"Prelim information (INFO) from federal aviation administration (FAA) operations (OPS): morgantown, wv / unmanned aircraft systems (UAS) sighting/1515e/cleveland air route traffic control center (ARTCC) advised, e195, chs-pit, reported a unmanned aircraft systems (UAS) 500 feet below aircraft (ACFT) from the 12 of the clock position while N bound at 13,500 feet 20 nne mgw.No evasive action reported.Pennsylvania state pd notified.",2023-06-13T15:15:00Z,39.8428,-79.7647,13000.0,medium
2384,2023-06-13,Newark,New jersey,"Prelim information (INFO) from federal aviation administration (FAA) af operations (OPS): newark, nj / unmanned aircraft systems (UAS) sighting/1742e/newark airport traffic control tower (ATCT) advised, b38m, orf-ewr, reported a black unmanned aircraft systems (UAS) from their 3 of the clock position while sw bound at 1,000 feet on a 2 mile final for runway (RWY) 22l.No evasive action taken.Port authority pd notified.",2023-06-13T17:42:00Z,40.6895,-74.1745,1000.0,medium
2385,2023-06-13,Baltimore,Maryland,"Prelim information (INFO) from federal aviation administration (FAA) operations (OPS): baltimore, md / unmanned aircraft systems (UAS) sighting/2005e/potomac terminal radar approach control (TRACON) advised, eurocopter ec145, reported a white quadcopter unmanned aircraft systems (UAS) from the 12 of the clock position while N bound at 4,500 feet/foot (FT) 3 E balance (BAL).No evasive action taken.Baltimore city pd notified.",2023-06-13T20:05:00Z,39.2,-76.3667,4500.0,medium
2386,2023-06-14,Colorado springs,Colorado,"Prelim information (INFO) from federal aviation administration (FAA) operations (OPS): colorado springs, central office (CO) / unmanned aircraft systems (UAS) sighting/0915m/colorado springs airport traffic control tower (ATCT) advised, piper p28a, reported a man in a jet pack from the 12 of the clock position while E bound at 7,400 12 S black forest very high frequency omnidirectional range (VOR).No evasive action reported.No leo notification reported.",2023-06-14T09:15:00Z,38.9375,-104.5708,7400.0,medium
2387,2023-06-14,Baton rouge,Louisiana,"Prelim information (INFO) from federal aviation administration (FAA) operations (OPS): baton rouge, la / unmanned aircraft systems (UAS) sighting/1432c/baton rouge approach (APCH) advised, eurocopter ec35, reported a unmanned aircraft systems (UAS) from the 12 of the clock position while northwest (NW) bound at 2,200 feet 12 no earlier (NE) btr.No evasive action taken.East baton rouge sheriff office notified.",2023-06-14T14:32:00Z,30.5328,-91.1498,2200.0,medium
2388,2023-06-14,Baton rouge,Louisiana,"Prelim information (INFO) from federal aviation administration (FAA) operations (OPS): baton rouge, la / unmanned aircraft systems (UAS) sighting/1508c/baton rouge approach (APCH) advised, beech be35, reported a black unmanned aircraft systems (UAS) at the 12 of the clock position while se bound at 2,000 feet 12 no earlier (NE) btr.No evasive action taken.East baton rouge sheriff office notified.",2023-06-14T15:08:00Z,30.5328,-91.1465,2000.0,medium
2389,2023-06-14,Washington,District of columbia,"Prelim information (INFO) from federal aviation administration (FAA) operations (OPS): washington, dc / unmanned aircraft systems (UAS) sighting/1901e/potomac terminal radar approach control (TRACON) advised, a319, dca-dtw, reported quadcopter unmanned aircraft systems (UAS) at same altitude while northwest (NW) bound at 1,800 feet 2 northwest (NW) dca.No evasive action reported. Metro police department notified.",2023-06-14T19:01:00Z,38.8689,-77.0654,1800.0,medium
2390,2023-06-14,San diego,California,"Prelim information (INFO) from federal aviation administration (FAA) operations (OPS): san diego, ca / unmanned aircraft systems (UAS) sighting/1620p/san diego airport traffic control tower (ATCT) advised, b737, den-san, reported a white and green unmanned aircraft systems (UAS) from the 3 of the clock position while W bound at 800 feet 1 E san.No evasive action reported. San diego harbor pd notified.",2023-06-14T16:20:00Z,32.7338,-117.1933,800.0,medium
2391,2023-06-14,New york,New york,"Prelim information (INFO) from federal aviation administration (FAA) operations (OPS): new york, ny / unmanned aircraft systems (UAS) sighting/1908e/new york terminal radar approach control (TRACON) advised, cessna c414, reported a silver unmanned aircraft systems (UAS) while no earlier (NE) bound at 3,000 feet 18 ssw jfk.No evasive action taken.Nypd aviation unit notified.",2023-06-14T19:08:00Z,40.5089,-73.8794,3000.0,medium
2392,2023-06-14,New york,New york,"Prelim information (INFO) from federal aviation administration (FAA) operations (OPS): new york, ny / unmanned aircraft systems (UAS) sighting/1650e/new york terminal radar approach control (TRACON) advised, b38m, calgary, canada (CYYC)-jfk, reported a red unmanned aircraft systems (UAS) while sw bound at 3,000 feet 16 no earlier (NE) jfk.No evasive action taken.Nassau pd notified.",2023-06-14T16:50:00Z,40.6635,-73.8057,3000.0,medium
2393,2023-06-15,Chicago,Illinois,"Prelim information (INFO) from federal aviation administration (FAA) operations (OPS): chicago, il / unmanned aircraft systems (UAS) sighting/0720c/chicago terminal radar approach control (TRACON) advised, crj2, mke-ord, reported a black unmanned aircraft systems (UAS) at the 2 of the clock position while W bound at 5,000 feet 20 E ord.No evasive action taken.Chicago pd notified.",2023-06-15T07:20:00Z,41.9742,-87.5508,5000.0,medium
2394,2023-06-15,New york,New york,"Prelim information (INFO) from federal aviation administration (FAA) operations (OPS): new york, ny / unmanned aircraft systems (UAS) sighting/1243e/kennedy airport traffic control tower (ATCT) advised, b77w, london, united kingdom (EGLL)-jfk, reported a black and white unmanned aircraft systems (UAS) at same altitude from the 11 of the clock position while on 6 mile final for runway 31l.No evasive action taken.Local leos notified.",2023-06-15T12:43:00Z,40.6413,-73.7781,1000.0,medium
2395,2023-06-15,San diego / el cajon,California,"Prelim information (INFO) from federal aviation administration (FAA) operations (OPS): san diego-el cajon, ca / unmanned aircraft systems (UAS) sighting/1124p/gillespie airport traffic control tower (ATCT) advised, robinson r22, reported a unmanned aircraft systems (UAS) while sw bound at 1,600 feet 4 northwest (NW) see.No evasive action taken.Leo notification not reported.",2023-06-15T23:24:00Z,32.8456,-116.9867,1600.0,medium
2396,2023-06-15,Atlanta,Georgia,"Prelim information (INFO) from federal aviation administration (FAA) operations (OPS): atlanta, general aviation (GA) / unmanned aircraft systems (UAS) sighting/1715e/atl airport traffic control tower (ATCT) advised, b712, tys-atl, reported unmanned aircraft systems (UAS) 200 feet below aircraft (ACFT) while on 2 mile final runway 26r at 1,800 feet.No evasive action reported. Both atlanta pd and clayton county pd declined to take report.",2023-06-15T17:15:00Z,33.6407,-84.4277,1800.0,medium
2397,2023-06-15,Atlanta,Georgia,"Prelim information (INFO) from federal aviation administration (FAA) operations (OPS): atlanta, general aviation (GA) / unmanned aircraft systems (UAS) sighting/1753e/atlanta airport traffic control tower (ATCT) advised, crj9, montreal, canada (CYUL)-atl, reported a unmanned aircraft systems (UAS) from the 9 of the clock position while W bound at 2,000 feet 2.4 E atl.No evasive action reported.Clayton count sheriff notified.",2023-06-15T17:53:00Z,33.6481,-84.387,2000.0,medium
2398,2023-06-15,Easton,Maryland,"Prelim information (INFO) from federal aviation administration (FAA) operations (OPS): easton, md / unmanned aircraft systems (UAS) sighting/1845e/potomac terminal radar approach control (TRACON) advised, e75s, bos-bwi, reported a black unmanned aircraft systems (UAS) while W bound at 9,000 feet 5 E esn.No evasive action reported.Talbot county sheriff notified.",2023-06-15T18:45:00Z,38.8041,-76.0134,9000.0,medium
2399,2023-06-15,New york,New york,"Prelim information (INFO) from federal aviation administration (FAA) operations (OPS): new york, ny / unmanned aircraft systems (UAS) sighting/2138e/laguardia airport traffic control tower (ATCT) advised, b738, lga-dfw, reported a unmanned aircraft systems (UAS) from the 12 of the clock position while N bound at 1,800 feet 1.5 northwest (NW) lga.No evasive action taken.Leo notification not reported.Tb/jb",2023-06-15T21:38:00Z,40.79,-73.89,1800.0,medium
2400,2023-06-16,Modesto,California,"Prelim information (INFO) from federal aviation administration (FAA) operations (OPS): modesto, conflict alert (CA) / unmanned aircraft systems (UAS) sighting/0915p/norcal terminal radar approach control (TRACON) advised, beech be36, reported a unmanned aircraft systems (UAS) from 500 feet below the 2 of the clock position while ese bound at 7,500 feet 20 sw mod.No evasive action taken.No leo notification reported.",2023-06-15T21:15:00Z,37.5236,-121.2736,7500.0,medium
2401,2023-06-16,Chicago,Illinois,"Prelim information (INFO) from federal aviation administration (FAA) operations (OPS): chicago, il / unmanned aircraft systems (UAS) sighting/1415c/midway airport traffic control tower (ATCT) advised, b738, pit-mdw, reported a gray unmanned aircraft systems (UAS) while no earlier (NE) bound at 2,000 feet 4 sw mdw.No evasive action taken.Fbi notified.",2023-06-16T14:15:00Z,41.7508,-87.8075,2000.0,medium
2402,2023-06-16,San jose,California,"Prelim information (INFO) from federal aviation administration (FAA) operations (OPS): san jose, ca / unmanned aircraft systems (UAS) sighting/1500p/norcal terminal radar approach control (TRACON) advised, cessna c182, reported a unmanned aircraft systems (UAS) from the 4 of the clock position while sse bound at 3,000 feet 15 sse sjc.No evasive action taken.No leo notification reported.",2023-06-16T15:00:00Z,37.2072,-121.7567,3000.0,medium
2403,2023-06-16,Los angeles,California,"Prelim information (INFO) from federal aviation administration (FAA) operations (OPS): los angeles, ca / unmanned aircraft systems (UAS) sighting/1542p/los angeles airport traffic control tower (ATCT) advised, b737, mci-lax, reported triangular unmanned aircraft systems (UAS) from the 12 of the clock position while wsw bound at 1,600 feet 6.2 ene lax.No evasive action taken.La county sheriff notified.",2023-06-16T15:42:00Z,33.9833,-118.2167,1600.0,medium
2404,2023-06-17,Dallas-fort worth,Texas,"Prelim information (INFO) from federal aviation administration (FAA) operations (OPS): dallas-fort worth, tx / unmanned aircraft systems (UAS) sighting/0401c/dfw airport (ARPT) operations (OPS) reported unmanned aircraft systems (UAS) operating at 500 feet 3 sw dfw.No impact to operations. Uas operating near willow ln.Euless pd notified.",2023-06-17T04:01:00Z,32.8789,-97.0512,500.0,medium
2405,2023-06-17,Atlanta,Georgia,"Prelim information (INFO) from federal aviation administration (FAA) operations (OPS): atlanta, general aviation (GA) / unmanned aircraft systems (UAS) sighting/1103e/dekalb-peachtree airport traffic control tower (ATCT) advised, piper p28a, dkx-pdk, reported unmanned aircraft systems (UAS) at same altitude while wsw bound at 2,700 feet 4 nne pdk.No evasive action reported.Chamblee pd notified.",2023-06-17T11:03:00Z,33.9166,-84.3166,2700.0,medium
2406,2023-06-17,Atlanta,Georgia,"Prelim information (INFO) from federal aviation administration (FAA) operations (OPS): atlanta, general aviation (GA) / unmanned aircraft systems (UAS) sighting/1240e/dekalb-peachtree airport traffic control tower (ATCT) advised, piper p28a, reported a black and white quadcopter unmanned aircraft systems (UAS) pass 40 feet from aircraft (ACFT) while wsw bound at 2,700 feet 5 no earlier (NE) pdk.No evasive action taken.Local law enforcement notified.",2023-06-17T00:00:00Z,33.8756,-84.3022,2700.0,medium
2407,2023-06-17,Atlanta,Georgia,"Correction (duplicate report) information (INFO) from federal aviation administration (FAA) af operations (OPS): atlanta, general aviation (GA) / unmanned aircraft systems (UAS) sighting/1103e/dekalb-peachtree airport traffic control tower (ATCT) advised, piper p28a, event occurred on 6/17.",2023-06-17T11:03:00Z,33.8756,-84.3022,0.0,medium
2408,2023-06-17,Flint,Michigan,"Prelim information (INFO) from federal aviation administration (FAA) operations (OPS): flint, mile (MI) / unmanned aircraft systems (UAS) sighting/1325e/great lakes approach (APCH) advised, cessna c172, ikw-arb, reported green unmanned aircraft systems (UAS) with yellow payload 500 feet below aircraft (ACFT) while S bound at 2,200 feet 7 ssw flint.No evasive action reported.Genesee county dispatch notified.",2023-06-17T13:25:00Z,42.8783,-83.8033,1700.0,medium
2409,2023-06-17,Santa maria,California,"Prelim information (INFO) from federal aviation administration (FAA) operations (OPS): santa maria, ca / unmanned aircraft systems (UAS) sighting/1252p/santa maria fct advised, cessna c150, smx-unkn, reported unmanned aircraft systems (UAS) pass 20 feet below aircraft (ACFT) from the 1 of the clock position wile N bound at 2,100 feet 4 N santa maria.No evasive action reported.Santa maria pd notified.",2023-06-17T19:52:00Z,34.9486,-120.4575,2100.0,medium
2410,2023-06-17,Atlanta,Georgia,"Prelim information (INFO) from federal aviation administration (FAA) operations (OPS): atlanta, general aviation (GA) / unmanned aircraft systems (UAS) sighting/1615e/atl airport traffic control tower (ATCT) advised, a21n, atl-lax, reported unmanned aircraft systems (UAS) 300 feet above departure end of runway 26l while departing same runway.No evasive action or impact to operations.No other sightings reported. Atl airport (ARPT) pd notified.",2023-06-17T16:15:00Z,33.6407,-84.4277,1300.0,medium
2411,2023-06-17,Atlanta,Georgia,"Prelim information (INFO) from federal aviation administration (FAA) operations (OPS): atlanta, general aviation (GA) / unmanned aircraft systems (UAS) sighting/1700e/atl airport traffic control tower (ATCT) advised, b739, atl-stl, reported unmanned aircraft systems (UAS) at same altitude while wnw bound at 3,300 feet 4 northwest (NW) atl.No evasive action.Atlanta pd notified.",2023-06-17T17:00:00Z,33.7784,-84.5226,3300.0,medium
2412,2023-06-17,Newark,New jersey,"Prelim information (INFO) from federal aviation administration (FAA) operations (OPS): newark, nj / unmanned aircraft systems (UAS) sighting/1902e/newark airport traffic control tower (ATCT) advised, b39m, mco-ewr, reported a unmanned aircraft systems (UAS) from the 3 of the clock position while no earlier (NE) bound at 2,300 feet 7 S ewr.No evasive action taken.Linden pd notified.",2023-06-17T19:02:00Z,40.6295,-74.1745,2300.0,medium
2413,2023-06-18,Jackson,Michigan,"Prelim information (INFO) from federal aviation administration (FAA) operations (OPS): jackson, mile (MI) / unmanned aircraft systems (UAS) incident/0950e/kalamazoo airport traffic control tower (ATCT) advised, beech be35, reported a rc aircraft (ACFT) from the 12 of the clock position while N bound at 2,500 feet 5 E jxn. Acft turned to avoid rc aircraft (ACFT).Jackson county pd notified.",2023-06-18T09:50:00Z,42.2672,-84.3609,2500.0,medium
2414,2023-06-18,Asheville,North carolina,"Prelim information (INFO) from federal aviation administration (FAA) af operations (OPS): asheville, nc / unmanned aircraft systems (UAS) sighting/1412e/asheville airport traffic control tower (ATCT) advised, e190, bos-avl, reported an orange quad-copter unmanned aircraft systems (UAS) at the 3 of the clock position while S bound at 2,400 feet 1 nnw avl.No evasive action taken. Controllers could also see the unmanned aircraft systems (UAS) with binoculars.No impact to operations. Avl airport (ARPT) pd notified.",2023-06-18T14:12:00Z,35.4495,-82.5556,2400.0,medium
2415,2023-06-18,Philadelphia,Pennsylvania,"Prelim information (INFO) from federal aviation administration (FAA) af operations (OPS): philadelphia, public address (PA) / unmanned aircraft systems (UAS) sighting/1049e/philadelphia approach (APCH) advised, e145, unv-phl, reported a quad-copter unmanned aircraft systems (UAS) 100 feet above aircraft (ACFT) while sw bound at 6,000 feet 8.5 no earlier (NE) phl.No evasive action taken. Phl airport (ARPT) pd notified.",2023-06-18T10:49:00Z,40.0792,-75.1339,6000.0,medium
2416,2023-06-18,Pittsburgh,Pennsylvania,"Prelim information (INFO) from federal aviation administration (FAA) operations (OPS): pittsburgh, public address (PA) / unmanned aircraft systems (UAS) sighting/1241e/pittsburgh approach (APCH) advised, cessna c177, reported a unmanned aircraft systems (UAS) while wnw bound at 4,500 feet 5 northwest (NW) agc.No evasive action taken.Allegheny pd notified.",2023-06-18T12:41:00Z,40.4713,-80.1956,4500.0,medium
2417,2023-06-18,Tulsa,Oklahoma,"Prelim information (INFO) from federal aviation administration (FAA) operations (OPS): tulsa, ok / unmanned aircraft systems (UAS) sighting/1159c/tulsa approach (APCH) advised, piper p28a, rvs-rvs, reported a basketball sized, grey unmanned aircraft systems (UAS) 500 feet below aircraft (ACFT) and at the 3 of the clock position while S bound at at 1,900 feet 4 S rvs.No evasive action taken.Oklahoma highway patrol notified.",2023-06-18T11:59:00Z,35.9846,-95.9845,1400.0,medium
2418,2023-06-18,Asheville,North carolina,"Prelim information (INFO) from federal aviation administration (FAA) operations (OPS): asheville, nc / unmanned aircraft systems (UAS) sighting/1355e/asheville airport traffic control tower (ATCT) advised, cessna c182, oak island, nc (SUT)-avl, reported an orange quad-copter unmanned aircraft systems (UAS) at the 3 of the clock position while S bound at 2,400 feet 1 nnw avl.No evasive action taken.No impact to operations. Avl airport (ARPT) pd notified.",2023-06-18T13:55:00Z,35.4517,-82.5618,2400.0,medium
2419,2023-06-18,New york,New york,"Prelim information (INFO) from federal aviation administration (FAA) operations (OPS): new york, ny / unmanned aircraft systems (UAS) sighting/1459e/kennedy airport traffic control tower (ATCT) advised, a21n, london, united kingdom (EGKK)-jfk, reported a yellow unmanned aircraft systems (UAS) on short final runway 31r at 500 feet vcnty jfk.No evasive action taken.New york port authority notified.",2023-06-18T14:59:00Z,40.6413,-73.7781,500.0,medium
2420,2023-06-18,Van nuys,California,"Prelim information (INFO) from federal aviation administration (FAA) operations (OPS): van nuys, conflict alert (CA) / unmanned aircraft systems (UAS) sighting/1254p/van nuys airport traffic control tower (ATCT) advised, piper m600, rdd-vny, reported a white unmanned aircraft systems (UAS) from 100 feet below aircraft (ACFT) while while S bound at 1,700 feet 2 N vny.No evasive action taken.Local leo notified.",2023-06-18T19:54:00Z,34.2265,-118.4091,1700.0,medium
2421,2023-06-18,Louisville,Kentucky,"Prelim information (INFO) from federal aviation administration (FAA) af operations (OPS): louisville, ky / unmanned aircraft systems (UAS) sighting/1609e/bowman airport traffic control tower (ATCT) advised, piper p28a, reported a unmanned aircraft systems (UAS) from the 3 of the clock position while nne bound at 1,500 feet 4 no earlier (NE) lou.No evasive action taken. Louisville metropolitan (METRO) pd notified.",2023-06-18T00:00:00Z,38.2284,-85.6636,1500.0,medium
2422,2023-06-18,Madison,Wisconsin,"Prelim information (INFO) from federal aviation administration (FAA) operations (OPS): madison, wi / unmanned aircraft systems (UAS) sighting/1600c/madison airport traffic control tower (ATCT) advised, gulfstream aerospace g280, reported a unmanned aircraft systems (UAS) from the 3 of the clock position while S bound at 1,500 feet 1 N msn.No evasive action taken. Dane county airport (ARPT) sheriff notified.",2023-06-18T16:00:00Z,43.1516,-89.3373,1500.0,medium
2423,2023-06-18,Richmond,Virginia,"Prelim information (INFO) from federal aviation administration (FAA) operations (OPS): richmond, va / unmanned aircraft systems (UAS) sighting/1737e/potomac terminal radar approach control (TRACON) advised, jabiru jab4, reported a unmanned aircraft systems (UAS) from below while N bound at 3,100 feet 8 wnw ric.No evasive action taken.Richmond pd notified.",2023-06-18T17:37:00Z,37.5951,-77.5203,3100.0,medium
2424,2023-06-18,Charleston,South carolina,"Prelim information (INFO) from federal aviation administration (FAA) operations (OPS): charleston, sc / unmanned aircraft systems (UAS) sighting/1809e/charleston airport traffic control tower (ATCT) advised, beech b350, chs-pgv, reported a black unmanned aircraft systems (UAS) within 20 feet of the aircraft at 10,000 feet after departing chs.No evasive action taken.Chs sheriff department notified.",2023-06-18T18:09:00Z,32.8986,-80.0407,10000.0,medium
2425,2023-06-18,Chicago,Illinois,"Prelim information (INFO) from federal aviation administration (FAA) operations (OPS): chicago, il / unmanned aircraft systems (UAS) sighting/1722c/chicago terminal radar approach control (TRACON) advised, cessna c208, ord-mkg, reported a white unmanned aircraft systems (UAS) from the 12 of the clock position while E bound at 5,000 feet 5 se mdw.No evasive action reported.Chicago fbi notified.",2023-06-18T17:22:00Z,41.7285,-87.6924,5000.0,medium
2426,2023-06-18,Chicago,Illinois,"Prelim information (INFO) from federal aviation administration (FAA) operations (OPS): chicago, il / unmanned aircraft systems (UAS) sighting/1818c/chicago terminal radar approach control (TRACON) advised, e75l, lnk-ord, reported a small unmanned aircraft systems (UAS) while S bound at 4,000 feet 18 W ord.No evasive action taken.Leo notification not reported.",2023-06-18T18:18:00Z,41.8781,-88.2517,4000.0,medium
2427,2023-06-18,Chicago,Illinois,"Prelim information (INFO) from federal aviation administration (FAA) operations (OPS): chicago, il / unmanned aircraft systems (UAS) sighting/1955c/chicago terminal radar approach control facility (TRACON) advised, a343, frankfurt, germany (EDDF)-ord, reported a unmanned aircraft systems (UAS) from the 9 of the clock position while E bound at 3,100 feet 8 W ord.No evasive action taken.Fbi notified.",2023-06-17T19:55:00Z,41.9742,-88.0246,3100.0,medium
2428,2023-06-18,San diego,California,"Prelim information (INFO) from federal aviation administration (FAA) operations (OPS): san diego, ca / unmanned aircraft systems (UAS) sighting/1823p/montgomery airport traffic control tower (ATCT) advised, cessna c172, fat-myf, reported a gold unmanned aircraft systems (UAS) while W bound at 2,700 feet 6 E myf.No evasive action taken.Leo notification not reported.",2023-06-18T18:23:00Z,32.8156,-116.9167,2700.0,medium
2429,2023-06-19,Daytona beach,Florida,"Prelim information (INFO) from federal aviation administration (FAA) operations (OPS): daytona beach, flight level (FL) / unmanned aircraft systems (UAS) sighting/1200e/daytona beach airport traffic control tower (ATCT) advised, cessna c172, reported a white dgi unmanned aircraft systems (UAS) while wsw bound at 800 feet 2 ene dab.No evasive action taken.Volusia county sheriff notified.",2023-06-19T12:00:00Z,29.1944,-81.0306,800.0,medium
2430,2023-06-19,New york,New york,"Prelim information (INFO) from federal aviation administration (FAA) af operations (OPS): new york, ny / unmanned aircraft systems (UAS) sighting/1210e/laguardia airport traffic control tower (ATCT) advised, bell b06, reported a unmanned aircraft systems (UAS) 500 feet below aircraft (ACFT) while nne bound at 1,500 feet 6 nnw lga.No evasive action taken.Nypd aviation unit notified.",2023-06-19T12:10:00Z,40.8165,-73.9013,1000.0,medium
2431,2023-06-19,Danbury,Connecticut,"Prelim information (INFO) from federal aviation administration (FAA) af operations (OPS): danbury, ct / unmanned aircraft systems (UAS) sighting/1212e/new york terminal radar approach control facility (TRACON) advised, cessna c182, abe-oxford, ct (OXC), reported a white unmanned aircraft systems (UAS) passed very close off the left side of aircraft (ACFT) while E bound at 3,500 feet 5 E dxr.No evasive action taken.Connecticut state pd notified.",2023-06-19T12:12:00Z,41.3964,-73.3965,3500.0,medium
2432,2023-06-19,San juan,Puerto rico,"Prelim information (INFO) from federal aviation administration (FAA) operations (OPS): san juan, puerto rico / unmanned aircraft systems (UAS) sighting/1320l/san juan center radar approach control (CERAP) advised, cessna c402, reported a unmanned aircraft systems (UAS) at the 2 of the clock position while W bound at 2,500 feet 7 se sju.No evasive action taken. San juan airport (ARPT) pd notified.",2023-06-19T13:20:00Z,18.3894,-65.9636,2500.0,medium
2433,2023-06-19,Chicago,Illinois,"Prelim information (INFO) from federal aviation administration (FAA) operations (OPS): chicago, il / unmanned aircraft systems (UAS) sighting/1240c/o' hare airport traffic control tower (ATCT) advised, e170, cmh-ord, reported a black unmanned aircraft systems (UAS) 300 feet below their 12 of the clock position while eastbound at 2,400 feet 5 W ord.No evasive action taken.Chicago pd notified.",2023-06-19T12:40:00Z,41.9742,-87.9073,2400.0,medium
2434,2023-06-19,Chicago,Illinois,"Prelim information (INFO) from federal aviation administration (FAA) operations (OPS): chicago, il / unmanned aircraft systems (UAS) sighting/1244c/chicago terminal radar approach control (TRACON) advised, a20n, mco-mdw, reported a unmanned aircraft systems (UAS) at the 12 of the clock position while W bound at 3,000 feet 9 sw mdw.No evasive action taken.Fbi notified.",2023-06-19T12:44:00Z,41.7246,-87.8679,3000.0,medium
2435,2023-06-19,Farmingdale,New york,"Prelim information (INFO) from federal aviation administration (FAA) operations (OPS): farmingdale, ny / unmanned aircraft systems (UAS) sighting/1408e/republic airport traffic control tower (ATCT) advised, piper p28a, frg-frg, reported a blue and yellow unmanned aircraft systems (UAS) 300 feet below aircraft (ACFT) while N bound at 1,100 feet 1 nnw frg.No evasive action taken.Nassau pd notified.",2023-06-19T14:08:00Z,40.74444,-73.42361,800.0,medium
2436,2023-06-19,Keating,Pennsylvania,"Prelim information (INFO) from federal aviation administration (FAA) operations (OPS): keating, public address (PA) / unmanned aircraft systems (UAS) incident/1513e/cleveland air route traffic control center (ARTCC) advised, beech be36, reported a dark colored four rotor unmanned aircraft systems (UAS) while ene bound at 2,400 feet 34 W keating vor collocated with tacan (VORTAC). Acft turned to avoid unmanned aircraft systems (UAS).Pennsylvania state pd notified.",2023-06-19T15:13:00Z,41.4792,-78.5042,2400.0,medium
2437,2023-06-19,Dover/cheswold,Delaware,"Prelim information (INFO) from federal aviation administration (FAA) af operations (OPS): dover-cheswold, de / unmanned aircraft systems (UAS) sighting/1539e/dover radar approach control (RAPCON) advised, piper p28a, visual flight rules (VFR)-delaware park, de (33n), reported a small silver unmanned aircraft systems (UAS) while S bound at 2,800 feet 1 N 33n.No evasive action taken.Kent county sheriff notified.",2023-06-19T15:39:00Z,39.2167,-75.6,2800.0,medium
2438,2023-06-19,Modena,Pennsylvania,"Prelim information (INFO) from federal aviation administration (FAA) operations (OPS): modena, public address (PA) / unmanned aircraft systems (UAS) sighting/1935e/new york air route traffic control center (ARTCC) advised, crj9, phl-cvg, reported a black unmanned aircraft systems (UAS) from the 2 of the clock position while W bound at 12.000 feet vcnty modena vor collocated with tacan (VORTAC).No evasive action taken.Local leos notified.",2023-06-19T19:35:00Z,39.9167,-75.8,12000.0,medium
2439,2023-06-20,Harrisburg,Pennsylvania,"Prelim information (INFO) from federal aviation administration (FAA) operations (OPS): harrisburg, public address (PA) / unmanned aircraft systems (UAS) sighting/1415e/harrisburg approach (APCH) advised, piper p28a, reported a quadcopter unmanned aircraft systems (UAS) off left wing while W bound at 2,000 feet 10 se harrisburg vor collocated with tacan (VORTAC).No evasive action taken.York county dispatch notified.",2023-06-20T14:15:00Z,40.1933,-76.6333,2000.0,medium
2440,2023-06-20,Daisetta,Texas,"Prelim information (INFO) from federal aviation administration (FAA) operations (OPS): daisetta, tx / unmanned aircraft systems (UAS) sighting/1515c/houston terminal radar approach control (TRACON) advised, cirrus sr22, efd-mlu, reported a red and silver unmanned aircraft systems (UAS) at the 3 of the clock position while N bound at 4,900 feet 6 sse daisetta vor collocated with tacan (VORTAC).No evasive action taken.Fbi notified.",2023-06-20T15:15:00Z,30.0833,-94.6667,4900.0,medium
2441,2023-06-20,Battle creek,Michigan,"Prelim information (INFO) from federal aviation administration (FAA) operations (OPS): battle creek, mile (MI) / unmanned aircraft systems (UAS) sighting/1650e/kalamazoo airport traffic control tower (ATCT) advised, gulfstream glf5, reported a 2 foot by 2 foot silver unmanned aircraft systems (UAS) 5,000 feet above aircraft (ACFT) while W bound at 10,000 feet 7 se bottle (BTL).No evasive action taken.Battle creek pd notified.",2023-06-20T16:50:00Z,42.2636,-85.1519,15000.0,medium
2442,2023-06-20,New york,New york,"Prelim information (INFO) from federal aviation administration (FAA) operations (OPS): new york, ny / unmanned aircraft systems (UAS) sighting/1848e/new york terminal radar approach control (TRACON) advised, e75s, orf-lga, reported a white unmanned aircraft systems (UAS) while no earlier (NE) bound at 4,000 feet 6 northwest (NW) lga.No evasive action taken.Nypd aviation notified.",2023-06-20T18:48:00Z,40.7934,-73.9447,4000.0,medium
2443,2023-06-20,New york,New york,"Prelim information (INFO) from federal aviation administration (FAA) af operations (OPS): new york, ny / unmanned aircraft systems (UAS) sighting/1930e/new york terminal radar approach control (TRACON) advised, e170, cho-lga, reported a white unmanned aircraft systems (UAS) while no earlier (NE) bound at 4,000 feet 16 sw lga.No evasive action taken.Nypd notified.",2023-06-20T19:30:00Z,40.6397,-73.9589,4000.0,medium
2444,2023-06-20,Sparta township,New jersey,"Prelim information (INFO) from federal aviation administration (FAA) operations (OPS): sparta township, nj / unmanned aircraft systems (UAS) sighting/late report 6-21 2020e/new york terminal radar approach control (TRACON) advised, e75l, rap-guc, reported a black unmanned aircraft systems (UAS) while ese bound at 10,000 feet 7 wsw sparta very high frequency omnidirectional range (VOR).No evasive action taken.No leo notification provided.",2020-06-21T20:00:00Z,41.0333,-74.7167,10000.0,medium
2445,2023-06-21,Philadelphia,Pennsylvania,"Prelim information (INFO) from federal aviation administration (FAA) operations (OPS): philadelphia, public address (PA) / unmanned aircraft systems (UAS) sighting/1035e/philadelphia airport traffic control tower (ATCT) advised, e145, unv-phl, reported a quadcopter unmanned aircraft systems (UAS) pass 100 feet above aircraft (ACFT) while ese bound at 6,000 feet 7 N phl.No evasive action taken. Philadelphia airport (ARPT) pd notified.",2023-06-21T10:35:00Z,40.0789,-75.0142,6000.0,medium
2446,2023-06-21,East texas,Pennsylvania,"Prelim information (INFO) from federal aviation administration (FAA) operations (OPS): east texas, public address (PA) / unmanned aircraft systems (UAS) sighting/1440e/new york artcc advised, e145, quebec city, canada (CYQB)-phl, reported a grey unmanned aircraft systems (UAS) from the 9 of the clock position while eastbound at 12,000 feet 10 E east texas very high frequency omnidirectional range (VOR) (EXT).No evasive action taken.Pennsylvania state pd notified.",2023-06-21T14:40:00Z,40.5833,-75.4833,12000.0,medium
2447,2023-06-21,Huguenot,New york,"Prelim information (INFO) from federal aviation administration (FAA) operations (OPS): huguenot, ny / unmanned aircraft systems (UAS) sighting/1645e/new york terminal radar approach control (TRACON) advised, c130j, observed a unmanned aircraft systems (UAS) while eastbound at 4,000 feet, 5 N huguenot.No evasive action reported.New york state pd notified.",2023-06-21T16:45:00Z,41.4667,-74.6833,4000.0,medium
2448,2023-06-21,Charlotte,North carolina,"Prelim information (INFO) from federal aviation administration (FAA) operations (OPS): charlotte, nc / unmanned aircraft systems (UAS) sighting/1646e/charlotte airport traffic control tower (ATCT) advised, dassault f2th, reported a unmanned aircraft systems (UAS) 300 feet above the aircraft (ACFT) at 2,200 feet while on final for runway 36l.No evasive action taken.Charlotte-mecklenburg pd notified.",2023-06-21T16:46:00Z,35.2144,-80.9473,2200.0,medium
2449,2023-06-21,Worcester,Massachusetts,"Prelim information (INFO) from federal aviation administration (FAA) operations (OPS): worcester, ma / unmanned aircraft systems (UAS) sighting/1711e/boston air route traffic control center (ARTCC) advised, cessna c25c, reported a black and green unmanned aircraft systems (UAS) 50 feet off right wing at 16,000 feet 5 S orh.No evasive action taken.Worcester pd notified.",2023-06-21T17:11:00Z,42.2167,-71.8756,16000.0,medium
2450,2023-06-21,Hyannis,Massachusetts,"Prelim information (INFO) from federal aviation administration (FAA) operations (OPS): hyannis, ma / unmanned aircraft systems (UAS) sighting/1819e/boston terminal radar approach control (TRACON) advised, cessna c182, observed a unmanned aircraft systems (UAS) while northwest bound at 1,000 feet, 6 nnw hyannis.No evasive action reported.Barnstable pd notified.",2023-06-21T18:19:00Z,41.7285,-70.3556,1000.0,medium
2451,2023-06-22,New york,New york,"Prelim information (INFO) from federal aviation administration (FAA) operations (OPS): new york, ny / unmanned aircraft systems (UAS) sighting/1827e/new york terminal radar approach control (TRACON) advised, a319, pbi-lga, reported a red unmanned aircraft systems (UAS) from the left side while S bound at 4,000 feet 9 N lga.No evasive action taken.New york pd aviation unit notified.",2023-06-22T18:27:00Z,40.8589,-73.8762,4000.0,medium
2452,2023-06-22,Indianapolis,Indiana,"Prelim information (INFO) from federal aviation administration (FAA) af operations (OPS): indianapolis, in / unmanned aircraft systems (UAS) sighting/1915e/indianapolis airport traffic control tower (ATCT) advised, diamond da40, reported unmanned aircraft systems (UAS) off right side 500 feet below while se bound at 3,000 feet 16 se brickyard very high frequency omnidirectional range (VOR).No evasive action taken.Marion county sheriff notified.",2023-06-22T19:15:00Z,39.6167,-85.9833,3000.0,medium
2453,2023-06-23,Las vegas,Nevada,"Prelim information (INFO) from federal aviation administration (FAA) operations (OPS): las vegas, nv / unmanned aircraft systems (UAS) sighting/1134p/las vegas terminal radar approach control (TRACON) advised, b738, vancouver, canada (CYVR)-las, reported a orange unmanned aircraft systems (UAS) from the 12 of the clock position while E bound at 14,000 feet 22 W las.No evasive action reported. Las vegas metropolitan (METRO) pd notified.",2023-06-23T23:34:00Z,36.08,-115.57,14000.0,medium
2454,2023-06-23,San diego,California,"Prelim information (INFO) from federal aviation administration (FAA) operations (OPS): san diego, ca / unmanned aircraft systems (UAS) sighting/1221p/socal terminal radar approach control (TRACON) advised, b739, iad-san, reported a green and white unmanned aircraft systems (UAS) while ssw bound at 7,000 feet 13 no earlier (NE) poggi very high frequency omnidirectional range (VOR).No evasive action taken.Sdcsd notified.",2023-06-23T19:21:00Z,32.7356,-117.1831,7000.0,medium
2455,2023-06-23,San antonio,Texas,"Prelim information (INFO) from federal aviation administration (FAA) operations (OPS): san antonio, tx / unmanned aircraft systems (UAS) sighting/1610c/san antonio airport traffic control tower (ATCT) advised, hawk, reported a unmanned aircraft systems (UAS) from the 3 of the clock position while no earlier (NE) bound at 3,500 feet 11 W sat.No evasive action taken.Bexar county notified.",2023-06-23T16:10:00Z,29.4241,-98.6856,3500.0,medium
2456,2023-06-23,Chicago heights,Illinois,"Prelim information (INFO) from federal aviation administration (FAA) operations (OPS): chicago heights, il / unmanned aircraft systems (UAS) sighting/late report-1643c/chicago terminal radar approach control facility (TRACON) advised, cessna c172, reported a black unmanned aircraft systems (UAS) at the 3 of the clock position while nne bound at 5,000 feet 5 S chicago heights very high frequency omnidirectional range (VOR).No evasive action taken.Fbi notified.",2023-06-23T16:43:00Z,41.4667,-87.6333,5000.0,medium
2457,2023-06-24,Chicago,Illinois,"Prelim information (INFO) from federal aviation administration (FAA) operations (OPS): chicago, il / unmanned aircraft systems (UAS) sighting/0741c/chicago terminal radar approach control (TRACON) advised, a20n, ord-san juan, puerto rico (TJSJ), reported a white unmanned aircraft systems (UAS) 500 feet below aircraft (ACFT) while sse bound at 5,000 feet 6 se ord.No evasive action taken.Fbi notified.",2023-06-24T07:41:00Z,41.7389,-87.6818,5000.0,medium
2458,2023-06-24,Georgetown,Texas,"Prelim information (INFO) from federal aviation administration (FAA) operations (OPS): georgetown, tx / unmanned aircraft systems (UAS) sighting/1005c/austin airport traffic control tower (ATCT) advised, cirrus sr22, reported unmanned aircraft systems (UAS) at 2 of the clock position while no earlier (NE) bound at 4,700 feet 30 N georgetown.No evasive action reported.Georgetown pd notified.",2023-06-24T10:05:00Z,30.6779,-97.6772,4700.0,medium
2459,2023-06-24,Brookfield,Wisconsin,"Prelim information (INFO) from federal aviation administration (FAA) af operations (OPS): brookfield, wi / unmanned aircraft systems (UAS) sighting/1040c/waukesha airport traffic control tower (ATCT) advised, helo, reported a unmanned aircraft systems (UAS) while se bound at 1,900 feet vcnty brookfield.No evasive action taken.No leo notification provided.",2023-06-24T10:40:00Z,43.0605,-88.1064,1900.0,medium
2460,2023-06-24,Knoxville,Tennessee,"Prelim information (INFO) from federal aviation administration (FAA) operations (OPS): knoxville, tn / unmanned aircraft systems (UAS) sighting/1148e/knoxville airport traffic control tower (ATCT) advised, cessna c172, reported a white and red unmanned aircraft systems (UAS) while no earlier (NE) bound at 2,400 feet 22 no earlier (NE) tys.No evasive action taken.Knox county sheriff notified.",2023-06-24T11:48:00Z,36.086,-83.9207,2400.0,medium
2461,2023-06-24,Houston,Texas,"Prelim information (INFO) from federal aviation administration (FAA) operations (OPS): houston, tx / unmanned aircraft systems (UAS) sighting/1345c/houston terminal radar approach control (TRACON) advised, e75l, iah-dtw, reported a white and silver unmanned aircraft systems (UAS) while nnw bound at 2,000 feet 1 nnw iah.No evasive action taken.Fbi notified.",2023-06-24T13:45:00Z,30.0069,-95.3522,2000.0,medium
2462,2023-06-24,Los angeles,California,"Prelim information (INFO) from federal aviation administration (FAA) operations (OPS): los angeles, ca / unmanned aircraft systems (UAS) sighting/1204p/lax airport traffic control tower (ATCT) advised, a321, bos-lax, reported unmanned aircraft systems (UAS) at same altitude from the 3 of the clock position while wsw bound at 600 feet 3 ene lax.No evasive action reported. Lax airport (ARPT) pd notified.",2023-06-24T19:04:00Z,33.9604,-118.3858,600.0,medium
2463,2023-06-24,Chicago,Illinois,"Prelim information (INFO) from federal aviation administration (FAA) af operations (OPS): chicago, il / unmanned aircraft systems (UAS) sighting/1628c/ord airport traffic control tower (ATCT) advised, a320, mco-ord, reported black unmanned aircraft systems (UAS) at the 9 of the clock position while northwest (NW) bound at 10,000 feet 17 se ord.No evasive action reported.Fbi notified.",2023-06-24T16:28:00Z,41.6667,-87.5833,10000.0,medium
2464,2023-06-25,Farmingdale,New york,"Prelim information (INFO) from federal aviation administration (FAA) operations (OPS): farmingdale, ny / unmanned aircraft systems (UAS) sighting/1039e/republic airport traffic control tower (ATCT) advised, piper p28a, frg-frg, reported a white unmanned aircraft systems (UAS) from the 12 of the clock position while S bound at 800 feet 1 S frg.No evasive action taken.Suffolk county pd aviation notified.",2023-06-25T10:39:00Z,40.7234,-73.4134,800.0,medium
2465,2023-06-25,Las vegas,Nevada,"Prelim information (INFO) from federal aviation administration (FAA) operations (OPS): las vegas, nv / unmanned aircraft systems (UAS) sighting/0820p/los angeles air route traffic control center (ARTCC) advised, piper p28r, reported red unmanned aircraft systems (UAS) at same altitude while sw bound at 8,500 feet 35 sw las.No evasive action reported.Leos not notified.",2023-06-25T20:20:00Z,35.708,-115.6245,8500.0,medium
2466,2023-06-25,White plains,New york,"Prelim information (INFO) from federal aviation administration (FAA) operations (OPS): white plains, ny / unmanned aircraft systems (UAS) sighting/1235e/new york terminal radar approach control (TRACON) advised, pilatus pc12, hpn-ack, reported a blue and white unmanned aircraft systems (UAS) while northwest (NW) bound at 3,500 feet 3 sw white plains.No evasive action taken.Westchester county sheriff notified.",2023-06-25T12:35:00Z,41.0267,-73.7623,3500.0,medium
2467,2023-06-25,Concord,New hampshire,"Prelim information (INFO) from federal aviation administration (FAA) af operations (OPS): concord, nh / unmanned aircraft systems (UAS) incident/1446e/boston terminal radar approach control facility (TRACON) advised, cessna c172, reported yellow and silver unmanned aircraft systems (UAS) at same altitude off left side at 1,900 feet 3 northwest (NW) concord. Pilot banked and descended 200 feet to avoid unmanned aircraft systems (UAS).Leo notification not provided.",2023-06-25T14:46:00Z,43.2269,-71.5639,1900.0,medium
2468,2023-06-25,Concord,New hampshire,"Close-out information (INFO) from federal aviation administration (FAA) operations (OPS): concord, nh / unmanned aircraft systems (UAS) incident/1446e/boston terminal radar approach control (TRACON) advised, cessna c172, new hampshire state pd notified.",2023-06-25T00:00:00Z,43.2081,-71.5376,0.0,medium
2469,2023-06-25,Morristown,New jersey,"Prelim information (INFO) from federal aviation administration (FAA) operations (OPS): morristown, nj / unmanned aircraft systems (UAS) sighting/1425e/ [reporting facility] advised, dassault fa7x, unkn-mmu, reported a unmanned aircraft systems (UAS) while sw bound between 2,000 and 3,000 feet 5 nautical mile (NM) no earlier (NE) mmu.No evasive action taken.Morristown pd notified.",2023-06-25T14:25:00Z,40.8651,-74.4824,2500.0,medium
2470,2023-06-25,Newark,New jersey,"Prelim information (INFO) from federal aviation administration (FAA) operations (OPS): newark, nj / unmanned aircraft systems (UAS) sighting/1540e/newark airport traffic control tower (ATCT) advised, b737, jaurez, mexico (MMMX)-ewr, reported an orange quadcopter unmanned aircraft systems (UAS) above the aircraft (ACFT) from the 8 of the clock position while sw bound at 2,200 feet 8 no earlier (NE) ewr.No evasive action taken. Arpt operations notified.",2023-06-25T15:40:00Z,40.6895,-74.1745,2200.0,medium
2471,2023-06-25,Dover,Delaware,"Prelim information (INFO) from federal aviation administration (FAA) operations (OPS): dover, de / unmanned aircraft systems (UAS) sighting/1631e/dover airport traffic control tower (ATCT) advised, c21, reported a black quadcopter unmanned aircraft systems (UAS) with a hanging camera while W bound at 2,000 feet 11 no earlier (NE) dov.No evasive action taken.Delaware state pd notified.",2023-06-25T16:31:00Z,39.1294,-75.4662,2000.0,medium
2472,2023-06-25,Seattle,Washington,"Prelim information (INFO) from federal aviation administration (FAA) operations (OPS): seattle, wa / unmanned aircraft systems (UAS) incident/1335p/seattle airport traffic control tower (ATCT) advised, b738, san-sea, reported a unmanned aircraft systems (UAS) at the 12 of the clock position while northwest (NW) bound at 7,000 feet 10 wsw sea. Acft slowed descent in response.Port of seattle pd notified.",2023-06-25T13:35:00Z,47.3833,-122.4167,7000.0,medium
2473,2023-06-25,Windsor locks,Connecticut,"Prelim information (INFO) from federal aviation administration (FAA) operations (OPS): windsor locks, ct / unmanned aircraft systems (UAS) sighting/1959e/bradley terminal radar approach control facility (TRACON) advised, c5, reported silver unmanned aircraft systems (UAS) at the 12 of the clock position while E bound at 13,000 feet 26 W bdl.No evasive action reported.Ct state pd notified.",2023-06-25T19:59:00Z,41.9388,-72.9483,13000.0,medium
2474,2023-06-25,San diego,California,"Prelim information (INFO) from federal aviation administration (FAA) operations (OPS): san diego, ca / unmanned aircraft systems (UAS) sighting/2005p/san diego airport traffic control tower (ATCT) advised, e75l, sfo-san, reported a black unmanned aircraft systems (UAS) from the 3 of the clock position while W bound at 2,000 feet 5 se san.No evasive action taken. Port of san diego pd notified.",2023-06-25T20:05:00Z,32.6833,-117.1333,2000.0,medium
2475,2023-06-26,Huntsville,Alabama,"Prelim information (INFO) from federal aviation administration (FAA) operations (OPS): huntsville, al / unmanned aircraft systems (UAS) sighting/1245c/memphis air route traffic control center (ARTCC) advised, 2/t38, reported silver unmanned aircraft systems (UAS) operating between both aircraft (ACFT) while at fl160 50 W hsv.No evasive action taken.Leo notification not reported.",2023-06-26T12:45:00Z,34.6372,-87.2253,16000.0,medium
2476,2023-06-26,Atlanta,Georgia,"Prelim information (INFO) from federal aviation administration (FAA) operations (OPS): atlanta, general aviation (GA) / unmanned aircraft systems (UAS) sighting/1349e/atlanta terminal radar approach control (TRACON) advised, a321, dca-atl, reported a black unmanned aircraft systems (UAS) 500 feet from their 2 of the clock position while W bound at 5,000 feet 15 E atl.No evasive action reported.Dekalb county sheriff notified.",2023-06-26T13:49:00Z,33.749,-84.1894,5000.0,medium
2477,2023-06-26,Camarillo,California,"Prelim information (INFO) from federal aviation administration (FAA) operations (OPS): camarillo, conflict alert (CA) / unmanned aircraft systems (UAS) sighting/1425p/point mugu air traffic control (ATC) advised, beech be35, trk-trk, reported a black and grey unmanned aircraft systems (UAS) 20 feet from the aircraft (ACFT) while at 7,000 feet 20 N cma.No evasive action taken.Leo notification not reported.",2023-06-26T14:25:00Z,34.3667,-119.0833,7000.0,medium
2478,2023-06-26,Camarillo,California,"Close-out information (INFO) from federal aviation administration (FAA) operations (OPS): camarillo, conflict alert (CA) / unmanned aircraft systems (UAS) incident/1435p/point mugu air traffic control (ATC) advised, beech be35, trk-trk, evasive action taken when pilot turned to avoid the unmanned aircraft systems (UAS).",2023-06-26T14:35:00Z,34.2138,-119.0948,0.0,medium
2479,2023-06-26,Glendale,Arizona,"Prelim information (INFO) from federal aviation administration (FAA) operations (OPS): glendale, az / unmanned aircraft systems (UAS) sighting/2100m/albuquerque air route traffic control center (ARTCC) advised, f35, reported a unmanned aircraft systems (UAS) sensor hit while W bound at 15,000 feet 75 W luf.No evasive action taken. Az department (DEPT) of public safety notified.",2023-06-26T21:00:00Z,33.5383,-113.4844,15000.0,medium
2480,2023-06-27,Tulsa,Oklahoma,"Prelim information (INFO) from federal aviation administration (FAA) operations (OPS): tulsa, ok / unmanned aircraft systems (UAS) sighting/1558c/tulsa airport traffic control tower (ATCT) advised, cirrus sr22, swo-tul, reported a unmanned aircraft systems (UAS) from the 3 of the clock position while S bound at 1,100 feet 1.5 N tul.No evasive action taken.Local leo notified.",2023-06-27T15:58:00Z,36.2181,-95.8872,1100.0,medium
2481,2023-06-27,Orlando,Florida,"Prelim information (INFO) from federal aviation administration (FAA) af operations (OPS): orlando, flight level (FL) / unmanned aircraft systems (UAS) sighting/1850e/kissimmee airport traffic control tower (ATCT) advised, piper pa18, reported several unmanned aircraft systems (UAS) while W bound at 500 feet 2.5 E ism.No evasive action taken.Osceola county sheriff notified.",2023-06-27T18:50:00Z,28.2897,-81.3992,500.0,medium
2482,2023-06-27,Los angeles,California,"Prelim information (INFO) from federal aviation administration (FAA) operations (OPS): los angeles, ca / unmanned aircraft systems (UAS) sighting/1711p/socal terminal radar approach control (TRACON) advised, bombardier cl30, lax-jac, reported a unmanned aircraft systems (UAS) from the 3 of the clock position while wsw bound at 11,500 feet 38 wsw lax.No evasive action reported. San bernardino air pd notified.",2023-06-27T17:11:00Z,33.5614,-118.9141,11500.0,medium
2483,2023-06-28,Teterboro,New jersey,"Prelim information (INFO) from federal aviation administration (FAA) operations (OPS): teterboro, nj / unmanned aircraft systems (UAS) sighting/1155e/teterboro airport traffic control tower (ATCT) advised, beech be40, reported a black and white unmanned aircraft systems (UAS) at 2,000 feet from the right side on 10 mile final runway 19 teb.No evasive action taken.Port authority pd notified.",2023-06-28T11:55:00Z,40.8501,-74.0608,2000.0,medium
2484,2023-06-28,Los alamitos,California,"Prelim information (INFO) from federal aviation administration (FAA) operations (OPS): los alamitos, ca / unmanned aircraft systems (UAS) sighting/1816p/socal terminal radar approach control (TRACON) advised, b772, ntaa-lax, observed a unmanned aircraft systems (UAS) while northwest bound at 7,000 feet, 8 sse los alamitos.No evasive action reported. Initial report by aircraft (ACFT) stated concern that an engine may have ingested the unmanned aircraft systems (UAS).Post-landing inspection revealed no damage.No leo notification provided.",2023-06-28T18:16:00Z,33.7224,-118.0222,7000.0,medium
2485,2023-06-28,Las vegas,Nevada,"Prelim information (INFO) from federal aviation administration (FAA) af operations (OPS): las vegas, nv / unmanned aircraft systems (UAS) sighting/1935p/las vegas terminal radar approach control (TRACON) advised, a321, dfw-las, reported a grey unmanned aircraft systems (UAS) from 100 feet below the 12 of the clock position while wsw bound at 10,000 feet 32 ene las.No evasive action taken. Las vegas metropolitan (METRO) pd notified.",2023-06-28T19:35:00Z,36.3667,-114.5833,10000.0,medium
2486,2023-06-29,Glendale,Arizona,"Prelim information (INFO) from federal aviation administration (FAA) operations (OPS): glendale, az / unmanned aircraft systems (UAS) sighting/1020m/glendale fct advised, pilatus pc24, slc-geu, reported a unmanned aircraft systems (UAS) at same altitude while S bound at 2,200 feet 1.5 se geu.No evasive action taken.Glendale pd notified.",2023-06-29T10:20:00Z,33.51667,-112.28333,2200.0,medium
2487,2023-06-29,New york,New york,"Prelim information (INFO) from federal aviation administration (FAA) operations (OPS): new york, ny / unmanned aircraft systems (UAS) sighting/1610e/jf kennedy airport traffic control tower (ATCT) advised, b789, warsaw, poland (EPWA)-jfk, reported a red unmanned aircraft systems (UAS) at same altitude from their 1 of the clock position while sw bound at 700 feet 1 no earlier (NE) jfk.No evasive action taken.Nypd aviation unit notified.",2023-06-29T16:10:00Z,40.6635,-73.7845,700.0,medium
2488,2023-06-29,Woodstown,New jersey,"Prelim information (INFO) from federal aviation administration (FAA) af operations (OPS): woodstown, nj / unmanned aircraft systems (UAS) sighting/1834e/philadelphia airport traffic control tower (ATCT) advised, a321, oranjestad, aruba (TNCA)-phl, reported unmanned aircraft systems (UAS) or balloon from the 11 of the clock position while nne bound at 8,000 feet 18 ese woodstown very high frequency omnidirectional range (VOR).No evasive action taken. Philadelphia airport (ARPT) pd notified.",2023-06-29T18:34:00Z,39.4833,-75.0667,8000.0,medium
2489,2023-06-29,Phoenix,Arizona,"Prelim information (INFO) from federal aviation administration (FAA) operations (OPS): phoenix, az / unmanned aircraft systems (UAS) sighting/1825m/phoenix airport traffic control tower (ATCT) advised, a321, msp-phx, reported a black unmanned aircraft systems (UAS) on approach (APCH) while W bound at 1,100 feet 3 E phx.No evasive action taken. Phoenix international (INTL) airport (ARPT) pd notified.",2023-06-29T18:25:00Z,33.4484,-111.9833,1100.0,medium
2490,2023-06-29,Portland,Oregon,"Prelim information (INFO) from federal aviation administration (FAA) operations (OPS): portland, or / unmanned aircraft systems (UAS) sighting/1938p/hillsboro airport traffic control tower (ATCT) advised, cessna c172, hio-hio, reported a unmanned aircraft systems (UAS) from the 7 of the clock position while northwest (NW) bound at 500 feet vcnty se hio.No evasive action taken.No leo notification.",2023-06-29T19:38:00Z,45.5395,-122.9492,500.0,medium
2491,2023-06-30,San jose,California,"Prelim information (INFO) from federal aviation administration (FAA) operations (OPS): san jose, ca / unmanned aircraft systems (UAS) sighting/1351p/oakland air route traffic control center (ARTCC) advised, gulfstream aerospace ga6c, reported metallic unmanned aircraft systems (UAS) 1,000 feet below aircraft (ACFT) while wsw bound at 14,000 feet 5 W san jose.No evasive action reported.Sunnyvale pd notified.",2023-06-30T13:51:00Z,37.3382,-122.0728,14000.0,medium
7787,2024-01-01,Miami,Florida,"Prelim information (INFO) from federal aviation administration (FAA) operations (OPS): miami, flight level (FL) / unmanned aircraft systems (UAS) sighting/0001e/miami airport traffic control tower (ATCT) advised, b39m, panama city, panama (MPTO)-mia, reported a unmanned aircraft systems (UAS) at the 3 of the clock position while W bound at 500 feet 1 E mia.No evasive action taken.Miami-dade pd notified.",2024-01-01T00:01:00Z,25.7932,-80.2906,500.0,medium
7788,2024-01-01,Fort worth,Texas,"Prelim information (INFO) from federal aviation administration (FAA) operations (OPS): fort worth, tx / unmanned aircraft systems (UAS) sighting/0015c/meacham airport traffic control tower (ATCT) advised, douglas dc3, ftw-ftw, reported a unmanned aircraft systems (UAS) while ese bound at 1,900 feet 8 ese ftw.No evasive action reported. Dallas-ft worth airport (ARPT) dps notified.",2024-01-01T00:15:00Z,32.7167,-97.2667,1900.0,medium
7789,2024-01-01,Bahamas,The bahamas,"Prelim information (INFO) from federal aviation administration (FAA) operations (OPS): bimini, bahamas / unmanned aircraft systems (UAS) sighting/0655e/miami air route traffic control center (ARTCC) advised, cessna c208, fll-governors harbour, bahamas (MYEN), reported a unmanned aircraft systems (UAS) at same altitude while E bound at 9,000 feet 7 E bimini vor collocated with tacan (VORTAC).No evasive action reported.No leo notified.",2024-01-01T06:55:00Z,25.7167,-79.1667,9000.0,medium
7790,2024-01-01,Miami,Florida,"Prelim information (INFO) from federal aviation administration (FAA) operations (OPS): miami, flight level (FL) / unmanned aircraft systems (UAS) sighting/1010e/mia advised, e55p, mia-hpn, reported a black unmanned aircraft systems (UAS) from the 3 of the clock while 4 W mia at 3,500 feet.No evasive action taken.Miami dade aviation pd notified.",2024-01-01T00:00:00Z,25.7932,-80.3397,3500.0,medium
7791,2024-01-01,Denver,Colorado,"Prelim information (INFO) from federal aviation administration (FAA) operations (OPS): denver, central office (CO) / unmanned aircraft systems (UAS) sighting/0945m/den airport traffic control tower (ATCT) advised, a21n, mexico city, mx-den, reported unauthorized unmanned aircraft systems (UAS) from 12 of the clock position while N bound at 6,000 feet.No evasive action taken.Local leos not notified.",2024-01-01T09:45:00Z,39.8561,-104.6737,6000.0,medium
7792,2024-01-01,Raleigh/durham,North carolina,"Prelim information (INFO) from federal aviation administration (FAA) operations (OPS): raleigh / durham, nc / unmanned aircraft systems (UAS) sighting/1405e/rdu advised, p28a, reported white quadcopter 9 N rdu at 3,000 feet.No evasive action taken.Local pd notified.",2024-01-01T14:05:00Z,36.0379,-78.9038,3000.0,medium
7793,2024-01-01,Raleigh/durham,North carolina,"Prelim information (INFO) from federal aviation administration (FAA) operations (OPS): raleigh / durham, nc / unmanned aircraft systems (UAS) sighting/1405e/rdu advised, p28a, reported white quadcopter 9 N rdu at 3,000 feet.No evasive action taken.Local pd notified.",2024-01-01T14:05:00Z,36.0379,-78.9038,3000.0,medium
7794,2024-01-01,Atlanta,Georgia,"Prelim information (INFO) from federal aviation administration (FAA) operations (OPS): atlanta, general aviation (GA) / unmanned aircraft systems (UAS) sighting/1444e/atlanta terminal radar approach control (TRACON) advised, crj9, sbn-atl, reported a large dark unmanned aircraft systems (UAS) from unkn clock position at 8,000 feet 8 no earlier (NE) atl.No evasive action taken.Local leo notified.",2024-01-01T00:00:00Z,33.749,-84.388,8000.0,medium
7795,2024-01-01,Miami,Florida,"Prelim information (INFO) from federal aviation administration (FAA) af operations (OPS): miami, flight level (FL) / unmanned aircraft systems (UAS) sighting/1714e/miami air route traffic control center (ARTCC) advised, a319, iah-mia, reported a grey unmanned aircraft systems (UAS) at the 9 of the clock position while E bound at 800 feet 1 sw miami.No evasive action reported.El portal village pd notified.",2024-01-01T00:00:00Z,25.7742,-80.2101,800.0,medium
7796,2024-01-01,New york,New york,"Prelim information (INFO) from federal aviation administration (FAA) operations (OPS): new york, ny / unmanned aircraft systems (UAS) sighting/1734e/laguardia airport traffic control tower (ATCT) advised, bell b206, reported a small unmanned aircraft systems (UAS) 300 feet above aircraft (ACFT) at 1,500 feet orbiting over empire state building.No evasive action taken.Nypd aviation unit notified.",2024-01-01T17:34:00Z,40.7484,-73.9857,1800.0,medium
7797,2024-01-02,Miami,Florida,"Prelim information (INFO) from federal aviation administration (FAA) operations (OPS): miami, flight level (FL) / unmanned aircraft systems (UAS) sighting/1031e/miami airport traffic control tower (ATCT) advised, b738, sat-mia, reported unmanned aircraft systems (UAS) from the 2 of the clock position while northwest (NW) bound at same altitude 4 ese mia.No evasive action taken.Miami pd notified.",2024-01-02T10:31:00Z,25.7617,-80.1518,1000.0,medium
7798,2024-01-02,Chicago,Illinois,"Prelim information (INFO) from federal aviation administration (FAA) operations (OPS): chicago, il / unmanned aircraft systems (UAS) sighting/1305c/chicago terminal radar approach control (TRACON) advised, b738, mco-ord, reported a unmanned aircraft systems (UAS) from the 9 of the clock position at 11,000 feet 45 no earlier (NE) ord.No evasive action taken.Law enforcement not notified.",2024-01-02T13:05:00Z,41.9742,-87.9073,11000.0,medium
7799,2024-01-02,Fort pierce,Florida,"Prelim information (INFO) from federal aviation administration (FAA) operations (OPS): fort pierce, flight level (FL) / unmanned aircraft systems (UAS) sighting/1400e/fort pierce airport traffic control tower (ATCT) advised, piper p28a, reported a unmanned aircraft systems (UAS) while N bound at 1,100 feet 1 wnw fpr.No evasive action taken.St lucie county sheriff notified.",2024-01-02T14:00:00Z,27.4975,-80.3786,1100.0,medium
7800,2024-01-02,Charleston,South carolina,"Prelim information (INFO) from federal aviation administration (FAA) operations (OPS): charleston, sc / unmanned aircraft systems (UAS) sighting/1331e/charleston tower advised, cirrus sr22, reported a unmanned aircraft systems (UAS) from the 6 of the clock position 12 S charleston executive at 2,000 feet.No evasive action taken. Airport operations (OPS) notified.",2024-01-02T13:31:00Z,32.5639,-80.2861,2000.0,medium
7801,2024-01-02,Charleston,South carolina,"Prelim information (INFO) from federal aviation administration (FAA) operations (OPS): charleston, sc / unmanned aircraft systems (UAS) sighting/1331e/charleston tower advised, cirrus sr22, reported a unmanned aircraft systems (UAS) from the 6 of the clock position 12 S charleston executive at 2,000 feet.No evasive action taken. Airport operations (OPS) notified.",2024-01-02T13:31:00Z,32.5644,-80.2856,2000.0,medium
7802,2024-01-02,Colorado springs,Colorado,"Prelim information (INFO) from federal aviation administration (FAA) af operations (OPS): colorado springs, central office (CO) / unmanned aircraft systems (UAS) sighting/1217m/colorado springs airport traffic control tower (ATCT) advised, experimental van's rv7, reported a small unmanned aircraft systems (UAS) while on eastern side of colorado springs airport (ARPT).No evasive action reported.El paso county sheriff notified.",2024-01-02T00:00:00Z,38.8058,-104.7,1217.0,medium
7803,2024-01-02,Atlanta,Georgia,"Prelim information (INFO) from federal aviation administration (FAA) operations (OPS): atlanta, general aviation (GA) / unmanned aircraft systems (UAS) sighting/1328e/atlanta terminal radar approach control facility (TRACON) advised, b738, rdu-atl, reported unmanned aircraft systems (UAS) from the 3 of the clock position while sw bound at 5,000 feet 15 northwest (NW) atl.No evasive action taken.Atlanta pd notified.",2024-01-02T13:28:00Z,33.9166,-84.6833,5000.0,medium
7804,2024-01-02,Washington,District of columbia,"Prelim information (INFO) from federal aviation administration (FAA) operations (OPS): washington, dc / unmanned aircraft systems (UAS) sighting/1654e/potomac terminal radar approach control (TRACON) advised, b738, reported unmanned aircraft systems (UAS) 400 feet above aircraft (ACFT) from the 12 of the clock position while E bound at 14,000 feet 15 sw dca.No evasive action taken.Fairfax county pd notified.",2024-01-02T16:54:00Z,38.7833,-77.2167,14400.0,medium
7805,2024-01-02,Tulsa,Oklahoma,"Prelim information (INFO) from federal aviation administration (FAA) operations (OPS): claremore, ok / unmanned aircraft systems (UAS) sighting/1816c/tulsa airport traffic control tower (ATCT) advised, cessna c182, gcm-gcm, reported a unmanned aircraft systems (UAS) while N bound at 1,800 feet 15 ene tul.No evasive action taken.Oklahoma highway patrol notified.",2024-01-02T18:16:00Z,36.2619,-95.5472,1800.0,medium
7806,2024-01-02,Tulsa,Oklahoma,"Correction information (INFO) (LOCATION) from federal aviation administration (FAA) operations (OPS): tulsa, ok / unmanned aircraft systems (UAS) sighting/1816c/tulsa airport traffic control tower (ATCT) advised, cessna c182, gcm-gcm, reported a unmanned aircraft systems (UAS) while N bound at 1,800 feet 15 ene tul.No evasive action taken.Oklahoma highway patrol notified.",2024-01-02T00:00:00Z,36.2583,-95.6636,1800.0,medium
7807,2024-01-03,San juan,Pr,"Prelim information (INFO) from federal aviation administration (FAA) af operations (OPS): san juan, pr / unmanned aircraft systems (UAS) sighting/2040l/san juan center radar approach control (CERAP) advised, c130, reported a unmanned aircraft systems (UAS) at taxiway (TWY) s7 vcnty sju.No evasive action taken. Pilot reported unmanned aircraft systems (UAS) flew se towards air national guard (ANG) ramp. San juan pd notified.",2024-01-03T20:40:00Z,18.4389,-66.0019,0.0,medium
7808,2024-01-04,Hampton,Virginia,"Prelim information (INFO) from federal aviation administration (FAA) af operations (OPS): hampton, va / unmanned aircraft systems (UAS) sighting/1100e/norfolk airport traffic control tower (ATCT) advised, f22, reported a gold unmanned aircraft systems (UAS) 200 feet from aircraft (ACFT) while S bound at 2,500 feet 2 W lfi.No evasive action taken.Hampton pd notified.",2024-01-04T11:00:00Z,37.0821,-76.3866,2500.0,medium
7809,2024-01-05,San juan,Puerto rico,"Prelim information (INFO) from federal aviation administration (FAA) operations (OPS): san juan, puerto rico / unmanned aircraft systems (UAS) sighting/0829l/san juan center radar approach control (CERAP) advised, a321, mco-san juan, puerto rico (SJU), reported a unmanned aircraft systems (UAS)-balloon at same altitude from their 3 of the clock position while ese bound at 2,000 feet 9 W sju.No evasive action taken. San juan airport (ARPT) pd notified.",2024-01-05T08:29:00Z,18.4233,-66.1775,2000.0,medium
7810,2024-01-05,Robbinsville,New jersey,"Prelim information (INFO) from federal aviation administration (FAA) operations (OPS): robbinsville, nj / unmanned aircraft systems (UAS) sighting/1522e/atlantic city airport traffic control tower (ATCT) advised, cessna c172, reported a white unmanned aircraft systems (UAS) from the 12 of the clock position while se bound at 3,000 feet 5 S robbinsville vor collocated with tacan (VORTAC) (RBV).No evasive action taken.Jackson twsp pd notified.",2024-01-05T15:22:00Z,40.1397,-74.4958,3000.0,medium
7811,2024-01-05,New york,New york,"Prelim information (INFO) from federal aviation administration (FAA) operations (OPS): new york, ny / unmanned aircraft systems (UAS) sighting/1530e/jfk airport traffic control tower (ATCT) advised, a21n, london, england (EGLL)-jfk, reported a grey unmanned aircraft systems (UAS) at the 9 of the clock position while W bound at 600 feet 1 E jfk.No evasive action reported. Arpt pd notified.",2024-01-05T15:30:00Z,40.6413,-73.7664,600.0,medium
7812,2024-01-05,Farmingdale,New york,"Prelim information (INFO) from federal aviation administration (FAA) af operations (OPS): farmingdale, ny / unmanned aircraft systems (UAS) sighting/1703e/farmingdale airport traffic control tower (ATCT) advised, cessna c750, fok-frg, reported two white unmanned aircraft systems (UAS) while W bound at 1,500 feet 1 N farmingdale.No evasive action reported.Leos notified.",2024-01-05T00:00:00Z,40.7368,-73.4279,1500.0,medium
7813,2024-01-05,Baltimore,Maryland,"Prelim information (INFO) from federal aviation administration (FAA) af operations (OPS): baltimore, md / unmanned aircraft systems (UAS) sighting/1755e/baltimore airport traffic control tower (ATCT) advised, helo, reported a unmanned aircraft systems (UAS) while N bound at 1,200 feet 5 W bwi.No evasive action taken.Howard county sheriff notified.",2024-01-05T17:55:00Z,39.1758,-76.7967,1200.0,medium
7814,2024-01-06,New orleans,Louisiana,"Prelim information (INFO) from federal aviation administration (FAA) operations (OPS): new orleans, la / unmanned aircraft systems (UAS) sighting/0805c/new orleans airport traffic control tower (ATCT) advised, diamond da40, new-new, reported a gray unmanned aircraft systems (UAS) 50 feet from the 9 of the clock position while N bound at 600 feet.5 S new.No evasive action taken.New orleans pd notified.",2024-01-06T08:05:00Z,29.9311,-90.1283,600.0,medium
7815,2024-01-06,New york,New york,"Prelim information (INFO) from federal aviation administration (FAA) operations (OPS): new york, ny / unmanned aircraft systems (UAS) sighting/1445e/laguardia airport traffic control tower (ATCT) advised, e75s, montreal, canada (CYUL)-lga, reported a black unmanned aircraft systems (UAS) while no earlier (NE) bound at 1,000 feet 2 sw lga.No evasive action taken.New york pd notified.",2024-01-06T14:45:00Z,40.7589,-73.8925,1000.0,medium
7816,2024-01-06,San antonio,Texas,"Prelim information (INFO) from federal aviation administration (FAA) operations (OPS): san antonio, tx / unmanned aircraft systems (UAS) sighting/1535c/san antonio airport traffic control tower (ATCT) advised, beech be36, sat-hdo, reported a dark-blue unmanned aircraft systems (UAS) while sw bound at 5,000 feet 10 sw sat.No evasive action taken. San antonio pd notified.",2024-01-06T15:35:00Z,29.2667,-98.5833,5000.0,medium
7817,2024-01-07,Chicago,Illinois,"Prelim information (INFO) from federal aviation administration (FAA) af operations (OPS): chicago, il / unmanned aircraft systems (UAS) sighting/1818c/chicago terminal radar approach control (TRACON) advised, b738, rsw-ord, reported a unmanned aircraft systems (UAS) from the 3 of the clock position while W bound at 3,500 feet 7 E ord.No evasive action taken.Fbi notified.",2024-01-07T18:18:00Z,41.9742,-87.8284,3500.0,medium
7818,2024-01-08,Farmingdale,New york,"Prelim information (INFO) from federal aviation administration (FAA) af operations (OPS): farmingdale, ny / unmanned aircraft systems (UAS) sighting/1150e/republic airport traffic control tower (ATCT) advised, piper p28a, reported a unmanned aircraft systems (UAS) from the 2 of the clock position while se bound at 1,000 feet 1 E frg.No evasive action taken. Arpt operations (OPS) notified.",2024-01-08T11:50:00Z,40.7284,-73.3978,1000.0,medium
7819,2024-01-10,Oklahoma city,Oklahoma,"Prelim information (INFO) from federal aviation administration (FAA) operations (OPS): oklahoma city, ok / unmanned aircraft systems (UAS) sighting/1419c/oklahoma city airport traffic control tower (ATCT) advised, b38m, aus-okc, reported a white unmanned aircraft systems (UAS) from the 1 of the clock position while S bound at 1,600 feet 2 E okc.No evasive maneuvers reported.Oklahoma city pd notified.",2024-01-10T14:19:00Z,35.3939,-97.5708,1600.0,medium
7820,2024-01-10,El paso,Texas,"Prelim information (INFO) from federal aviation administration (FAA) operations (OPS): el paso, tx / unmanned aircraft systems (UAS) sighting/1638m/el paso airport traffic control tower (ATCT) advised, experimental van's rv8, reported a unmanned aircraft systems (UAS) 100 feet below from the 7 of the clock position while northwest (NW) bound at 5,000 feet 5 northwest (NW) elp.No evasive action taken.Leo notification not reported.",2024-01-10T16:38:00Z,31.8491,-106.4396,5000.0,medium
7821,2024-01-11,Dallas,Texas,"Prelim information (INFO) from federal aviation administration (FAA) operations (OPS): dallas, tx / unmanned aircraft systems (UAS) sighting/0547c/dallas love airport traffic control tower (ATCT) advised, bell b429, reported an orange unmanned aircraft systems (UAS) while nne bound at 600 feet 40 E dal.No evasive maneuvers taken.Dfw dps notified.",2024-01-11T05:47:00Z,32.9667,-96.2667,600.0,medium
7822,2024-01-11,Las vegas,Nevada,"Prelim information (INFO) from federal aviation administration (FAA) operations (OPS): las vegas, nv / unmanned aircraft systems (UAS) sighting/1710p/las vegas terminal radar approach control facility (TRACON) advised, a20n, las-den, reported a unmanned aircraft systems (UAS) from the 10 of the clock position while E bound at 4,900 feet 6 no earlier (NE) las.No evasive action reported. Las vegas metropolitan (METRO) pd notified.",2024-01-11T17:10:00Z,36.2146,-115.1728,4900.0,medium
7823,2024-01-12,Burbank,California,"Prelim information (INFO) from federal aviation administration (FAA) operations (OPS): burbank, conflict alert (CA) / unmanned aircraft systems (UAS) sighting/1000p/socal terminal radar approach control (TRACON) advised, piper p28a, reported a gold unmanned aircraft systems (UAS) at the 12 of the clock position while sw bound at 6,500 feet 4 ssw bur.No evasive action taken. Los angeles county air unit notified.",2024-01-12T22:00:00Z,34.1683,-118.3636,6500.0,medium
7824,2024-01-12,Fort lauderdale,Florida,"Prelim information (INFO) from federal aviation administration (FAA) af operations (OPS): fort lauderdale, flight level (FL) / unmanned aircraft systems (UAS) sighting/1802e/fort lauderdale advised, a320, fll-pit, reported a unmanned aircraft systems (UAS) from the 2 of the clock position while northwest (NW) bound at 2,000 feet 3 W fll.No evasive action taken.Bso notified.",2024-01-12T18:02:00Z,26.0792,-80.209,2000.0,medium
7825,2024-01-12,Fort lauderdale,Florida,"Prelim information (INFO) from federal aviation administration (FAA) operations (OPS): fort lauderdale, flight level (FL) / unmanned aircraft systems (UAS) sighting/1805e/miami approach (APCH) advised, a320, fll-cvg, reported a gray and black unmanned aircraft systems (UAS) from the 9 of the clock position while E bound at 2,000 feet 3 wnw fll.No evasive action taken.Broward county sheriff notified.",2024-01-12T18:05:00Z,26.0833,-80.2167,2000.0,medium
7826,2024-01-12,Denver,Colorado,"Prelim information (INFO) from federal aviation administration (FAA) operations (OPS): denver, central office (CO) / unmanned aircraft systems (UAS) sighting/1635m/denver terminal radar approach control (TRACON) advised, a21n, ont-den, reported a unmanned aircraft systems (UAS) while N bound at 8,000 feet 10 S den.No evasive action taken. Denver airport (ARPT) pd notified.",2024-01-12T16:35:00Z,39.6617,-104.8772,8000.0,medium
7827,2024-01-13,Dallas-fort worth,Texas,"Prelim information (INFO) from federal aviation administration (FAA) af operations (OPS): dallas-fort worth, tx / unmanned aircraft systems (UAS) sighting/1115c/dallas-fort worth terminal radar approach control facility (TRACON) advised, crj9, shv-dfw, reported a small black unmanned aircraft systems (UAS) at the 10 of the clock position while sw bound at 4,500 feet 15 nne dfw.No evasive action taken. Dfw airport (ARPT) dps notified.",2024-01-13T11:15:00Z,33.0683,-96.9183,4500.0,medium
7828,2024-01-13,Salt lake city,Utah,"Prelim information (INFO) from federal aviation administration (FAA) operations (OPS): salt lake city, ut / unmanned aircraft systems (UAS) sighting/0810m/salt lake city terminal radar approach control (TRACON) advised, bcs3, slc-stl, reported a grey unmanned aircraft systems (UAS) from the 1 of the clock position while nnw bound at 7,000 feet 11 S wasatch very high frequency omnidirectional range (VOR).No evasive action taken. Salt lake city airport (ARPT) pd notified.",2024-01-13T08:10:00Z,40.5833,-111.9667,7000.0,medium
7829,2024-01-13,Fort lauderdale,Florida,"Prelim information (INFO) from federal aviation administration (FAA) operations (OPS): fort lauderdale, flight level (FL) / unmanned aircraft systems (UAS) sighting/1110e/fort lauderdale airport traffic control tower (ATCT) advised, b752, ewr-fll, reported a white and orange unmanned aircraft systems (UAS) while W bound at 2,000 feet 6 E fll.No evasive action taken.Local leo notified.",2024-01-13T11:10:00Z,26.0725,-80.0528,2000.0,medium
7830,2024-01-13,Pomona,California,"Prelim information (INFO) from federal aviation administration (FAA) operations (OPS): pomona, conflict alert (CA) / unmanned aircraft systems (UAS) sighting/1240p/socal terminal radar approach control facility (TRACON) advised, mooney m20j, cma-chief operating officer, air traffic organization (AJO), reported twin copter unmanned aircraft systems (UAS) from the 12 of the clock position while S bound at 2,000 feet 14 S pom.No evasive action taken.Local leo not notified.",2024-01-13T12:40:00Z,33.9075,-117.7644,2000.0,medium
7831,2024-01-13,Colorado springs,Colorado,"Prelim information (INFO) from federal aviation administration (FAA) operations (OPS): colorado springs, co / unmanned aircraft systems (UAS) incident/1704m/colorado springs airport traffic control tower (ATCT) advised, piper p28a, cos-cos, reported a unmanned aircraft systems (UAS) from the 4 of the clock position while N bound at 9,500 feet 7 no earlier (NE) fly. Pilot made turn to avoid unmanned aircraft systems (UAS).Local leos notified.",2024-01-13T00:00:00Z,38.8053,-104.7,9500.0,medium
7832,2024-01-14,Miami,Florida,"Prelim information (INFO) from federal aviation administration (FAA) af operations (OPS): miami, flight level (FL) / unmanned aircraft systems (UAS) sighting/1015e/miami airport traffic control tower (ATCT) advised, gulfstream g150, kingston, jamaica (MKJP)-mia, reported a red unmanned aircraft systems (UAS) above aircraft (ACFT) while wnw bound at 7,500 feet 5 N mia.No evasive action taken.Miami-dade pd notified.",2024-01-14T10:15:00Z,25.8521,-80.3074,7500.0,medium
7833,2024-01-14,Los angeles,California,"Prelim information (INFO) from federal aviation administration (FAA) operations (OPS): los angeles, ca / unmanned aircraft systems (UAS) sighting/1050p/socal terminal radar approach control (TRACON) advised, b738, msp-lax, reported a unmanned aircraft systems (UAS) from the 9 of the clock position while wsw bound at 3,400 feet 10 ene lax.No evasive action taken.Los angeles county sheriff notified.",2024-01-14T22:50:00Z,34.0522,-118.2437,3400.0,medium
7834,2024-01-14,New york,New york,"Prelim information (INFO) from federal aviation administration (FAA) operations (OPS): new york, ny / unmanned aircraft systems (UAS) sighting/1557e/la guardia airport traffic control tower (ATCT) advised, crj9, clt-lga, observed a unmanned aircraft systems (UAS) on left side while northwest bound at 1,900 feet, 5 se lga.No injuries reported.No leo notification provided.",2024-01-14T15:57:00Z,40.7128,-73.8594,1900.0,medium
7835,2024-01-14,New york,New york,"(correction to flight number) prelim information (INFO) from federal aviation administration (FAA) af operations (OPS): new york, ny / unmanned aircraft systems (UAS) sighting/1557e/la guardia airport traffic control tower (ATCT) advised, crj9, clt-lga, observed a unmanned aircraft systems (UAS) on left side while northwest bound at 1,900 feet, 5 se lga.No injuries reported.No leo notification provided.",2024-01-14T15:57:00Z,40.7128,-73.8594,1900.0,medium
7836,2024-01-14,Los angeles,California,"Prelim information (INFO) from federal aviation administration (FAA) operations (OPS): los angeles, ca / unmanned aircraft systems (UAS) sighting/1300p/los angeles air route traffic control center (ARTCC) advised, a321, lax-vancouver, canada (CYVR), reported a unmanned aircraft systems (UAS) 100 feet from aircraft (ACFT) while northwest (NW) bound at 10,000 feet 10 W lax.No evasive action taken.Los angeles pd notified.",2024-01-14T21:00:00Z,33.9425,-118.5681,10000.0,medium
7837,2024-01-14,Las vegas,Nevada,"Prelim information (INFO) from federal aviation administration (FAA) operations (OPS): las vegas, nv / unmanned aircraft systems (UAS) sighting/1326p/north las vegas airport traffic control tower (ATCT) advised, diamond da40, vgt-vgt, reported a silver unmanned aircraft systems (UAS) while N bound at 2,800 feet 2 N vgt.No evasive actions taken. Las vegas metropolitan (METRO) pd notified.",2024-01-14T13:26:00Z,36.2291,-115.1965,2800.0,medium
7838,2024-01-14,Daytona beach,Florida,"Prelim information (INFO) from federal aviation administration (FAA) operations (OPS): daytona beach, flight level (FL) / unmanned aircraft systems (UAS) sighting/2107e/daytona beach airport traffic control tower (ATCT) advised, cessna c152, crg-dab, reported a unmanned aircraft systems (UAS) with a blue light at the 9 of the clock position while S bound at 3,000 feet 1 wsw dab.No evasive action taken.Volusia county sheriff notified.",2024-01-14T21:07:00Z,29.1794,-81.0729,3000.0,medium
7839,2024-01-15,Boston,Massachusetts,"Prelim information (INFO) from federal aviation administration (FAA) operations (OPS): boston, ma / unmanned aircraft systems (UAS) sighting/1520e/boston air route traffic control center (ARTCC) advised, b77w, paris, france (LFPG)-bos, reported a medium black unmanned aircraft systems (UAS) from the 12 of the clock position while wsw bound at 16,000 feet 58 ene bos.No evasive action taken.Leo notification not reported.",2024-01-15T15:20:00Z,42.9167,-69.8333,16000.0,medium
7840,2024-01-17,Las vegas,Nevada,"Prelim information (INFO) from federal aviation administration (FAA) operations (OPS): las vegas, nv / unmanned aircraft systems (UAS) sighting/1841p/las vegas airport traffic control tower (ATCT) advised, helo, las-las, reported a unmanned aircraft systems (UAS) while S bound at 2,600 feet 1 N las.No evasive action taken.No leo notification reported.",2024-01-17T18:41:00Z,36.084,-115.1537,2600.0,medium
7841,2024-01-18,Louisville,Kentucky,"Prelim information (INFO) from federal aviation administration (FAA) af operations (OPS): louisville, ky / unmanned aircraft systems (UAS) sighting/1521e/bowman airport traffic control tower (ATCT) advised, cessna c172, lou-lou, reported a white unmanned aircraft systems (UAS) while sw bound at 900 feet 1 wsw lou.No evasive action taken.Leo notification not reported.",2024-01-18T15:21:00Z,38.2241,-85.6788,900.0,medium
7842,2024-01-18,Fort lauderdale,Florida,"Prelim information (INFO) from federal aviation administration (FAA) af operations (OPS): fort lauderdale, flight level (FL) / unmanned aircraft systems (UAS) sighting/1540e/fort lauderdale airport traffic control tower (ATCT) advised, a320, montego bay, jamaica (MKJS)-fll, reported a unmanned aircraft systems (UAS) from the 9 of the clock position while E bound at 400 feet 1 W fll.No evasive action taken.Broward county sheriff notified.",2024-01-18T15:40:00Z,26.0725,-80.1728,400.0,medium
7843,2024-01-18,Las vegas,Nevada,"Prelim information (INFO) from federal aviation administration (FAA) operations (OPS): las vegas, nv / unmanned aircraft systems (UAS) incident/1445p/north las vegas airport traffic control tower (ATCT) advised, helo, reported a white unmanned aircraft systems (UAS) while northwest (NW) bound at 3,000 feet 12 nnw las. Pilot made evasive maneuvers to avoid the unmanned aircraft systems (UAS). Clark county metropolitan (METRO) pd notified.",2024-01-18T14:45:00Z,36.3167,-115.3167,3000.0,medium
7844,2024-01-20,Miami,Florida,"Prelim information (INFO) from federal aviation administration (FAA) operations (OPS): miami, flight level (FL) / unmanned aircraft systems (UAS) sighting/0757e/tamiami airport traffic control tower (ATCT) advised, cessna c25b, ptk-tmb, reported white quadcopter unmanned aircraft systems (UAS) 100 feet above aircraft (ACFT) from the three of the clock position while W bound at 2,000 feet 3 S tmb.No evasive action taken.Miami pd notified.",2024-01-20T07:57:00Z,25.6333,-80.4333,2100.0,medium
7845,2024-01-21,Orlando,Florida,"Prelim information (INFO) from federal aviation administration (FAA) af operations (OPS): orlando, flight level (FL) / unmanned aircraft systems (UAS) sighting/1245e/orlando airport traffic control tower (ATCT) advised, bombardier cl30, dal-orl, reported white unmanned aircraft systems (UAS) while E bound on 4 mile final for runway 7 while over stadiums.No evasive action taken.Orange county pd notified.",2024-01-21T12:45:00Z,28.4311,-81.3081,1000.0,medium
7846,2024-01-22,New york,New york,"Prelim information (INFO) from federal aviation administration (FAA) operations (OPS): new york, ny / unmanned aircraft systems (UAS) sighting/1240e/la guardia airport traffic control tower (ATCT) advised, crj9, cvg-lga, reported a white unmanned aircraft systems (UAS) from the 3 of the clock position while sw bound at 700 feet 2 no earlier (NE) lga.No evasive action taken.New york pd notified.",2024-01-22T12:40:00Z,40.79,-73.87,700.0,medium
7847,2024-01-22,Seattle,Washington,"Prelim information (INFO) from federal aviation administration (FAA) operations (OPS): seattle, wa / unmanned aircraft systems (UAS) incident/late report-1809p/w-regional operations center (ROC) advised, cessna c172, bfi-bfi, reported a possible unmanned aircraft systems (UAS) strike while se bound at unkn altitude on a short final to runway 14l. Pic reported multiple paint chips, scrapes, and dents to the trailing edge of the left aileron.No snarge found. No description provided of possible unmanned aircraft systems (UAS).2 pob.No injuries reported.Damage: minor.Leo notification not provided.",2024-01-22T18:09:00Z,47.5299,-122.3017,500.0,medium
7848,2024-01-22,Columbus,Ohio,"Prelim information (INFO) from federal aviation administration (FAA) operations (OPS): columbus, oh / unmanned aircraft systems (UAS) incident/2217e/columbus approach (APCH) advised, md helicopters h500, reported taking evasive action to avoid a unmanned aircraft systems (UAS) at the 3 of the clock position while northwest (NW) bound at 1,400 feet 4 wnw cmh.Columbus pd ground units were notified.",2024-01-22T22:17:00Z,40.0103,-83.0678,1400.0,medium
7849,2024-01-23,Fort lauderdale,Florida,"Prelim information (INFO) from federal aviation administration (FAA) operations (OPS): fort lauderdale, flight level (FL) / unmanned aircraft systems (UAS) sighting/1554e/fort lauderdale airport traffic control tower (ATCT) advised, a321, lga-fll, reported a black unmanned aircraft systems (UAS) at 1,800 feet while on final approach for runway 10l fll.No evasive action taken.Broward county sheriff notified.",2024-01-23T15:54:00Z,26.072583,-80.15275,1800.0,medium
7850,2024-01-23,Fort lauderdale,Florida,"Prelim information (INFO) from federal aviation administration (FAA) operations (OPS): fort lauderdale, flight level (FL) / unmanned aircraft systems (UAS) sighting/1602e/fort lauderdale airport traffic control tower (ATCT) advised, b38m, toronto, canada (CYYZ)-fll, reported a red and white unmanned aircraft systems (UAS) at 2,100 feet while on final approach (APCH) for runway 10l fll.No evasive action taken.Broward county sheriff notified.",2024-01-23T16:02:00Z,26.072583,-80.15275,2100.0,medium
7851,2024-01-23,Sacramento,California,"Prelim information (INFO) from federal aviation administration (FAA) af operations (OPS): sacramento, ca / unmanned aircraft systems (UAS) sighting/1645p/norcal terminal radar approach control (TRACON) advised, gippsaero ga8, reported a unmanned aircraft systems (UAS) at the 1 of the clock position while W bound at 1,600 feet 9 nnw maintenance control center (MCC).No evasive action taken.Placer county sheriff notified.",2024-01-23T16:45:00Z,38.7844,-121.5108,1600.0,medium
7852,2024-01-24,San diego,California,"Prelim information (INFO) from federal aviation administration (FAA) operations (OPS): san diego, ca / unmanned aircraft systems (UAS) sighting/0648p/san diego airport traffic control tower (ATCT) advised, bell b206, reported a black unmanned aircraft systems (UAS) while N bound at 1,500 feet 7 E san.No evasive action taken. San pd notified.",2024-01-24T18:48:00Z,32.7338,-116.9397,1500.0,medium
7853,2024-01-25,La verne,California,"Prelim information (INFO) from federal aviation administration (FAA) af operations (OPS): la verne, conflict alert (CA) / unmanned aircraft systems (UAS) sighting/1345p/brackett airport traffic control tower (ATCT) advised, cessna c172, reported grey and white unmanned aircraft systems (UAS) from the 9 of the clock position while E bound at 1,700 feet 5 W point-of-contact (POC).No evasive action taken.No leo notification reported.",2024-01-25T21:45:00Z,34.0961,-117.8878,1700.0,medium
7854,2024-01-27,Los angeles,California,"Prelim information (INFO) from federal aviation administration (FAA) operations (OPS): los angeles, ca / unmanned aircraft systems (UAS) sighting/1340p/los angeles approach (APCH) advised, b772, hounslow, united kingdom (EGLL)-lax, reported a unmanned aircraft systems (UAS) from the 3 of the clock position while W bound at 4,500 feet 13 ene lax.No evasive action taken. La county pd air division notified.",2024-01-27T21:40:00Z,34.0522,-118.2437,4500.0,medium
7855,2024-01-28,Phoenix,Arizona,"Prelim information (INFO) from federal aviation administration (FAA) operations (OPS): phoenix, az / unmanned aircraft systems (UAS) sighting/1250m/phoenix terminal radar approach control (TRACON) advised, b38m, phx-sat, reported a unmanned aircraft systems (UAS) from the 12 of the clock position while ese bound at 5,500 feet 8 ese phoenix vor collocated with tacan (VORTAC) (PXR).No evasive action taken. Phoenix airport (ARPT) pd notitifed at.",2024-01-28T12:50:00Z,33.3333,-111.8333,5500.0,medium
7856,2024-01-28,Orlando,Florida,"Prelim information (INFO) from federal aviation administration (FAA) af operations (OPS): orlando, flight level (FL) / unmanned aircraft systems (UAS) sighting/1650e/orlando airport traffic control tower (ATCT) advised, cessna c172, reported a unmanned aircraft systems (UAS) at the 5 of the clock position while W bound at 1,100 feet 3 wnw orl.No evasive action taken.Orange county sheriff notified.",2024-01-28T16:50:00Z,28.4502,-81.3839,1100.0,medium
7857,2024-01-28,Portland,Oregon,"Prelim information (INFO) from federal aviation administration (FAA) operations (OPS): portland, or / unmanned aircraft systems (UAS) sighting/1634p/hillsboro airport traffic control tower (ATCT) advised, cessna c152, hio-hio, reported a unmanned aircraft systems (UAS) while northwest (NW) bound at 200 feet 1 se hio.No evasive action taken.Hillsboro pd notified.",2024-01-28T16:34:00Z,45.53333,-122.94167,200.0,medium
7858,2024-01-29,Houston,Texas,"Prelim information (INFO) from federal aviation administration (FAA) operations (OPS): houston, tx / unmanned aircraft systems (UAS) sighting/1905c/hobby airport traffic control tower (ATCT) advised, helo, unkn-unkn, reported a unmanned aircraft systems (UAS) while N bound at 400 feet 7 wnw hou.No evasive action taken.Houston pd notified.",2024-01-29T19:05:00Z,29.7246,-95.4778,400.0,medium
7859,2024-01-30,Phoenix,Arizona,"Prelim information (INFO) from federal aviation administration (FAA) operations (OPS): phoenix, az / unmanned aircraft systems (UAS) incident/1706m/deer valley airport traffic control tower (ATCT) advised, piper p28a, dvt-dvt, reported a unmanned aircraft systems (UAS) from the 2 oâ€™clock position while E bound at 2,500 feet 2 northwest (NW) dvt. Controller climbed aircraft (ACFT) in downwind to 3,000 feet to avoid unmanned aircraft systems (UAS).Phoenix pd notified.",2024-01-30T00:00:00Z,33.7033,-112.1031,2500.0,medium
7860,2024-01-31,Las vegas,Nevada,"Prelim information (INFO) from federal aviation administration (FAA) operations (OPS): las vegas, nv / unmanned aircraft systems (UAS) sighting/1302p/las vegas terminal radar approach control (TRACON) advised, bombardier gl5t, las-sfo, reported a unmanned aircraft systems (UAS) from the 1 of the clock position while W bound at 13,000 feet 23 sw las.No evasive action taken.Leo notification not reported.",2024-01-31T13:02:00Z,35.8089,-115.6042,13000.0,medium
7861,2024-01-31,Glendale,Arizona,"Prelim information (INFO) from federal aviation administration (FAA) operations (OPS): glendale, az / unmanned aircraft systems (UAS) sighting/2037m/luke air force base (AFB) advised, f35, luf-luf, reported a red unmanned aircraft systems (UAS) with a red stationary blinking light between 6,000-7, 000 feet 15 sw luf.No evasive action taken.Office of special investigations command post notified.",2024-01-31T20:37:00Z,33.4667,-112.5167,6500.0,medium
7862,2024-02-01,Atlanta,Georgia,"Prelim information (INFO) from federal aviation administration (FAA) operations (OPS): atlanta, general aviation (GA) / unmanned aircraft systems (UAS) sighting/0823e/atlanta terminal radar approach control (TRACON) advised, b752, msy-atl, reported a green unmanned aircraft systems (UAS) off right side while E bound at 9,800 feet 5 ese atl.No evasive action taken.Spalding county sheriff notified.",2024-02-01T00:23:00Z,33.6164,-84.3548,9800.0,medium
7863,2024-02-01,New braunfels,Texas,"Prelim information (INFO) from federal aviation administration (FAA) operations (OPS): new braunfels, transmitter (TX) / unmanned aircraft systems (UAS) sighting/1235c/new braunfels fct advised, remos g3, reported a unmanned aircraft systems (UAS) with a green light while S bound at 1,600 feet 1 S baz.No evasive action taken.New braunfels pd notified.",2024-02-01T12:35:00Z,29.6969,-98.1256,1600.0,medium
7864,2024-02-01,Baltimore,Maryland,"Prelim information (INFO) from federal aviation administration (FAA) af operations (OPS): baltimore, md / unmanned aircraft systems (UAS) incident/2008e/baltimore airport traffic control tower (ATCT) advised, helo, reported unmanned aircraft systems (UAS) while wnw bound at 500 feet 4 no earlier (NE) bwi.No evasive action taken.Leos were notified.",2024-02-01T00:00:00Z,39.1754,-76.6983,500.0,medium
7865,2024-02-02,San jose,California,"Prelim information (INFO) from federal aviation administration (FAA) operations (OPS): san jose, ca / unmanned aircraft systems (UAS) sighting/1208p/norcal terminal radar approach control (TRACON) advised, bombardier cl35, reported unmanned aircraft systems (UAS) pass 1,000 feet beneath aircraft (ACFT) while W bound at 3,000 feet vcnty san jose.No evasive action reported. San jose pd notified.",2024-02-02T12:08:00Z,37.3639,-121.9289,3000.0,medium
7866,2024-02-03,Tampa,Florida,"Prelim information (INFO) from federal aviation administration (FAA) af operations (OPS): tampa, flight level (FL) / unmanned aircraft systems (UAS) sighting/1152e/tampa airport traffic control tower (ATCT) advised, a321, phl-tpa, reported red and black unmanned aircraft systems (UAS) while S bound at 4,000 feet 11 sse tpa.No evasive action taken.Tampa fbi notified.",2024-02-03T11:52:00Z,27.7753,-82.4133,4000.0,medium
7867,2024-02-03,Tallahassee,Florida,"Prelim information (INFO) from federal aviation administration (FAA) operations (OPS): tallahassee, flight level (FL) / unmanned aircraft systems (UAS) sighting/1451e/tallahassee approach (APCH) advised, cessna t210, reported a silver unmanned aircraft systems (UAS) off left side 500 feet below while E bound at 7,000 feet 12 S tlh.No evasive action taken.Wakulla county sheriff notified.",2024-02-03T14:51:00Z,30.2166,-84.3575,7000.0,medium
7868,2024-02-03,Trenton,New jersey,"Prelim information (INFO) from federal aviation administration (FAA) operations (OPS): trenton, nj / unmanned aircraft systems (UAS) sighting/1617e/trenton airport traffic control tower (ATCT) advised, cessna c172, reported a white unmanned aircraft systems (UAS) while ene bound at 2,000 feet 1.5 no earlier (NE) ttn.No evasive action taken.Trenton pd was notified.",2024-02-03T16:17:00Z,40.2833,-74.7333,2000.0,medium
7869,2024-02-03,Caldwell,New jersey,"Prelim information (INFO) from federal aviation administration (FAA) operations (OPS): caldwell, nj / unmanned aircraft systems (UAS) sighting/1700e/caldwell airport traffic control tower (ATCT) advised, cirrus sr22, reported a unmanned aircraft systems (UAS) while W bound at 1,400 feet 7 no earlier (NE) cdw.No evasive action reported. Pilot stated unmanned aircraft systems (UAS) was over paterson university at1, 400 feet headed E bound.Fairfield pd notified.",2024-02-03T17:00:00Z,40.8752,-74.2813,1400.0,medium
7870,2024-02-03,San diego,California,"Prelim information (INFO) from federal aviation administration (FAA) operations (OPS): san diego, ca / unmanned aircraft systems (UAS) sighting/1440p/montgomery airport traffic control tower (ATCT) advised, cessna c172, myf-myf, reported a unmanned aircraft systems (UAS) at 700 feet while nne bound at 1,100 feet 1 ese myf.No evasive action taken.Leo notification not reported.",2024-02-03T14:40:00Z,32.8183,-117.1292,1100.0,medium
7871,2024-02-03,Dallas,Texas,"Prelim information (INFO) from federal aviation administration (FAA) operations (OPS): dallas, tx / unmanned aircraft systems (UAS) sighting/1700c/fort worth terminal radar approach control (TRACON) advised, pilatus pc12, reported a unmanned aircraft systems (UAS) from the 12 of the clock position while northwest (NW) bound at 3,000 feet 1 sse automatic dependent surveillance (ADS).No evasive action taken. Pilot stated unmanned aircraft systems (UAS) was 500 feet below aircraft (ACFT). Dfw airport (ARPT) pd notified.",2024-02-03T17:00:00Z,32.7767,-96.797,2500.0,medium
7872,2024-02-04,Indianapolis,Indiana,"Prelim information (INFO) from federal aviation administration (FAA) af operations (OPS): indianapolis, in / unmanned aircraft systems (UAS) sighting/1057e/indianapolis terminal radar approach control (TRACON) advised, c310, hfy-hfy, reported a unmanned aircraft systems (UAS) at the 9 of the clock position while W bound at 11,500 feet 19 E brickyard very high frequency omnidirectional range (VOR) (VHP).No evasive action taken.Hancock county sheriff notified.",2024-02-04T10:57:00Z,39.8333,-85.7833,11500.0,medium
7873,2024-02-04,Miami,Florida,"Prelim information (INFO) from federal aviation administration (FAA) operations (OPS): miami, flight level (FL) / unmanned aircraft systems (UAS) sighting/1853e/miami air route traffic control center (ARTCC) advised, cirrus sf50, reported a unmanned aircraft systems (UAS) from the 3 of the clock position while northwest (NW) bound at 12,000 feet 19 N dhp.No evasive action taken.Fbi notified.",2024-02-04T18:53:00Z,25.9167,-80.2667,12000.0,medium
7874,2024-02-05,Nashville,Tennessee,"Prelim information (INFO) from federal aviation administration (FAA) operations (OPS): nashville, tn / unmanned aircraft systems (UAS) sighting/0620c/nashville airport traffic control tower (ATCT) advised, b737, dca-bna, reported a white unmanned aircraft systems (UAS) from the 12 of the clock position while nne bound at 2,400 feet 5 S dca.No evasive action taken. Nashville airport (ARPT) pd notified.",2024-02-05T06:20:00Z,36.1189,-86.6892,2400.0,medium
7875,2024-02-05,Atlantic city,New jersey,"Prelim information (INFO) from federal aviation administration (FAA) af operations (OPS): atlantic city, nj / unmanned aircraft systems (UAS) sighting/1020e/atlantic city airport traffic control tower (ATCT) advised, diamond da42, reported a unmanned aircraft systems (UAS) at the 10 of the clock position while sw bound at 3,000 feet 22 ene acy.No evasive action taken. Long beach pd notified.",2024-02-05T10:20:00Z,39.5833,-74.1833,3000.0,medium
7876,2024-02-05,Harrisburg,Pennsylvania,"Prelim information (INFO) from federal aviation administration (FAA) operations (OPS): harrisburg, public address (PA) / unmanned aircraft systems (UAS) sighting/1400e/new york air route traffic control center (ARTCC) advised, e145, pit-phl, reported a white unmanned aircraft systems (UAS) from the 3 of the clock position while E bound at 17,000 feet 5 S harrisburg vor collocated with tacan (VORTAC) (HAR).No evasive action taken.Pennsylvania state pd notified.",2024-02-05T14:00:00Z,40.1936,-76.7634,17000.0,medium
7877,2024-02-06,Grand rapids,Michigan,"Prelim information (INFO) from federal aviation administration (FAA) operations (OPS): grand rapids, mile (MI) / unmanned aircraft systems (UAS) sighting/0705e/grand rapids airport traffic control tower (ATCT) advised, cessna c208, tvc-grr, reported a unmanned aircraft systems (UAS) at the 11 of the clock position while S bound at 2,100 feet 5 N grr.No evasive action taken.No leo notification reported.",2024-02-06T07:05:00Z,42.9639,-85.6681,2100.0,medium
7878,2024-02-06,Washington,District of columbia,"Prelim information (INFO) from federal aviation administration (FAA) af operations (OPS): washington, dc / unmanned aircraft systems (UAS) sighting/1540e/potomac terminal radar approach control (TRACON) advised, a319, ord-dca, reported a stationary unmanned aircraft systems (UAS) from the 9 of the clock position while N bound at 2,500 feet 10 ssw dca.No evasive action taken.Prince george's county pd notified.",2024-02-06T15:40:00Z,38.7833,-77.0667,2500.0,medium
7879,2024-02-06,Dallas,Texas,"Prelim information (INFO) from federal aviation administration (FAA) af operations (OPS): dallas, tx / unmanned aircraft systems (UAS) sighting/1448c/dallas love airport traffic control tower (ATCT) advised, b350, dallas love airport traffic control tower (ATCT), reported a black unmanned aircraft systems (UAS) above them while sw bound at 2,500 feet 6 northwest (NW) dal.No evasive action taken.Dfw dps notified.",2024-02-06T14:48:00Z,32.9075,-96.9736,2500.0,medium
7880,2024-02-06,Charlotte,North carolina,"Prelim information (INFO) from federal aviation administration (FAA) operations (OPS): charlotte, nc / unmanned aircraft systems (UAS) sighting/1742e/charlotte airport traffic control tower (ATCT) advised, crj9, toronto, canada (CYYZ)-clt, reported a unmanned aircraft systems (UAS) from the 10 of the clock position while N bound at 3,900 feet 12 S clt.No evasive action taken.Fort mill pd notified.",2024-02-06T17:42:00Z,35.0522,-80.9394,3900.0,medium
7881,2024-02-07,Atlanta,Georgia,"Prelim information (INFO) from federal aviation administration (FAA) operations (OPS): atlanta, general aviation (GA) / unmanned aircraft systems (UAS) sighting/1244e/atlanta terminal radar approach control facility (TRACON) advised, a320, atl-dca, reported a dark colored unmanned aircraft systems (UAS) at the 1 of the clock position while E bound at 4,000 feet 8 E atl.No evasive action taken.Clayton county pd notified.",2024-02-07T12:44:00Z,33.6964,-84.1894,4000.0,medium
7882,2024-02-08,Los angeles,California,"Prelim information (INFO) from federal aviation administration (FAA) af operations (OPS): los angeles, ca / unmanned aircraft systems (UAS) sighting/0955p/los angeles airport traffic control tower (ATCT) advised, a320, ewr-lax, reported unmanned aircraft systems (UAS) from the 9 of the clock position while sw bound at 800 feet 3.5 ene lax.No evasive action taken. Los angeles county sheriff aeronautical (AERO) bureau notified.",2024-02-08T21:55:00Z,33.9715,-118.3608,800.0,medium
7883,2024-02-08,Bristol-johnson-kingsport,Tennessee,"Prelim information (INFO) from federal aviation administration (FAA) operations (OPS): bristol-johnson-kingsport, tn / unmanned aircraft systems (UAS) sighting/1337e/tri-cities airport traffic control tower (ATCT) advised, cirrus sr20, reported a red unmanned aircraft systems (UAS) while ene bound at 5,500 feet 5 wnw tri.No evasive action taken.Kingsport tennessee pd notified.",2024-02-08T13:37:00Z,36.495,-82.4508,5500.0,medium
7884,2024-02-08,Los angeles,California,"Prelim information (INFO) from federal aviation administration (FAA) operations (OPS): los angeles, ca / unmanned aircraft systems (UAS) sighting/1335p/los angeles airport traffic control tower (ATCT) advised, b739, sea-lax, reported a black unmanned aircraft systems (UAS) from 9 of the clock position while wsw bound at 800 feet 2 ene lax.No evasive action taken.Los angeles county sheriff notified.",2024-02-08T21:35:00Z,33.9509,-118.3705,800.0,medium
7885,2024-02-08,Los angeles,California,"Prelim information (INFO) from federal aviation administration (FAA) af operations (OPS): los angeles, ca / unmanned aircraft systems (UAS) sighting/1401p/los angeles airport traffic control tower (ATCT) advised, b738, pdx-lax, reported a black unmanned aircraft systems (UAS) from 9 of the clock position while wsw bound at 800 feet 2 E lax.No evasive action taken.Los angeles county sheriff notified.",2024-02-08T14:01:00Z,33.9425,-118.3672,800.0,medium
7886,2024-02-09,Miami,Florida,"Prelim information (INFO) from federal aviation administration (FAA) operations (OPS): miami, flight level (FL) / unmanned aircraft systems (UAS) sighting/0911e/miami airport traffic control tower (ATCT) advised, robinson r44, reported a small white unmanned aircraft systems (UAS) at 500 feet while W bound at same altitude 5 S miami.No evasive action taken. Miami dade metropolitan (METRO) pd notified.",2024-02-09T00:00:00Z,25.7034,-80.2906,500.0,medium
7887,2024-02-09,Fort myers,Florida,"Prelim information (INFO) from federal aviation administration (FAA) operations (OPS): fort myers, flight level (FL) / unmanned aircraft systems (UAS) sighting/1045e/fort myers airport traffic control tower (ATCT) advised, a321, clt-rsw, reported a black and white unmanned aircraft systems (UAS) at the 1 of the clock position while no earlier (NE) bound at 1,500 feet 5 wsw rsw.No evasive action taken.Lee county sheriff notified.",2024-02-09T10:45:00Z,26.5225,-81.8297,1500.0,medium
7888,2024-02-09,Orlando,Florida,"Prelim information (INFO) from federal aviation administration (FAA) af operations (OPS): orlando, flight level (FL) / unmanned aircraft systems (UAS) sighting/1512e/sanford airport traffic control tower (ATCT) advised, cessna c172, reported a yellow unmanned aircraft systems (UAS) while W bound at 1,000 feet 2 N sfb.No evasive action taken.Seminole county sheriff notified.",2024-02-09T15:12:00Z,28.8075,-81.2375,1000.0,medium
7889,2024-02-09,Salina,Kansas,"Prelim information (INFO) from federal aviation administration (FAA) operations (OPS): salina, ks / unmanned aircraft systems (UAS) sighting/1436c/salina airport traffic control tower (ATCT) advised, cessna c172, [departure]-[arrival], reported a red unmanned aircraft systems (UAS) while N bound at 500 feet 0.5 mile N sln.No evasive action taken.Saline county sheriff notified.",2024-02-09T14:36:00Z,38.80833,-97.65278,500.0,medium
7890,2024-02-09,Phoenix,Arizona,"Prelim information (INFO) from federal aviation administration (FAA) operations (OPS): phoenix, az / unmanned aircraft systems (UAS) sighting/1637m/deer valley airport traffic control tower (ATCT) advised, bell b407, reported a unmanned aircraft systems (UAS) while S bound at 1,300 feet 5 northwest (NW) dvt.No evasive action taken.Phoenix pd notified.",2024-02-09T16:37:00Z,33.74444,-112.11667,1300.0,medium
7891,2024-02-10,Pasco,Washington,"Prelim information (INFO) from federal aviation administration (FAA) operations (OPS): pasco, wa / unmanned aircraft systems (UAS) sighting/1309p/pasco airport traffic control tower (ATCT) advised, e75l, sea-program support center (PSC), reported a black unmanned aircraft systems (UAS) at the 3 of the clock position while se bound at 2,300 feet 5 N psc.No evasive action taken.No leo notification reported.",2024-02-10T13:09:00Z,46.32833,-119.11667,2300.0,medium
7892,2024-02-10,Millville,New jersey,"Prelim information (INFO) from federal aviation administration (FAA) operations (OPS): millville, nj / unmanned aircraft systems (UAS) incident/1640e/washington air route traffic control center (ARTCC) advised, a319, eyw-phl, reported a unmanned aircraft systems (UAS) from the 12 oâ€™clock position while W bound at 13,000 feet 10 S vcn.Pilot maneuvered to avoid.Leo notification not reported.",2024-02-10T16:40:00Z,39.2667,-75.0833,13000.0,medium
7893,2024-02-10,Mountain view,California,"Prelim information (INFO) from federal aviation administration (FAA) operations (OPS): mountain view, ca / unmanned aircraft systems (UAS) sighting/1415p/san jose airport traffic control tower (ATCT) advised, cirrus sr22, reported a unmanned aircraft systems (UAS) while E bound at 1,100 feet 3 sse nuq.No evasive action reported.Leo notification not reported.",2024-02-10T14:15:00Z,37.3894,-122.0519,1100.0,medium
7894,2024-02-10,San jose,California,"Prelim information (INFO) from federal aviation administration (FAA) operations (OPS): san jose, ca / unmanned aircraft systems (UAS) sighting/1420p/san jose airport traffic control tower (ATCT) advised, b39m, iah-sjc, reported a large orange / brassy unmanned aircraft systems (UAS) at the 3 of the clock position while northwest (NW) bound at 2,600 feet 8 se sjc.No evasive action taken. San jose pd notified.",2024-02-10T14:20:00Z,37.2962,-121.8184,2600.0,medium
7895,2024-02-10,Los angeles,California,"Prelim information (INFO) from federal aviation administration (FAA) af operations (OPS): los angeles, ca / unmanned aircraft systems (UAS) sighting/1534p/los angeles airport traffic control tower (ATCT) advised, bombardier glex, tokyo, japan (RJTT)-lax, reported a unmanned aircraft systems (UAS) from the 3 of the clock position while wsw bound at 1,600 feet 4 ene lax.No evasive action taken.Los angeles county sheriff was notified.",2024-02-10T15:34:00Z,33.9816,-118.3267,1600.0,medium
7896,2024-02-11,Miami,Florida,"Prelim information (INFO) from federal aviation administration (FAA) operations (OPS): miami, flight level (FL) / unmanned aircraft systems (UAS) sighting/1251e/miami approach (APCH) advised, a319, bogota, colombia (SKBO)-mia, reported a unmanned aircraft systems (UAS) from the 9 of the clock position while E bound at 1,200 feet 4 W mia.No evasive action taken.Mdpd notified.",2024-02-11T12:51:00Z,25.7953,-80.3534,1200.0,medium
7897,2024-02-11,Harlingen,Texas,"Prelim information (INFO) from federal aviation administration (FAA) operations (OPS): harlingen, tx / unmanned aircraft systems (UAS) sighting/1235c/harlingen airport traffic control tower (ATCT) advised, b38m, aus-hrl, reported a unmanned aircraft systems (UAS) while northwest (NW) bound at 700 feet 1 se hrl.No evasive action taken.Harlingen pd notified.",2024-02-11T12:35:00Z,26.2285,-97.6544,700.0,medium
7898,2024-02-11,Houston,Texas,"Prelim information (INFO) from federal aviation administration (FAA) operations (OPS): houston, tx / unmanned aircraft systems (UAS) sighting/1320c/houston terminal radar approach control (TRACON) advised, e75l, ind-iah, reported a unmanned aircraft systems (UAS) while bound E at 6,400 feet 7 no earlier (NE) iah.No evasive action taken.Fbi notified.",2024-02-11T13:20:00Z,30.0556,-95.4975,6400.0,medium
7899,2024-02-11,Tampa,Florida,"Prelim information (INFO) from federal aviation administration (FAA) af operations (OPS): tampa, flight level (FL) / unmanned aircraft systems (UAS) sighting/late report-2/11 1937e/tampa airport traffic control tower (ATCT) advised, helo, reported a unmanned aircraft systems (UAS) at 800 feet vcnty tpa.No direction of flight was reported.Evasive manuevers were taken.Leo notification not reported.",2024-02-11T19:37:00Z,27.9756,-82.5333,800.0,medium
7900,2024-02-11,Las vegas,Nevada,"Prelim information (INFO) from federal aviation administration (FAA) operations (OPS): las vegas, nv / unmanned aircraft systems (UAS) sighting/1646p/las vegas terminal radar approach control (TRACON) advised, h60, reported a unmanned aircraft systems (UAS) from the 3 of the clock position while W bound at 5,800 feet 6 sse las vegas very high frequency omnidirectional range (VOR).No evasive action taken.Leo notification not reported.",2024-02-11T16:46:00Z,35.9722,-115.1328,5800.0,medium
7901,2024-02-12,Knox,Indiana,"Prelim information (INFO) from federal aviation administration (FAA) operations (OPS): knox, in / unmanned aircraft systems (UAS) sighting/1055c/chicago air route traffic control center (ARTCC) advised, e75l, sav-ord, reported a silver unmanned aircraft systems (UAS) while northwest (NW) bound at 14,000 feet 10 N oxi.No evasive action taken.Chicago fbi notified.",2024-02-12T10:55:00Z,41.3833,-86.75,14000.0,medium
7902,2024-02-12,Key west,Florida,"Prelim information (INFO) from federal aviation administration (FAA) operations (OPS): key west, flight level (FL) / unmanned aircraft systems (UAS) sighting/late report-1430e/miami artcc advised, be40, reported multiple unmanned aircraft systems (UAS) while sw bound at 16,000 feet 55 N nqx.No evasive action taken.Leo notification not reported.",2024-02-12T14:30:00Z,24.5561,-81.7594,16000.0,medium
7903,2024-02-12,Sacramento,California,"Prelim information (INFO) from federal aviation administration (FAA) operations (OPS): sacramento, ca / unmanned aircraft systems (UAS) sighting/1442p/norcal terminal radar approach control facility (TRACON) advised, gulfstream g280, strategic air command (SAC)-sba, reported a gray quadcopter unmanned aircraft systems (UAS) 200 feet below aircraft (ACFT) from the 12 of the clock position while sse bound at 3,800 feet 4 ene strategic air command (SAC).No evasive action taken.Elk grove pd notified.",2024-02-12T14:42:00Z,38.5958,-121.4833,3800.0,medium
7904,2024-02-12,Los angeles,California,"Prelim information (INFO) from federal aviation administration (FAA) operations (OPS): los angeles, ca / unmanned aircraft systems (UAS) sighting/1510p/los angeles artcc advised, e295, lax-toronto, canada (CYYZ), reported a red and white unmanned aircraft systems (UAS) while no earlier (NE) bound at 1,800 feet 15 nne lax.No evasive action taken.Leo notification not reported.",2024-02-12T15:10:00Z,34.0522,-118.2437,1800.0,medium
7905,2024-02-13,Orlando,Florida,"Prelim information (INFO) from federal aviation administration (FAA) operations (OPS): orlando, flight level (FL) / unmanned aircraft systems (UAS) sighting/1222e/orlando airport traffic control tower (ATCT) advised, b738, ord-mco, reported a unmanned aircraft systems (UAS) from the 9 oâ€™clock position while N bound at 1,500 feet 5 S mco.No evasive action taken.Osceola county sheriff notified.",2024-02-13T12:22:00Z,28.3636,-81.3083,1500.0,medium
7906,2024-02-13,Phoenix,Arizona,"Prelim information (INFO) from federal aviation administration (FAA) operations (OPS): phoenix, az / unmanned aircraft systems (UAS) sighting/1333m/deer valley airport traffic control tower (ATCT) advised, cessna c172, dvt-unkn, reported a unmanned aircraft systems (UAS) while ene bound at 2,500 feet 1 wnw dvt.No evasive action taken.Leo notification not reported.",2024-02-13T13:33:00Z,33.69444,-112.09722,2500.0,medium
7907,2024-02-13,Atlanta,Georgia,"Prelim information (INFO) from federal aviation administration (FAA) operations (OPS): atlanta, general aviation (GA) / unmanned aircraft systems (UAS) sighting/1555e/atlanta terminal radar approach control (TRACON) advised, gulfstream g280, pdk-pdk, reported a unmanned aircraft systems (UAS) 2,000 feet from the aircraft (ACFT) while S bound at 6,000 feet 4 W pdk.No evasive action taken.Henry county emergency communications notified.",2024-02-13T15:55:00Z,33.8756,-84.3622,6000.0,medium
7908,2024-02-13,Camp springs,Maryland,"Prelim information (INFO) from federal aviation administration (FAA) af operations (OPS): camp springs, md / unmanned aircraft systems (UAS) sighting/1606e/andrews airport traffic control tower (ATCT) advised, glf5, myr-adw, reported a unmanned aircraft systems (UAS) from the 12 oâ€™clock position while N bound at 1,000 feet 3.5 S adw.No evasive action taken.Prince george's pd notified.",2024-02-13T16:06:00Z,38.7811,-76.8867,1000.0,medium
7909,2024-02-13,Birmingham,Alabama,"Prelim information (INFO) from federal aviation administration (FAA) operations (OPS): birmingham, al / unmanned aircraft systems (UAS) sighting/1730c/atlanta air route traffic control center (ARTCC) advised, dc91, mgm-bmi, reported a yellow unmanned aircraft systems (UAS) at the 12 of the clock position while N bound at fl180 50 S vulcan very high frequency omnidirectional range (VOR).No evasive action taken.No leo notification reported.",2024-02-13T17:30:00Z,33.1778,-86.7833,18000.0,medium
7910,2024-02-13,Rogers,Arkansas,"Prelim information (INFO) from federal aviation administration (FAA) af operations (OPS): rogers, ar / unmanned aircraft systems (UAS) sighting/late report-1732c/rogers fct advised, van's r7, reported a black unmanned aircraft systems (UAS) while sw bound at 450 feet 1.5 ene rog.No evasive action taken.Local leo was notified.",2024-02-13T17:32:00Z,36.3819,-94.1003,450.0,medium
7911,2024-02-13,Palm springs,California,"Prelim information (INFO) from federal aviation administration (FAA) operations (OPS): palm springs, ca / unmanned aircraft systems (UAS) sighting/1607p/socal terminal radar approach control (TRACON) advised, b763, dfw-ont, reported a unmanned aircraft systems (UAS) from the 2 of the clock position while sw bound at 11,000 feet 18 wnw psp.No evasive action taken.Leo notification not reported.",2024-02-13T16:07:00Z,33.9667,-116.7167,11000.0,medium
7912,2024-02-14,Muskegon,Michigan,"Prelim information (INFO) from federal aviation administration (FAA) operations (OPS): muskegon, mile (MI) / unmanned aircraft systems (UAS) sighting/1218e/muskegon airport traffic control tower (ATCT) advised, cessna c172, reported a white unmanned aircraft systems (UAS) at 1,400 feet while N bound at 1,600 feet 2 E muskegon.No evasive action reported.North shores pd notified.",2024-02-14T12:18:00Z,43.1769,-86.2108,1400.0,medium
7913,2024-02-14,Milton,Florida,"Prelim information (INFO) from federal aviation administration (FAA) operations (OPS): milton, flight level (FL) / unmanned aircraft systems (UAS) sighting/1230c/pensacola terminal radar approach control facility (TRACON) advised, helo, reported a unmanned aircraft systems (UAS) while N bound at 1,000 feet vcnty milton, flight level (FL).No evasive action taken. Santa rosa county sheriff notified.",2024-02-14T12:30:00Z,30.6324,-87.0397,1000.0,medium
7914,2024-02-14,Milton,Florida,"Prelim information (INFO) from federal aviation administration (FAA) operations (OPS): milton, flight level (FL) / unmanned aircraft systems (UAS) sighting/1238c/pensacola terminal radar approach control (TRACON) advised, bell b06, reported a unmanned aircraft systems (UAS) while S bound at 1,000 feet 6 S ndz.No evasive action taken. Santa rosa county sheriff notified.",2024-02-14T12:38:00Z,30.5789,-87.0436,1000.0,medium
7915,2024-02-14,Columbus,Georgia,"Prelim information (INFO) from federal aviation administration (FAA) operations (OPS): columbus, general aviation (GA) / unmanned aircraft systems (UAS) sighting/1635e/columbus airport traffic control tower (ATCT) advised, cessna c172, auo-auo, reported a unmanned aircraft systems (UAS) from 1,000 feet below aircraft (ACFT) while ssw bound at 3,500 feet 11 northwest (NW) csg.No evasive action taken.No leo notification reported.",2024-02-14T16:35:00Z,32.6314,-85.1136,2500.0,medium
7916,2024-02-14,Houston,Texas,"Prelim information (INFO) from federal aviation administration (FAA) operations (OPS): houston, tx / unmanned aircraft systems (UAS) sighting/1640c/houston terminal radar approach control (TRACON) advised, b739, iah-ewr, reported a unmanned aircraft systems (UAS) while no earlier (NE) bound at 11,000 feet 20 no earlier (NE) iah.No evasive action taken.Houston pd notified.",2024-02-14T16:40:00Z,30.1354,-95.1665,11000.0,medium
7917,2024-02-14,Daytona beach,Florida,"Prelim information (INFO) from federal aviation administration (FAA) operations (OPS): daytona beach, flight level (FL) / unmanned aircraft systems (UAS) incident/1757e/daytona beach terminal radar approach control (TRACON) advised, cessna c172, evb-evb, reported a black fixed wing unmanned aircraft systems (UAS) at the 12 of the clock position while nnw bound at 5,000 feet 4 sse dab. Pic took evasive action to avoid unmanned aircraft systems (UAS).Volusia county sheriff notified.",2024-02-14T17:57:00Z,29.1544,-81.0306,5000.0,medium
7918,2024-02-14,Los angeles,California,"Prelim information (INFO) from federal aviation administration (FAA) operations (OPS): los angeles, ca / unmanned aircraft systems (UAS) sighting/1700p/los angeles airport traffic control tower (ATCT) advised, b772, paris, france (LFPG)-lax, reported a yellow / blue unmanned aircraft systems (UAS) at the 3 of the clock position while W bound at 1,500 feet 5 E lax.No evasive action taken.No leo notification reported.",2024-02-14T17:00:00Z,33.9425,-118.3395,1500.0,medium
7919,2024-02-14,Dallas,Texas,"Prelim information (INFO) from federal aviation administration (FAA) operations (OPS): dallas, tx / unmanned aircraft systems (UAS) sighting/2139c/dallas love airport traffic control tower (ATCT) advised, cessna c172, reported a unmanned aircraft systems (UAS) while W bound at 1,500 feet 5 se dal.No evasive action taken.Dfw dps notified.",2024-02-14T21:39:00Z,32.7989,-96.7533,1500.0,medium
7920,2024-02-14,Phoenix,Arizona,"Prelim information (INFO) from federal aviation administration (FAA) operations (OPS): phoenix, az / unmanned aircraft systems (UAS) sighting/2200m/phoenix airport traffic control tower (ATCT) advised, helo, reported a unmanned aircraft systems (UAS) while W bound at 1,400 feet 2 northwest (NW) phx.No evasive action taken. Phoenix airport (ARPT) pd notified.",2024-02-14T22:00:00Z,33.4484,-112.074,1400.0,medium
7921,2024-02-15,Washington,District of columbia,"Prelim information (INFO) from federal aviation administration (FAA) operations (OPS): washington, dc / unmanned aircraft systems (UAS) sighting/0700e/potomac terminal radar approach control facility (TRACON) advised, e145, alb-iad, reported a white-green unmanned aircraft systems (UAS) while ssw bound at 12,500 feet 55 N dca.No evasive action taken.No evasive action taken.",2024-02-15T07:00:00Z,38.9519,-77.1464,12500.0,medium
7922,2024-02-15,Washington,District of columbia,"Prelim information (INFO) from federal aviation administration (FAA) operations (OPS): washington, dc / unmanned aircraft systems (UAS) sighting/1145e/national airport traffic control tower (ATCT)-ncrcc reported a unmanned aircraft systems (UAS) operating in class B airspace without authorization 2 no earlier (NE) dca. No impact to national airspace system (NAS). Dc metropolitan (METRO) pd identified and apprehended the operator and unmanned aircraft systems (UAS).Operator released.No leap notification.",2024-02-15T11:45:00Z,38.8719,-77.0563,1000.0,medium
7923,2024-02-15,Miami,Florida,"Prelim information (INFO) from federal aviation administration (FAA) af operations (OPS): bimini, bahamas / unmanned aircraft systems (UAS) sighting/1610e/miami air route traffic control center (ARTCC) advised, a320, mdsd-fll, reported large red unmanned aircraft systems (UAS) 500 feet below aircraft (ACFT) while nnw bound at 12,000 vcnty bimini very high frequency omnidirectional range (VOR).No evasive action taken.Leo information not reported.",2024-02-15T16:10:00Z,25.7,-79.3,11500.0,medium
7924,2024-02-15,Macon,Georgia,"Prelim information (INFO) from federal aviation administration (FAA) operations (OPS): macon, general aviation (GA) / unmanned aircraft systems (UAS) sighting/1645e/altlanta terminal radar approach control (TRACON) advised, piper pa24, reported a silver unmanned aircraft systems (UAS) from the 9 of the clock position while W bound at 5,500 feet over mcn.No evasive action taken.No leo notification reported.",2024-02-15T16:45:00Z,32.6881,-83.6492,5500.0,medium
7925,2024-02-16,Washington,District of columbia,"Prelim information (INFO) from federal aviation administration (FAA) operations (OPS): washington, dc / unmanned aircraft systems (UAS) sighting/1025e/dca airport traffic control tower (ATCT) advised, crj9, reported a football size unmanned aircraft systems (UAS) from the 9 of the clock position at 7,200 feet while E bound at 8,000 feet vcnty dca.No evasive action reported. Leo information (INFO) not reported.",2024-02-16T10:25:00Z,38.8512,-77.0402,7200.0,medium
7926,2024-02-16,San diego / el cajon,California,"Prelim information (INFO) from federal aviation administration (FAA) af operations (OPS): san diego-el cajon, ca / unmanned aircraft systems (UAS) sighting/1026p/montgomery-gibbs airport traffic control tower (ATCT) advised, cessna c172, rnm-myf, reported an orange unmanned aircraft systems (UAS) 500 feet below their 7 of the clock position while wsw bound at 3,500 feet 2 se see.No evasive action taken. San diego pd notified.",2024-02-16T22:26:00Z,32.7933,-116.9625,3500.0,medium
7927,2024-02-16,Beaumont/port arthur,Texas,"Prelim information (INFO) from federal aviation administration (FAA) operations (OPS): beaumont / port arthur, tx / unmanned aircraft systems (UAS) sighting/1328c/houston terminal radar approach control (TRACON) advised, cesnna c182, reported a white unmanned aircraft systems (UAS) at 2,800 feet while while W bound at same altitude.No evasive action reported.Houston fbi office notified.",2024-02-16T13:28:00Z,30.0777,-94.2157,2800.0,medium
7928,2024-02-16,Atlanta,Georgia,"Prelim information (INFO) from federal aviation administration (FAA) operations (OPS): atlanta, general aviation (GA) / unmanned aircraft systems (UAS) sighting/1400e/atlanta terminal radar approach control (TRACON) advised, cirrus sf50, reported unmanned aircraft systems (UAS) 60 feet off right side of aircraft (ACFT) at 6,000 feet while N bound at same altitude 4 sse atlanta.No evasive action reported clayton county sheriff notified.",2024-02-16T14:00:00Z,33.6481,-84.4281,6000.0,medium
7929,2024-02-16,Ontario,California,"Prelim information (INFO) from federal aviation administration (FAA) operations (OPS): ontario, ca / unmanned aircraft systems (UAS) incident/1435p/chino airport traffic control tower (ATCT) advised, cessna c172, ral-ral, reported a white unmanned aircraft systems (UAS) 500 feet below the aircraft (ACFT) while E bound at 1,500 feet 5 W paradise vor collocated with tacan (VORTAC) (PDZ).No evasive action taken.Chino pd notified.",2024-02-16T14:35:00Z,33.9752,-117.7356,1000.0,medium
7930,2024-02-16,Minneapolis,Minnesota,"Prelim information (INFO) from federal aviation administration (FAA) operations (OPS): minneapolis, mn / unmanned aircraft systems (UAS) sighting/1807c/minneapolis terminal radar approach control (TRACON) advised, beech be40, stp-fcm, reported a unmanned aircraft systems (UAS) from the 12 of the clock position while ssw bound at 4,000 feet 3 E msp.No evasive action taken. Minneapolis airport (ARPT) pd notified.",2024-02-16T18:07:00Z,44.8588,-93.1781,4000.0,medium
7931,2024-02-17,Miami,Florida,"Prelim information (INFO) from federal aviation administration (FAA) operations (OPS): miami, flight level (FL) / unmanned aircraft systems (UAS) sighting/1026e/miami airport traffic control tower (ATCT) advised, e170, mia-bos, reported a red-white unmanned aircraft systems (UAS) from the 12 of the clock position while W bound at 3,000 feet 3 W mia.No evasive action taken.Miami dade pd notified.",2024-02-17T10:26:00Z,25.7932,-80.3397,3000.0,medium
7932,2024-02-17,Denver,Colorado,"Prelim information (INFO) from federal aviation administration (FAA) operations (OPS): denver, central office (CO) / unmanned aircraft systems (UAS) sighting/1300m/denver airport traffic control tower (ATCT) advised, e75l, gjt-den, observed unmanned aircraft systems (UAS) while north bound at 8,000 feet, 9 S den.No evasive action reported. Denver international airport (ARPT) pd notified.",2024-02-17T13:00:00Z,39.7392,-104.9903,8000.0,medium
7933,2024-02-17,Kinston,North carolina,"Prelim information (INFO) from federal aviation administration (FAA) operations (OPS): kinston, nc / unmanned aircraft systems (UAS) sighting/1725e/seymour johnson air force base (AFB) advised, diamond da40, ric-ric, reported a balloon 1,000 feet below aircraft (ACFT) while N bound at 6,500 feet 8.3 ene iso.No evasive action taken.Leo notification not reported.",2024-02-17T17:25:00Z,35.3833,-77.4167,5500.0,medium
7934,2024-02-17,Manitowoc,Wisconsin,"Prelim information (INFO) from federal aviation administration (FAA) af operations (OPS): manitowoc, wi / unmanned aircraft systems (UAS) sighting/1702c/green bay approach (APCH) advised, pilatus pc12, reported unmanned aircraft systems (UAS) at the 12 of the clock position while W bound at 10,500 feet 15 E mtw.No evasive action taken.Manitowoc pd notified.",2024-02-17T00:00:00Z,44.1286,-87.4081,10500.0,medium
7935,2024-02-18,San juan,Puerto rico,"Prelim information (INFO) from federal aviation administration (FAA) operations (OPS): san juan, puerto rico / unmanned aircraft systems (UAS) sighting/0923l/san juan airport traffic control tower (ATCT) advised, cessna c402, stt-stx, reported unmanned aircraft systems (UAS) at same altitude while S bound at 2,000 feet 1 S stt.No evasive actions taken. San juan pd notified.",2024-02-18T09:23:00Z,18.3368,-64.9734,2000.0,medium
7936,2024-02-18,Charleston,South carolina,"Prelim information (INFO) from federal aviation administration (FAA) operations (OPS): charleston, sc / unmanned aircraft systems (UAS) sighting/1000e/charleston airport traffic control tower (ATCT) advised, diamond da42, chs-crw, reported a red-orange unmanned aircraft systems (UAS) from the 3 of the clock position while nnw bound at 1,500 feet 2 nnw chs.No evasive action taken.Leo notification not reported.",2024-02-18T00:00:00Z,32.9176,-80.0528,1500.0,medium
7937,2024-02-18,Cahokia/st louis,Illinois,"Prelim information (INFO) from federal aviation administration (FAA) af operations (OPS): cahokia-st louis, il / unmanned aircraft systems (UAS) sighting/1035c/st. Louis terminal radar approach control (TRACON) advised, cirrus sr22, reported a unmanned aircraft systems (UAS) from the 12 of the clock position while E bound at 4,000 feet 7 sw cps.No evasive action reported.St louis county pd notified.",2024-02-18T10:35:00Z,38.5089,-90.2234,4000.0,medium
7938,2024-02-18,Springfield,Missouri,"Prelim information (INFO) from federal aviation administration (FAA) operations (OPS): springfield, mo / unmanned aircraft systems (UAS) sighting/1100c/springfield airport traffic control tower (ATCT) advised, cirrus sr22, ozs-sgf, reported a unmanned aircraft systems (UAS) from the 5 of the clock position while se bound at 2,300 feet 8 northwest (NW) sgf.No evasive action taken.Springfield pd notified.",2024-02-18T11:00:00Z,37.3176,-93.4079,2300.0,medium
7939,2024-02-18,Tupelo,Mississippi,"Prelim information (INFO) from federal aviation administration (FAA) af operations (OPS): tupelo, ms / unmanned aircraft systems (UAS) sighting/1150c/memphis air route traffic control center (ARTCC) advised, cessna c441, olv-olv, reported a bronze unmanned aircraft systems (UAS) from the 12 of the clock position while S bound at 13,500 feet vcnty tup.No evasive action reported.Lee county sheriff notified.",2024-02-18T11:50:00Z,34.2681,-88.7699,13500.0,medium
7940,2024-02-18,Louisville,Kentucky,"Prelim information (INFO) from federal aviation administration (FAA) operations (OPS): louisville, ky / unmanned aircraft systems (UAS) incident/1341e/bowman airport traffic control tower (ATCT) advised, cessna c172, jvy-lou, reported a white unmanned aircraft systems (UAS) while sse bound at 1,500 feet 2.4 nne lou. Pic maneuvered to avoid unmanned aircraft systems (UAS). Louisville metropolitan (METRO) pd notified.",2024-02-18T13:41:00Z,38.2375,-85.6528,1500.0,medium
7941,2024-02-18,Chicago,Illinois,"Prelim information (INFO) from federal aviation administration (FAA) operations (OPS): chicago, il / unmanned aircraft systems (UAS) sighting/1623c/mdw airport traffic control tower (ATCT) advised, cessna c68a, pie-mdw, reported black unmanned aircraft systems (UAS) while northwest (NW) bound at 3,800 feet 10 se mdw.No evasive action reported.Local law enforcement notified.",2024-02-18T16:23:00Z,41.7089,-87.6236,3800.0,medium
7942,2024-02-18,Nashville,Tennessee,"Prelim information (INFO) from federal aviation administration (FAA) operations (OPS): nashville, tn / unmanned aircraft systems (UAS) sighting/1703c/nashville approach (APCH) advised, cessna c680, mem-bna, reported a white unmanned aircraft systems (UAS) at the 10 of the clock position while nne bound at 5,800 feet 4 W bna.No evasive action taken. Metropolitan nashville airport (ARPT) authority dps notified.",2024-02-18T00:00:00Z,36.1544,-86.7458,5800.0,medium
7943,2024-02-18,Fargo,North dakota,"Prelim information (INFO) from federal aviation administration (FAA) operations (OPS): fargo, nd / unmanned aircraft systems (UAS) sighting/1901c/fargo airport traffic control tower (ATCT) advised, agusta a109, reported a unmanned aircraft systems (UAS) while W bound at 2,000 feet vcnty sanford fargo medical center heliport (nd23).No evasive action taken.Red river regional dispatch notified.",2024-02-18T19:01:00Z,46.8772,-96.7898,2000.0,medium
7944,2024-02-19,New york,New york,"Prelim information (INFO) from federal aviation administration (FAA) operations (OPS): new york, ny / unmanned aircraft systems (UAS) sighting/1312e/jfk airport traffic control tower (ATCT) advised, a21n, mco-jfk, reported a black and white unmanned aircraft systems (UAS) while northwest (NW) bound at 1,000 feet 4 se jfk.No evasive action reported.Port authority notified.",2024-02-19T13:12:00Z,40.6095,-73.7178,1000.0,medium
7945,2024-02-19,Chicago,Illinois,"Prelim information (INFO) from federal aviation administration (FAA) operations (OPS): chicago, il / unmanned aircraft systems (UAS) sighting/1500c/chicago terminal radar approach control (TRACON) advised, b738, msy-ord, reported a unmanned aircraft systems (UAS) while W bound at 5,000 feet 5 N ord.No evasive action taken.Fbi notified.",2024-02-19T15:00:00Z,41.9978,-87.9084,5000.0,medium
7946,2024-02-20,Pensacola,Florida,"Prelim information (INFO) from federal aviation administration (FAA) operations (OPS): pensacola, flight level (FL) / unmanned aircraft systems (UAS) sighting/1103c/pensacola airport traffic control tower (ATCT) advised, cessna c172, pns-pns, reported a fast-moving silver object at 100 feet while N bound 1 S pns.No evasive action taken.Escambia county sheriff notified.",2024-02-20T11:03:00Z,30.463056,-87.186944,100.0,medium
7947,2024-02-20,Houston,Texas,"Prelim information (INFO) from federal aviation administration (FAA) af operations (OPS): houston, tx / unmanned aircraft systems (UAS) sighting/1415c/houston intcl airport traffic control tower (ATCT) advised, e145, aguascalientes, mexico (MMAS)-iah, reported a unmanned aircraft systems (UAS) from the 3 of the clock position while W bound at 2,300 feet 10 E iah.No evasive action taken.Houston pd notified.",2024-02-20T14:15:00Z,29.9902,-95.5269,2300.0,medium
7948,2024-02-20,Houston,Texas,"Prelim information (INFO) from federal aviation administration (FAA) operations (OPS): houston, tx / unmanned aircraft systems (UAS) sighting/1435c/houston intcl airport traffic control tower (ATCT) advised, b737, queretaro, mexico (MMQT)-iah, reported a unmanned aircraft systems (UAS) from the 12 of the clock position while W bound at 2,000 feet 10 E iah.No evasive action taken.No leo notification reported.",2024-02-20T14:35:00Z,29.9902,-95.1814,2000.0,medium
7949,2024-02-20,Lemoore,California,"Prelim information (INFO) from federal aviation administration (FAA) operations (OPS): lemoore, ca / unmanned aircraft systems (UAS) sighting/1744p/oakland air route traffic control center (ARTCC) advised, 2/f18, reported unmanned aircraft systems (UAS) at the 1 of the clock position 400 feet above while wsw bound at 10,000 feet 27 no earlier (NE) nlc.No evasive action taken.Leo notification not reported.",2024-02-20T17:44:00Z,36.333,-119.9513,10000.0,medium
7950,2024-02-21,Chicago,Illinois,"Prelim information (INFO) from federal aviation administration (FAA) af operations (OPS): chicago, il / unmanned aircraft systems (UAS) sighting/0717c/, b739, gsp-ord, reported a unmanned aircraft systems (UAS) operating at 4000 feet/foot (FT) approximately (APPROX) 10 E of ord.No evasive action taken.Law enforcement notified.",2024-02-21T07:17:00Z,41.9796,-87.7044,4000.0,medium
7951,2024-02-21,Chicago,Illinois,"Prelim information (INFO) from federal aviation administration (FAA) operations (OPS): chicago, il / unmanned aircraft systems (UAS) sighting/1230c/mdw airport traffic control tower (ATCT) advised, cessna c172, observed a unmanned aircraft systems (UAS) while southeast bound at 1,700 feet, 12 northwest (NW) mdw.Chicago fbi field office notified.",2024-02-21T12:30:00Z,41.8639,-87.9522,1700.0,medium
7952,2024-02-21,La belle,Florida,"Prelim information (INFO) from federal aviation administration (FAA) operations (OPS): la belle, flight level (FL) / unmanned aircraft systems (UAS) sighting/1409e/miami air route traffic control center (ARTCC) advised, beech be20, observed unmanned aircraft systems (UAS) while southwest bound at 13,000 feet, 43 nnw la belle.No evasive action reported.No leo notification provided.",2024-02-21T14:09:00Z,26.9833,-81.7333,13000.0,medium
7953,2024-02-21,Sarasota,Florida,"Prelim information (INFO) from federal aviation administration (FAA) operations (OPS): sarasota, flight level (FL) / unmanned aircraft systems (UAS) sighting/1458e/miami air route traffic control center (ARTCC) advised, beech be20, reported rotory craft unmanned aircraft systems (UAS) while E bound at 1,000 feet vcnty sarasota.No evasive action reported.No leos notified.",2024-02-21T14:58:00Z,27.3954,-82.5515,1000.0,medium
7954,2024-02-21,Sacramento,California,"Prelim information (INFO) from federal aviation administration (FAA) operations (OPS): sacramento, ca / unmanned aircraft systems (UAS) sighting/1413p/norcal terminal radar approach control (TRACON) advised, learjet lj45, observed a unmanned aircraft systems (UAS) while southobund at 2,600 feet, 2 S sacramento.No evasive action reported.No leo notification provided.",2024-02-21T14:13:00Z,38.5296,-121.4684,2600.0,medium
7955,2024-02-23,Murfreesboro,Tennessee,"Prelim information (INFO) from federal aviation administration (FAA) operations (OPS): murfreesboro, tn / unmanned aircraft systems (UAS) sighting/1030c/nashville terminal radar approach control (TRACON) advised, cessna c550, fmy-jwn, reported a gray unmanned aircraft systems (UAS) while at 8,500 feet 8 S mbt.No evasive action taken. Nashville airport (ARPT) pd notified.",2024-02-23T10:30:00Z,35.7595,-86.3803,8500.0,medium
7956,2024-02-23,Oklahoma city,Oklahoma,"Prelim information (INFO) from federal aviation administration (FAA) operations (OPS): oklahoma city, ok / unmanned aircraft systems (UAS) sighting/1200c/rogers airport traffic control tower (ATCT) advised, grumman american aa5, oun-unkn, reported a unmanned aircraft systems (UAS) from the 3 of the clock position while N bound at 4,500 feet 4 sw tik.No evasive action taken.Oklahoma pd notified.",2024-02-23T12:00:00Z,35.3944,-97.6011,4500.0,medium
7957,2024-02-23,Shreveport,Louisiana,"Prelim information (INFO) from federal aviation administration (FAA) operations (OPS): shreveport, la / unmanned aircraft systems (UAS) sighting/1400c/c-regional operations center (ROC) advised, tex2, reported a unmanned aircraft systems (UAS) on final at unkn altitude while on final shv.No evasive action taken.Leo notification not reported.",2024-02-23T14:00:00Z,32.4463,-93.8256,,medium
7958,2024-02-23,Memphis,Tennessee,"Prelim information (INFO) from federal aviation administration (FAA) operations (OPS): memphis, tn / unmanned aircraft systems (UAS) sighting/1530c/memphis terminal radar approach control facility (TRACON) advised, b763, mem-atl, reported a unmanned aircraft systems (UAS) from the 1 of the clock position while nne bound at 4,000 feet 7 nne mem.No evasive action taken.Memphis pd notified.",2024-02-23T15:30:00Z,35.1495,-89.9764,4000.0,medium
7959,2024-02-23,Pomona,California,"Prelim information (INFO) from federal aviation administration (FAA) operations (OPS): pomona, ca / unmanned aircraft systems (UAS) sighting/2052e/southern california terminal radar approach control (TRACON) advised, cirrus s22t, reported a unmanned aircraft systems (UAS) from the 11 of the clock position while W bound at 3,500 feet 5 W pomona vor collocated with tacan (VORTAC) (POM).No evasive action taken.Ponoma pd notified.",2024-02-23T20:52:00Z,34.0592,-117.8806,3500.0,medium
7960,2024-02-24,New york,New york,"Prelim information (INFO) from federal aviation administration (FAA) operations (OPS): new york, ny / unmanned aircraft systems (UAS) sighting/0944e/la guardia airport traffic control tower (ATCT) advised, cessna c210, reported a unmanned aircraft systems (UAS) while sw bound at 1,500 feet vcnty lga.No evasive action taken.Nypd helo notified.",2024-02-24T09:44:00Z,40.7769,-73.874,1500.0,medium
7961,2024-02-24,Eau claire,Wisconsin,"Prelim information (INFO) from federal aviation administration (FAA) operations (OPS): eau claire, wi / unmanned aircraft systems (UAS) incident/0908c/eau claire airport traffic control tower (ATCT) advised, helo, reported a unmanned aircraft systems (UAS) while S bound at 2,000 feet 1.5 no earlier (NE) eau. An arriving aircraft (ACFT) was switched to rwy14 to avoid the area.Chippewa county sheriff notified.",2024-02-24T09:08:00Z,44.8775,-91.4836,2000.0,medium
7962,2024-02-24,Raleigh/durham,North carolina,"Prelim information (INFO) from federal aviation administration (FAA) operations (OPS): raleigh-durham, nc / unmanned aircraft systems (UAS) sighting/1029e/raleigh airport traffic control tower (ATCT) advised, piper p28a, rdu-rdu, reported a unmanned aircraft systems (UAS) from the 3 oâ€™clock position while E bound at 3,000 feet 11 ssw rdu.No evasive action taken.Wake county sheriff notified.",2024-02-24T10:29:00Z,35.7333,-78.85,3000.0,medium
7963,2024-02-24,New orleans,Louisiana,"Prelim information (INFO) from federal aviation administration (FAA) operations (OPS): new orleans, la / unmanned aircraft systems (UAS) sighting/1200c/lakefront airport traffic control tower (ATCT) advised, cessna c56x, bhm-new, reported a unmanned aircraft systems (UAS) while E bound at 1,500 feet 4 ssw new.No evasive action taken.Nopd notified.",2024-02-24T12:00:00Z,29.9833,-90.0667,1500.0,medium
7964,2024-02-24,Chicago,Illinois,"Prelim information (INFO) from federal aviation administration (FAA) operations (OPS): chicago, il / unmanned aircraft systems (UAS) sighting/1410c/chicago terminal radar approach control (TRACON) advised, b738, mdw-bwi, reported a black unmanned aircraft systems (UAS) from the 12 of the clock position while E bound at 8,000 feet 7 E mdw.No evasive action taken.Chicago fbi notified.",2024-02-24T14:10:00Z,41.7453,-87.6319,8000.0,medium
7965,2024-02-24,Pensacola,Florida,"Prelim information (INFO) from federal aviation administration (FAA) operations (OPS): pensacola, flight level (FL) / unmanned aircraft systems (UAS) sighting/1604c/pensacola airport traffic control tower (ATCT) advised, b06, ndz-ndz, reported a unmanned aircraft systems (UAS) from the 3 oâ€™clock position while N bound at 400 feet 2 W pns.No evasive action taken.Pensacola pd notified.",2024-02-24T16:04:00Z,30.4731,-87.2214,400.0,medium
7966,2024-02-24,Athens,Georgia,"Prelim information (INFO) from federal aviation administration (FAA) operations (OPS): athens, general aviation (GA) / unmanned aircraft systems (UAS) sighting/1821e/atlanta terminal radar approach control (TRACON) advised, raytheon be36, reported a gold unmanned aircraft systems (UAS) at the 2 of the clock position while N bound at 5,100 feet 16 ese ahn.No evasive action taken.Greene county sheriff notified.",2024-02-24T18:21:00Z,33.7833,-82.9167,5100.0,medium
7967,2024-02-24,Salt lake city,Utah,"Prelim information (INFO) from federal aviation administration (FAA) operations (OPS): salt lake city, ut / unmanned aircraft systems (UAS) sighting/1559m/salt lake airport traffic control tower (ATCT) advised, diamond da40, twf-pvu, reported a gray unmanned aircraft systems (UAS) from the 10 of the clock position while S bound at 6,500 feet 2 se wasatch vor collocated with tacan (VORTAC) (TCH).No evasive action taken.Salt lake city pd notified.",2024-02-24T15:59:00Z,40.7167,-111.9667,6500.0,medium
7968,2024-02-24,Galveston,Texas,"Prelim information (INFO) from federal aviation administration (FAA) operations (OPS): galveston, tx / unmanned aircraft systems (UAS) sighting/1708c/houston terminal radar approach control (TRACON) advised, diamond da40, reported unmanned aircraft systems (UAS) at the 2 of the clock position while se bound at 3,000 feet 8 N scholes very high frequency omnidirectional range (VOR) (VUH).No evasive action taken.No leo notification provided.",2024-02-24T00:00:00Z,29.3833,-94.7833,3000.0,medium
7969,2024-02-24,Memphis,Tennessee,"Prelim information (INFO) from federal aviation administration (FAA) operations (OPS): memphis, tn / unmanned aircraft systems (UAS) sighting/1803c/memphis airport traffic control tower (ATCT) advised, b738, clt-mem, reported a dark unmanned aircraft systems (UAS) while N bound at 2,000 feet 5 S mem.No evasive action taken.Southaven pd notified.",2024-02-24T18:03:00Z,35.008,-89.9767,2000.0,medium
7970,2024-02-24,Niles,Michigan,"Prelim information (INFO) from federal aviation administration (FAA) operations (OPS): niles, mile (MI) / unmanned aircraft systems (UAS) sighting/1924e/south bend airport traffic control tower (ATCT) advised, crj2, ord-sbn, reported a yellow unmanned aircraft systems (UAS) while W bound at 2,400 feet 6 se gipper vor collocated with tacan (VORTAC) (GIJ).No evasive action taken.Leo notification not reported.",2024-02-24T19:24:00Z,41.6667,-86.25,2400.0,medium
7971,2024-02-24,Dallas,Texas,"Prelim information (INFO) from federal aviation administration (FAA) operations (OPS): dallas, tx / unmanned aircraft systems (UAS) sighting/1829c/love airport traffic control tower (ATCT) advised, robinson r44, reported a black quad-copter unmanned aircraft systems (UAS) while nnw bound at 800 feet 6 se dal.No evasive action taken.Dfw dps notified.",2024-02-24T18:29:00Z,32.7389,-96.7544,800.0,medium
7972,2024-02-24,Mesa,Arizona,"Prelim information (INFO) from federal aviation administration (FAA) af operations (OPS): mesa, az / unmanned aircraft systems (UAS) sighting/1715m/mesa airport traffic control tower (ATCT) advised, cessna c172, reported a unmanned aircraft systems (UAS) at the 1 of the clock position while sw bound at 2,400 feet 1 sw ffz.No evasive action.Mesa pd notified.",2024-02-24T17:15:00Z,33.4628,-111.7395,2400.0,medium
7973,2024-02-25,Newark,New jersey,"Prelim information (INFO) from federal aviation administration (FAA) operations (OPS): newark, nj / unmanned aircraft systems (UAS) sighting/1054e/newark airport traffic control tower (ATCT) advised, a320, san juan, puerto rico (TJSJ)-ewr, reported a white unmanned aircraft systems (UAS) from the 9 of the clock position while sw bound at 800 feet 2 no earlier (NE) ewr.No evasive action taken.Port authority pd notified.",2024-02-25T10:54:00Z,40.6895,-74.1745,800.0,medium
7974,2024-02-25,Newark,New jersey,"[message status] information (INFO) from federal aviation administration (FAA) af operations (OPS): newark, nj / unmanned aircraft systems (UAS) sighting/1054e/newark airport traffic control tower (ATCT) advised, a320, san juan, puerto rico (TJSJ)-ewr, reported a white unmanned aircraft systems (UAS) from the 9 of the clock position while sw bound at 800 feet 2 no earlier (NE) ewr.No evasive action taken.Port authority pd notified.",2024-02-25T10:54:00Z,40.6895,-74.1745,800.0,medium
7975,2024-02-25,Portsmouth,New hampshire,"Prelim information (INFO) from federal aviation administration (FAA) operations (OPS): portsmouth, nh / unmanned aircraft systems (UAS) sighting/1315e/boston terminal radar approach control (TRACON) advised, piper p28a, reported two black unmanned aircraft systems (UAS) from the 12 of the clock position 200 feet below while sw bound at 2,400 feet 18 S psm.No evasive action taken.Leo notification not reported.",2024-02-25T13:15:00Z,42.9078,-70.9733,2400.0,medium
7976,2024-02-25,Providence,Rhode island,"Prelim information (INFO) from federal aviation administration (FAA) operations (OPS): providence, ri / unmanned aircraft systems (UAS) sighting/1350e/providence airport traffic control tower (ATCT) advised, e145, iad-plan view display (PVD), reported a white unmanned aircraft systems (UAS) from the 3 of the clock position while no earlier (NE) bound at 5,000 feet 15 S plan view display (PVD).No evasive action taken.Leo notification not reported.",2024-02-25T13:50:00Z,41.6076,-71.4954,5000.0,medium
7977,2024-02-25,Houston,Texas,"Prelim information (INFO) from federal aviation administration (FAA) operations (OPS): houston, tx / unmanned aircraft systems (UAS) sighting/1335c/houston terminal radar approach control (TRACON) advised, beech be20, reported a unmanned aircraft systems (UAS) from the 12 of the clock position 20 feet above while E bound at 7,000 feet 10 nnw hou.No evasive action taken.Fbi notified.",2024-02-25T13:35:00Z,30.0636,-95.5486,7000.0,medium
7978,2024-02-25,Calverton,New york,"Prelim information (INFO) from federal aviation administration (FAA) af operations (OPS): calverton, ny / unmanned aircraft systems (UAS) sighting/1753e/boston air route traffic control center (ARTCC) advised, b772, london, united kingdom (EGKK)-jfk, reported a unmanned aircraft systems (UAS) 1,000 feet below aircraft (ACFT) while wsw bound at 15,200 feet 15 ene calverton very high frequency omnidirectional range (VOR).No evasive action taken.Southold pd notified.",2024-02-25T17:53:00Z,40.9667,-72.5833,14200.0,medium
7979,2024-02-25,Houston,Texas,"Prelim information (INFO) from federal aviation administration (FAA) operations (OPS): houston, tx / unmanned aircraft systems (UAS) sighting/1657c/houston intcl airport traffic control tower (ATCT) advised, cessna t210, cew-iws, reported a unmanned aircraft systems (UAS) 1,000 feet below aircraft (ACFT) while W bound at 2,000 feet 10 S iah.No evasive action taken.Fbi notified.",2024-02-25T16:57:00Z,29.8046,-95.3964,1000.0,medium
7980,2024-02-26,Seattle,Washington,"Prelim information (INFO) from federal aviation administration (FAA) operations (OPS): seattle, wa / unmanned aircraft systems (UAS) sighting/1020p/seattle airport traffic control tower (ATCT) advised, b39m, ord-sea, reported a unmanned aircraft systems (UAS) from the 12 of the clock position while S bound at 1,300 feet 4 nnw sea.No evasive action taken.Port of seattle pd notified.",2024-02-26T22:20:00Z,47.5333,-122.3667,1300.0,medium
7981,2024-02-26,Orlando,Florida,"Prelim information (INFO) from federal aviation administration (FAA) operations (OPS): orlando, flight level (FL) / unmanned aircraft systems (UAS) sighting/1720e/kissimmee fct advised, cessna c172, observed a unmanned aircraft systems (UAS) at 9 of the clock position while on downwind 1 N kissimmee.No evasive action reported.Kissimmee pd notified.",2024-02-26T17:20:00Z,28.2989,-81.4359,1000.0,medium
7982,2024-02-26,Atlanta,Georgia,"Prelim information (INFO) from federal aviation administration (FAA) operations (OPS): atlanta, general aviation (GA) / unmanned aircraft systems (UAS) sighting/1848e/dekalb-peachtree airport traffic control tower (ATCT) advised, piper p28r, reported a black unmanned aircraft systems (UAS) from the 9 of the clock position while sw bound at 1,900 feet 3 nne pdk.No evasive action taken.Chamblee pd notified.",2024-02-26T18:48:00Z,33.9075,-84.2922,1900.0,medium
7983,2024-02-27,Miami,Florida,"Prelim information (INFO) from federal aviation administration (FAA) operations (OPS): miami, flight level (FL) / unmanned aircraft systems (UAS) sighting/0907e/miami airport traffic control tower (ATCT) advised, a320, bdl-mia, reported a black unmanned aircraft systems (UAS) from the 9 of the clock position while northwest (NW) bound at 4,800 feet 8 nnw mia.No evasive action taken.Miami dade pd notified.",2024-02-27T09:07:00Z,25.8636,-80.3053,4800.0,medium
7984,2024-02-27,Fort myers,Florida,"Prelim information (INFO) from federal aviation administration (FAA) operations (OPS): fort myers, flight level (FL) / unmanned aircraft systems (UAS) sighting/1350e/fort myers approach (APCH) advised, a321, dfw-rsw, reported a white unmanned aircraft systems (UAS) while ene bound at 4,000 feet 5 S rsw.No evasive action taken.Lee county sheriff notified.",2024-02-27T13:50:00Z,26.492222,-81.755556,4000.0,medium
7985,2024-02-27,Fort myers,Florida,"Prelim information (INFO) from federal aviation administration (FAA) operations (OPS): fort myers, flight level (FL) / unmanned aircraft systems (UAS) sighting/1400e/fort myers airport traffic control tower (ATCT) advised, b738, mci-rsw, reported 4 unmanned aircraft systems (UAS) while ene bound at 3,500 feet 5 S rsw.No evasive action taken.Lee county sheriff notified.",2024-02-27T14:00:00Z,26.49667,-81.75556,3500.0,medium
7986,2024-02-27,Fort myers,Florida,"Prelim information (INFO) from federal aviation administration (FAA) af operations (OPS): fort myers, flight level (FL) / unmanned aircraft systems (UAS) sighting/1405e/fort myers airport traffic control tower (ATCT) advised, a321, cvg-rsw, reported 4 unmanned aircraft systems (UAS) while ene bound at 5,000 feet 5 ssw rsw.No evasive action taken.Lee county sheriff notified.",2024-02-27T14:05:00Z,26.492222,-81.805556,5000.0,medium
7987,2024-02-28,San francisco,California,"Prelim information (INFO) from federal aviation administration (FAA) operations (OPS): san francisco, ca / unmanned aircraft systems (UAS) sighting/0948p/northern california terminal radar approach control facility (TRACON) advised, a319, slc-sfo, reported a white unmanned aircraft systems (UAS) from the 1 of the clock position while N bound at 5,000 feet 16 ese sfo.No evasive action taken.Leo notification not reported.",2024-02-28T21:48:00Z,37.4667,-121.9167,5000.0,medium
7988,2024-02-28,San francisco,California,"Prelim information (INFO) from federal aviation administration (FAA) operations (OPS): san francisco, ca / unmanned aircraft systems (UAS) sighting/0948p/northern california terminal radar approach control facility (TRACON) advised, b738, rdu-sfo, reported a white unmanned aircraft systems (UAS) from the 1 of the clock position while N bound at 5,000 feet 16 ese sfo.No evasive action taken.Leo notification not reported.",2024-02-28T21:48:00Z,37.4667,-121.9167,5000.0,medium
7989,2024-02-28,Van nuys,California,"Prelim information (INFO) from federal aviation administration (FAA) af operations (OPS): van nuys, conflict alert (CA) / unmanned aircraft systems (UAS) sighting/0950p/van nuys airport traffic control tower (ATCT) advised, piper p28a, reported a unmanned aircraft systems (UAS) from the 6 of the clock position while W bound at 2,500 feet 4 W vny.No evasive action reported.Leo helo notified.",2024-02-28T21:50:00Z,34.2199,-118.5506,2500.0,medium
7990,2024-02-28,Chino,California,"Prelim information (INFO) from federal aviation administration (FAA) operations (OPS): chino, conflict alert (CA) / unmanned aircraft systems (UAS) sighting/1045p/chino fct advised, piper p28a, reported a black unmanned aircraft systems (UAS) from the 2 of the clock position while E bound at 1,500 feet 9 se cno.no evasive action reported.Corona pd notified.",2024-02-28T22:45:00Z,33.9075,-117.5208,1500.0,medium
7991,2024-02-28,Phoenix,Arizona,"Prelim information (INFO) from federal aviation administration (FAA) operations (OPS): phoenix, az / unmanned aircraft systems (UAS) sighting/1332m/williams gateway federal contract tower (FCT) advised, piper p28a, avq-cgz, reported a unmanned aircraft systems (UAS) from the 2 of the clock position while nne bound at 2,600 feet 1 N iwa.No evasive action taken.Mesa pd notified.",2024-02-28T13:32:00Z,33.3178,-111.6547,2600.0,medium
7992,2024-02-28,San antonio,Texas,"Prelim information (INFO) from federal aviation administration (FAA) operations (OPS): san antonio, tx / unmanned aircraft systems (UAS) sighting/1645c/san antonio airport traffic control tower (ATCT) advised, b738, phx-sat, reported a unmanned aircraft systems (UAS) from the 9 of the clock position while se bound at 3,500 feet 17 sw sat.No evasive action reported.Sapd notified.",2024-02-28T16:45:00Z,29.2667,-98.7167,3500.0,medium
7993,2024-02-28,Houston,Texas,"Prelim information (INFO) from federal aviation administration (FAA) operations (OPS): houston, tx / unmanned aircraft systems (UAS) sighting/1705c/houston terminal radar approach control (TRACON) advised, b38m, alberta, canada (CYYC)-iah, reported black unmanned aircraft systems (UAS), 50 feet above aircraft (ACFT) from the left side while W bound at 3,000 feet 15 W iah.No evasive action taken.Fbi notified.",2024-02-28T17:05:00Z,29.9902,-95.5602,3000.0,medium
7994,2024-03-02,Mesa,Arizona,"Prelim information (INFO) from federal aviation administration (FAA) operations (OPS): mesa, az / unmanned aircraft systems (UAS) sighting/0849m/falcon airport traffic control tower (ATCT) advised, piper p28a, reported a unmanned aircraft systems (UAS) 300 feet below while W bound at 2,400 feet 10 E ffz.No evasive action taken. Mesa air support notified.",2024-03-02T08:49:00Z,33.4604,-111.5281,2400.0,medium
7995,2024-03-02,Mesa,Arizona,"Prelim information (INFO) from federal aviation administration (FAA) operations (OPS): mesa, az / unmanned aircraft systems (UAS) sighting/0916m/falcon airport traffic control tower (ATCT) advised, piper p28a, ffz-ffz, reported a blue and grey unmanned aircraft systems (UAS) from the 12 of the clock position sw bound at 600 feet 1 sw ffz.No evasive action taken.Mesa pd notified.",2024-03-02T09:16:00Z,33.4604,-111.7336,600.0,medium
7996,2024-03-02,El paso,Texas,"Prelim information (INFO) from federal aviation administration (FAA) af operations (OPS): el paso, tx / unmanned aircraft systems (UAS) sighting/1245m/el paso airport traffic control tower (ATCT) advised, be20, reported a unmanned aircraft systems (UAS) at the 3 of the clock position while S bound at 8,000 feet 15 ene elp.No evasive action taken.El paso dps notified.",2024-03-02T12:45:00Z,31.9333,-105.9667,8000.0,medium
7997,2024-03-02,St louis,Missouri,"Prelim information (INFO) from federal aviation administration (FAA) operations (OPS): st louis, mo / unmanned aircraft systems (UAS) sighting/1750c/st louis terminal radar approach control facility (TRACON) advised, piper pa32, sus-1h2, reported a black unmanned aircraft systems (UAS) from the 12 of the clock position while nne bound at 5,000 feet 8 nne stl.No evasive action taken.St louis county pd notified.",2024-03-02T17:50:00Z,38.8975,-90.3073,5000.0,medium
7998,2024-03-03,Teterboro,New jersey,"Prelim information (INFO) from federal aviation administration (FAA) operations (OPS): teterboro, nj / unmanned aircraft systems (UAS) sighting/1250e/new york terminal radar approach control (TRACON) advised, bombardier glex, teb-pbi, reported a silver unmanned aircraft systems (UAS) from the 9 of the clock position while sw bound at 5,600 feet 10 W teb.No evasive action taken new jersey pd aviation notified.",2024-03-03T12:50:00Z,40.8501,-74.2611,5600.0,medium
7999,2024-03-03,New york,New york,"Prelim information (INFO) from federal aviation administration (FAA) operations (OPS): new york, ny / unmanned aircraft systems (UAS) sighting/1330e/new york terminal radar approach control facility (TRACON) advised, e190, chs-jfk, reported a unmanned aircraft systems (UAS) while northwest (NW) bound at 2,000 feet 19 S jfk.No evasive action taken.New york pd notified.",2024-03-03T13:30:00Z,40.5089,-73.9692,2000.0,medium
8000,2024-03-03,Charleston,South carolina,"Prelim information (INFO) from federal aviation administration (FAA) af operations (OPS): charleston, sc / unmanned aircraft systems (UAS) sighting/1332e/charleston airport traffic control tower (ATCT) advised, cessna c25b, governors harbour, bahamas (MYEM)-chs, reported a red and black unmanned aircraft systems (UAS) from the 5 of the clock position while no earlier (NE) bound at 1,000 feet 4 ssw chs.No evasive action taken.Charleston county pd notified.",2024-03-03T13:32:00Z,32.8589,-80.075,1000.0,medium
8001,2024-03-03,Atlanta,Georgia,"Prelim information (INFO) from federal aviation administration (FAA) operations (OPS): atlanta, general aviation (GA) / unmanned aircraft systems (UAS) sighting/1533e/peachtree-dekalb tower advised, socata tbm7, reported a orange unmanned aircraft systems (UAS) from the 3 of the clock position while no earlier (NE) bound at 2,000 feet 2.5 miles N pdk.No evasive action taken.Chamblee pd notified.",2024-03-03T15:33:00Z,33.9186,-84.2964,2000.0,medium
8002,2024-03-03,Dallas-fort worth,Texas,"Prelim information (INFO) from federal aviation administration (FAA) operations (OPS): dallas-fort worth, tx / unmanned aircraft systems (UAS) sighting/1447c/dallas-ft worth terminal radar approach control (TRACON) advised, b738, tul-dfw, reported a black and white unmanned aircraft systems (UAS) while se bound at 4,000 feet 6 miles se maverick very high frequency omnidirectional range (VOR).No evasive action taken. Dallas-ft worth dps notified.",2024-03-03T14:47:00Z,32.7167,-96.9333,4000.0,medium
8003,2024-03-05,Dallas,Texas,"Prelim information (INFO) from federal aviation administration (FAA) operations (OPS): dallas, tx / unmanned aircraft systems (UAS) sighting/late report-1546c/addison tower advised, diamond da62, enterprise data center (EDC)-automatic dependent surveillance (ADS), reported at unmanned aircraft systems (UAS) 1,000 feet below while nnw bound at 1,400 feet 2 S automatic dependent surveillance (ADS).No evasive action reported.Leos notified.",2024-03-05T00:00:00Z,32.9489,-96.8361,1400.0,medium
8004,2024-03-05,Las vegas,Nevada,"Prelim information (INFO) from federal aviation administration (FAA) operations (OPS): las vegas, nv / unmanned aircraft systems (UAS) sighting/2100p/las vegas airport traffic control tower (ATCT) advised, b737, calgary, canada (CYYC)-las, reported a unmanned aircraft systems (UAS) at 100 feet while W bound at 100 feet.5 E las.No evasive action taken. Las vegas airport (ARPT) pd notified.",2024-03-05T21:00:00Z,36.08,-115.0167,100.0,medium
8005,2024-03-07,Las vegas,Nevada,"Prelim information (INFO) from federal aviation administration (FAA) operations (OPS): las vegas, nv / unmanned aircraft systems (UAS) sighting/1537p/north vegas airport traffic control tower (ATCT) advised, piper p28a, unkn-vgt, reported white unmanned aircraft systems (UAS) 50 feet above aircraft (ACFT) from the 6 of the clock position while se bound at 2,500 feet 7 northwest (NW) las.No evasive action reported.No law enforcement notification reported.",2024-03-07T15:37:00Z,36.2807,-115.2611,2500.0,medium
8006,2024-03-07,Everett,Washington,"Prelim information (INFO) from federal aviation administration (FAA) af operations (OPS): everett, wa / unmanned aircraft systems (UAS) sighting/1625p/paine airport traffic control tower (ATCT) advised, helo, reported a unmanned aircraft systems (UAS) while N bound at 1,300 feet 5 se pae.No evasive action taken.Snohomish county notified.",2024-03-07T16:25:00Z,47.8673,-122.2284,1300.0,medium
8007,2024-03-08,Orlando,Florida,"Prelim information (INFO) from federal aviation administration (FAA) operations (OPS): orlando, flight level (FL) / unmanned aircraft systems (UAS) sighting/1550e/orlando airport traffic control tower (ATCT) advised, a339, amsterdam, netherlands (EHAM)-mco, reported a white unmanned aircraft systems (UAS) off left side while S bound at 1,000 feet 3 N mco.No evasive action taken.Orange county sheriff notified.",2024-03-08T15:50:00Z,28.4639,-81.3089,1000.0,medium
8008,2024-03-08,Orlando,Florida,"Prelim information (INFO) from federal aviation administration (FAA) af operations (OPS): orlando, flight level (FL) / unmanned aircraft systems (UAS) sighting/1625e/orlando airport traffic control tower (ATCT) advised, b738, san juan, puerto rico (TJSJ)-mco, reported a black unmanned aircraft systems (UAS) off left side while S bound at 800 feet 1 N mco.No evasive action taken.Orange county sheriff notified.",2024-03-08T16:25:00Z,28.4394,-81.3089,800.0,medium
8009,2024-03-08,Phoenix,Arizona,"Prelim information (INFO) from federal aviation administration (FAA) operations (OPS): phoenix, az / unmanned aircraft systems (UAS) sighting/1805m/phoenix terminal radar approach control (TRACON) advised, b737, phx-ont, reported a white unmanned aircraft systems (UAS) while wsw bound at 3,000 feet 2 wsw pxr.No evasive action taken.Leo notification not reported.",2024-03-08T18:05:00Z,33.4348,-112.0263,3000.0,medium
8010,2024-03-08,Santa rosa,California,"Prelim information (INFO) from federal aviation administration (FAA) operations (OPS): santa rosa, conflict alert (CA) / unmanned aircraft systems (UAS) sighting/1719p/santa rosa airport traffic control tower (ATCT) advised, cessna c185, trk-sts, reported red and black unmanned aircraft systems (UAS) at same altitude while no earlier (NE) bound at 900 feet 1 nne sts.No evasive action taken. Santa rosa sheriff notified.",2024-03-08T17:19:00Z,38.5203,-122.8076,900.0,medium
8011,2024-03-08,Palm coast,Florida,"Prelim information (INFO) from federal aviation administration (FAA) operations (OPS): palm coast, flight level (FL) / unmanned aircraft systems (UAS) sighting/2153e/daytona beach airport traffic control tower (ATCT) advised, cessna c172, sgj-evb, reported a unmanned aircraft systems (UAS) while se bound at 4,000 feet 2 E fin.No evasive action taken.Flagler county sheriff notified.",2024-03-08T21:53:00Z,29.4683,-81.1867,4000.0,medium
8012,2024-03-09,Birmingham,Alabama,"Prelim information (INFO) from federal aviation administration (FAA) operations (OPS): birmingham, al / unmanned aircraft systems (UAS) sighting/1205c/birmingham airport traffic control tower (ATCT) advised, cirrus sr22, [departure]-[arrival], reported a red and white unmanned aircraft systems (UAS) while on approach to runway 24 at 2,200 feet vcnty birmingham. Pic had to alter course to continued and land runway 24.No leo notification made.Leap was notified.",2024-03-09T12:05:00Z,33.5628,-86.7539,2200.0,medium
8013,2024-03-09,West palm beach,Florida,"Prelim information (INFO) from federal aviation administration (FAA) operations (OPS): west palm beach, flight level (FL) / unmanned aircraft systems (UAS) sighting/1515e/miami air route traffic control center (ARTCC) advised, bombardier cl60, toronto, canada (CYYZ)-opf, reported a black and silver unmanned aircraft systems (UAS) while ssw bound at 10,000 feet 15 nne pbi.No evasive action taken.Fbi notified.",2024-03-09T15:15:00Z,26.8833,-80.0833,10000.0,medium
8014,2024-03-09,Van nuys,California,"Prelim information (INFO) from federal aviation administration (FAA) operations (OPS): van nuys, conflict alert (CA) / unmanned aircraft systems (UAS) incident/2235p/va nuys airport traffic control tower (ATCT) advised, cirrus sr22, f70-vny, reported a unmanned aircraft systems (UAS) from the 9 of the clock position while W bound at 1,800 feet 1 E vny. Pic made turns to avoid unmanned aircraft systems (UAS).Leo notification not reported.",2024-03-09T22:35:00Z,34.2105,-118.4775,1800.0,medium
8015,2024-03-10,Pensacola,Florida,"Prelim information (INFO) from federal aviation administration (FAA) operations (OPS): pensacola, flight level (FL) / unmanned aircraft systems (UAS) sighting/1055c/pensacola terminal radar approach control (TRACON) advised, piper p28a, pns-pns, reported a unmanned aircraft systems (UAS) from the 5 of the clock position while S bound at 1,700 feet 2 se saufley very high frequency omnidirectional range (VOR).No evasive action taken.Escambia county sheriff notified.",2024-03-10T10:55:00Z,30.4333,-87.2667,1700.0,medium
8016,2024-03-10,Worcester,Massachusetts,"Prelim information (INFO) from federal aviation administration (FAA) operations (OPS): worcester, ma / unmanned aircraft systems (UAS) sighting/1450e/yankee terminal radar approach control facility (TRACON) advised, pilatus pc12, bos-bdr, reported a unmanned aircraft systems (UAS) 500 feet below aircraft (ACFT) from the 10 of the clock position while W bound at 6,000 feet 15 S orh.No evasive action taken.Massachusetts state pd notified.",2024-03-10T14:50:00Z,42.1333,-71.9333,6000.0,medium
8017,2024-03-10,Atlanta,Georgia,"Prelim information (INFO) from federal aviation administration (FAA) operations (OPS): atlanta, general aviation (GA) / unmanned aircraft systems (UAS) sighting/1600e/atlanta terminal radar approach control (TRACON) advised, b752, reported a silver unmanned aircraft systems (UAS) while W bound at 3,000 feet 18 E atlanta.Clayton county sheriff notified.",2024-03-10T16:00:00Z,33.6489,-84.0728,3000.0,medium
8018,2024-03-10,Omaha,Nebraska,"Prelim information (INFO) from federal aviation administration (FAA) operations (OPS): omaha, no earlier (NE) / unmanned aircraft systems (UAS) sighting/1525c/omaha terminal radar approach control (TRACON) advised, cessna c172, mle-mle, reported a white unmanned aircraft systems (UAS) from the 6 of the clock position while northwest (NW) bound at 3,000 feet4 W oma.No evasive action reported.Omaha pd notified.",2024-03-10T15:25:00Z,41.3032,-96.1964,3000.0,medium
8019,2024-03-10,Los angeles,California,"Prelim information (INFO) from federal aviation administration (FAA) af operations (OPS): los angeles, ca / unmanned aircraft systems (UAS) sighting/1627p/torrance airport traffic control tower (ATCT) advised, cessna c172, observed a unmanned aircraft systems (UAS) while west-northwest bound at 1,500 feet, 14 se lax. Acft made a slight deviation to avoid unmanned aircraft systems (UAS).No leo notification provided.",2024-03-10T16:27:00Z,33.8621,-118.2987,1500.0,medium
8020,2024-03-10,New braunfels,Texas,"Prelim information (INFO) from federal aviation administration (FAA) operations (OPS): new braunfels, transmitter (TX) / unmanned aircraft systems (UAS) sighting/1843c/new braunfels municipal fct advised, cessna c172, baz-baz, reported a black unmanned aircraft systems (UAS) while se bound at 500 feet 1 N baz.No evasive action taken.New braunfels pd notified.",2024-03-10T18:43:00Z,29.7131,-98.0506,500.0,medium
8021,2024-03-10,Nashville,Tennessee,"Prelim information (INFO) from federal aviation administration (FAA) af operations (OPS): nashville, tn / unmanned aircraft systems (UAS) sighting/1902c/nashville airport traffic control tower (ATCT) advised, helo, reported a unmanned aircraft systems (UAS) from the 12 of the clock position while W bound at 1,500 feet 5 wnw bna.No evasive action taken. Uas landed at drury inn downtown hotel.Nashville pd notified.",2024-03-10T19:02:00Z,36.1544,-86.7889,1500.0,medium
8022,2024-03-11,Fayetteville-springdale-rogers,Arkansas,"Prelim information (INFO) from federal aviation administration (FAA) af operations (OPS): fayetteville-springdale-rogers, ar / unmanned aircraft systems (UAS) sighting/0912c/fort smith airport traffic control tower (ATCT) advised, cirrus sr20, rvs-rog, reported a unmanned aircraft systems (UAS) below the aircraft (ACFT) from the 12 of the clock position while E bound at 3,400 feet 5 wnw xna.No evasive actions reported.Mcdonald county sheriff notified.",2024-03-11T09:12:00Z,36.3167,-94.3833,3400.0,medium
8023,2024-03-12,Oakland,California,"Prelim information (INFO) from federal aviation administration (FAA) af operations (OPS): oakland, ca / unmanned aircraft systems (UAS) sighting/0459p/oakland airport traffic control tower (ATCT) advised, b763, rfd-oak, reported unmanned aircraft systems (UAS) below aircraft (ACFT) while ese bound at 500 feet 1 wnw oak.No evasive action reported.Alameda county sheriff notified.",2024-03-12T04:59:00Z,37.73333,-122.23333,500.0,medium
8024,2024-03-12,Jacksonville,Florida,"Prelim information (INFO) from federal aviation administration (FAA) operations (OPS): jacksonville, flight level (FL) / unmanned aircraft systems (UAS) sighting/1618e/jacksonville airport traffic control tower (ATCT) advised, p8, reported 3 unmanned aircraft systems (UAS) (1 white, 2 gray) from the 3 of the clock position while W bound at 2,000 feet 7 E jax.No evasive action reported.Duval county sheriff notified.",2024-03-12T16:18:00Z,30.3544,-81.4089,2000.0,medium
8025,2024-03-12,Raleigh/durham,North carolina,"Prelim information (INFO) from federal aviation administration (FAA) operations (OPS): raleigh-durham, nc / unmanned aircraft systems (UAS) sighting/1656e/raleigh-durham airport traffic control tower (ATCT) advised, piper p28a, reported a unmanned aircraft systems (UAS) 50 feet above aircraft (ACFT) while northwest (NW) bound at 3,200 feet 7 northwest (NW) rdu.No evasive action taken.Durham county sheriff notified.",2024-03-12T16:56:00Z,35.9742,-78.8836,3200.0,medium
8026,2024-03-13,Fort lauderdale,Florida,"Prelim information (INFO) from federal aviation administration (FAA) operations (OPS): fort lauderdale, flight level (FL) / unmanned aircraft systems (UAS) sighting/1127e/fort lauderdale executive airport traffic control tower (ATCT) advised, gulfstream glf4, fxe-fxe, reported a unmanned aircraft systems (UAS) 200 feet below aircraft (ACFT) from the 3 of the clock position while E bound at 2,000 feet 7 W fxe.No evasive action taken.Broward county sheriff notified.",2024-03-13T11:27:00Z,26.197222,-80.270833,2000.0,medium
8027,2024-03-13,Fort lauderdale,Florida,"Prelim information (INFO) from federal aviation administration (FAA) operations (OPS): fort lauderdale, flight level (FL) / unmanned aircraft systems (UAS) incident/1128e/fort lauderdale executive airport traffic control tower (ATCT) advised, piper pa31, north eleuthera, bahamas (MYEH)-fxe, reported a small white unmanned aircraft systems (UAS) 100 feet above aircraft (ACFT) while E bound at 300 feet 1 W fxe.Evasive action was taken.Broward county sheriff notified.",2024-03-13T11:28:00Z,26.1975,-80.1853,400.0,medium
8028,2024-03-13,Greensboro,North carolina,"Prelim information (INFO) from federal aviation administration (FAA) af operations (OPS): greensboro, nc / unmanned aircraft systems (UAS) sighting/1539e/greensboro airport traffic control tower (ATCT) advised, pilatus pc24, reported a silver unmanned aircraft systems (UAS) 200 feet above aircraft (ACFT) while sw bound at 10,000 feet 1 sw gso.No evasive action reported. Greensboro airport (ARPT) pd notified.",2024-03-13T15:39:00Z,36.0799,-79.9559,10200.0,medium
8029,2024-03-13,Scottsdale,Arizona,"Prelim information (INFO) from federal aviation administration (FAA) operations (OPS): scottsdale, az / unmanned aircraft systems (UAS) sighting/1330m/scottsdale airport traffic control tower (ATCT) advised, cessna c172, sdl-sdl, reported an orange unmanned aircraft systems (UAS) while N bound at 3,000 feet 4 northwest (NW) sdl. The unmanned aircraft systems (UAS) was near the power plant.No evasive action taken.Phoenix pd (operator taylor) was notified.",2024-03-13T13:30:00Z,33.6667,-111.9667,3000.0,medium
8030,2024-03-14,Rochester,New york,"Prelim information (INFO) from federal aviation administration (FAA) operations (OPS): rochester, ny / unmanned aircraft systems (UAS) sighting/1115e/rochester airport traffic control tower (ATCT) advised, cessna c172, regional operations center (ROC)-regional operations center (ROC), reported a unmanned aircraft systems (UAS) from the 9 oâ€™clock position while ene bound at 1,500 feet 1 S regional operations center (ROC).No evasive action taken.Monroe county dispatch notified.",2024-03-14T11:15:00Z,43.1092,-77.6728,1500.0,medium
8031,2024-03-14,Savannah,Georgia,"Prelim information (INFO) from federal aviation administration (FAA) af operations (OPS): savannah, general aviation (GA) / unmanned aircraft systems (UAS) sighting/1817e/savannah airport traffic control tower (ATCT) advised, e145, sav-clt, reported a blue unmanned aircraft systems (UAS) while no earlier (NE) bound at 7,000 feet 5 E sav.No evasive action taken. Savannah airport (ARPT) pd notified.",2024-03-14T18:17:00Z,32.1508,-80.9486,7000.0,medium
8032,2024-03-15,Fort myers,Florida,"Prelim information (INFO) from federal aviation administration (FAA) operations (OPS): fort myers, flight level (FL) / unmanned aircraft systems (UAS) sighting/1110e/fort myers airport traffic control tower (ATCT) advised, a321, msp-rsw, reported black quadcopter from the 3 of the clock position while no earlier (NE) bound at 1,000 feet.No evasive action taken.Lee county sheriff notified.",2024-03-15T11:10:00Z,26.5362,-81.7552,1000.0,medium
8033,2024-03-15,Farmingdale,New york,"Prelim information (INFO) from federal aviation administration (FAA) operations (OPS): farmingdale, ny / unmanned aircraft systems (UAS) sighting/1223e/republic airport traffic control tower (ATCT) advised, bombardier gl7t, teb-frg, reported a white unmanned aircraft systems (UAS) from the 1 of the clock position while northwest (NW) bound at 400 feet 1 se frg.No evasive action taken.Suffolk pd notified.",2024-03-15T12:23:00Z,40.7267,-73.4092,400.0,medium
8034,2024-03-15,Fort lauderdale,Florida,"Prelim information (INFO) from federal aviation administration (FAA) af operations (OPS): fort lauderdale, flight level (FL) / unmanned aircraft systems (UAS) sighting/1551e/fort lauderdale airport traffic control tower (ATCT) advised, a320, bogotã, colombia (SKBO)-fll, reported grey unmanned aircraft systems (UAS) from the 12 of the clock position while W bound at 3,000 feet 8 W fll.No evasive action taken.Broward county sheriff notified.",2024-03-15T15:51:00Z,26.072583,-80.290278,3000.0,medium
8035,2024-03-15,Washington,District of columbia,"Prelim information (INFO) from federal aviation administration (FAA) operations (OPS): washington, dc / unmanned aircraft systems (UAS) sighting/1432e/washington airport traffic control tower (ATCT) advised, e75s, bos-dca, reported a unmanned aircraft systems (UAS) from the 12 of the clock position while N bound at 2,000 feet 5 S dca.No evasive action taken.Dc pd notified.",2024-03-15T14:32:00Z,38.8089,-77.0365,2000.0,medium
8036,2024-03-15,Chicago/romeoville,Illinois,"Prelim information (INFO) from federal aviation administration (FAA) operations (OPS): chicago-romeoville, il / unmanned aircraft systems (UAS) sighting/1452c/lewis airport traffic control tower (ATCT) advised, cessna c172, 1cs-unkn, reported a white unmanned aircraft systems (UAS) while E bound at 1,700 feet 1 northwest (NW) lot.No evasive action taken.Leo notification not reported.",2024-03-15T14:52:00Z,41.6117,-88.1047,1700.0,medium
8037,2024-03-15,San jose,California,"Prelim information (INFO) from federal aviation administration (FAA) af operations (OPS): san jose, ca / unmanned aircraft systems (UAS) sighting/1519p/norcal terminal radar approach control (TRACON) advised, cessna c172, reported a gray unmanned aircraft systems (UAS) at the 12 of the clock position 500 feet below while sse bound at 3,200 feet 4 W sjc.No evasive action taken.Sunnyvale pd notified.",2024-03-15T15:19:00Z,37.3361,-122.0519,3200.0,medium
8038,2024-03-16,Oxford,Ohio,"Prelim information (INFO) from federal aviation administration (FAA) operations (OPS): oxford, oh / unmanned aircraft systems (UAS) sighting/1105e/cincinnati airport traffic control tower (ATCT) advised, cessna c172, oxd-oxd, reported a unmanned aircraft systems (UAS) while N bound at 700 feet vcnty oxd.No evasive action taken.Oxford pd notified.",2024-03-16T11:05:00Z,39.5067,-84.7452,700.0,medium
8039,2024-03-16,Camp springs,Maryland,"Prelim information (INFO) from federal aviation administration (FAA) operations (OPS): camp springs, md / unmanned aircraft systems (UAS) sighting/1232e/potomac terminal radar approach control (TRACON) advised, lj35, adw-ffo, reported a white unmanned aircraft systems (UAS) from the 10 of the clock position while W bound at 4,400 feet 3 W adw.No evasive action taken.Prince george's county pd notified.",2024-03-16T12:32:00Z,38.8106,-76.9052,4400.0,medium
8040,2024-03-16,Kansas city,Missouri,"Prelim information (INFO) from federal aviation administration (FAA) operations (OPS): kansas city, mo / unmanned aircraft systems (UAS) sighting/1250c/downtown airport traffic control tower (ATCT) advised, cessna c172, mkc-mkc, reported a black unmanned aircraft systems (UAS) while wsw bound at 1,500 feet 2 ene mkc.No evasive action taken.North kansas city pd notified.",2024-03-16T12:50:00Z,39.1336,-94.5855,1500.0,medium
8041,2024-03-16,Hayward,California,"Prelim information (INFO) from federal aviation administration (FAA) operations (OPS): hayward, ca / unmanned aircraft systems (UAS) sighting/1120p/oakland air route traffic control center (ARTCC) advised, b38m, mdw-oak, reported a unmanned aircraft systems (UAS) at 2,200 feet in bound at runway 30 2 se hayward.No evasive action reported.Alameda county sheriff notified.",2024-03-16T23:20:00Z,37.6389,-122.0894,2200.0,medium
8042,2024-03-16,Cincinnati,Ohio,"Prelim information (INFO) from federal aviation administration (FAA) operations (OPS): cincinnati, oh / unmanned aircraft systems (UAS) sighting/1530e/cincinnati terminal radar approach control (TRACON) advised, cessna c172, i69-i69, reported a blue and orange unmanned aircraft systems (UAS) from the 10 oâ€™clock position while wnw bound at 3,000 feet 7 nne luk.No evasive action taken.Cvg airport pd notified.",2024-03-16T15:30:00Z,39.1833,-84.4167,3000.0,medium
8043,2024-03-16,Denver,Colorado,"Prelim information (INFO) from federal aviation administration (FAA) operations (OPS): denver, central office (CO) / unmanned aircraft systems (UAS) sighting/1612m/centennial airport traffic control tower (ATCT) advised, cessna c172, bff-apa, reported a white and grey unmanned aircraft systems (UAS) at the 9 of the clock position while N bound at 6,000 feet vcnty apa.No evasive action taken. Douglas county sheriff notifed at.",2024-03-16T16:12:00Z,39.5697,-104.8491,6000.0,medium
8044,2024-03-16,Denver,Colorado,"Prelim information (INFO) from federal aviation administration (FAA) operations (OPS): denver, central office (CO) / unmanned aircraft systems (UAS) sighting/1607m/centennial airport traffic control tower (ATCT) advised, piper pa44, reported a white and grey unmanned aircraft systems (UAS) from the 9 of the clock position while N bound at 6,000 feet vcnty apa.No evasive action taken.Douglas county sheriff notified.",2024-03-16T16:07:00Z,39.5697,-104.8491,6000.0,medium
8045,2024-03-17,Dothan,Alabama,"Prelim information (INFO) from federal aviation administration (FAA) operations (OPS): dothan, al / unmanned aircraft systems (UAS) sighting/0943c/cairnes army air field advised, cessna c182, new-tbr, reported a unmanned aircraft systems (UAS) while no earlier (NE) bound at 5,000 feet 18 no earlier (NE) wiregrass vor collocated with tacan (VORTAC) (RRS).No evasive action taken.Henry county sheriff notified.",2024-03-17T09:43:00Z,31.3833,-85.4167,5000.0,medium
8046,2024-03-17,Wilmington,North carolina,"Prelim information (INFO) from federal aviation administration (FAA) af operations (OPS): wilmington, nc / unmanned aircraft systems (UAS) sighting/1043e/wilmington airport traffic control tower (ATCT) advised, piper p28a, ffc-ilm, reported tan and white rotorcraft unmanned aircraft systems (UAS) off the right side while ene bound at 4,000 feet 3 wnw ilm.No evasive action taken. Wilmington airport (ARPT) pd notified.",2024-03-17T10:43:00Z,34.2808,-77.9561,4000.0,medium
8047,2024-03-17,Houston,Texas,"Prelim information (INFO) from federal aviation administration (FAA) operations (OPS): houston, tx / unmanned aircraft systems (UAS) sighting/1052c/houston intercontinental advised, b739, iah-panama city, panama (MPTO), reported a unmanned aircraft systems (UAS) at the 9 of the clock position while ese bound at 1,500 feet 3 ese iah.No evasive action taken.Fbi notified.",2024-03-17T10:52:00Z,29.9549,-95.286,1500.0,medium
8048,2024-03-17,Wrightstown,New jersey,"Prelim information (INFO) from federal aviation administration (FAA) operations (OPS): wrightstown, nj / unmanned aircraft systems (UAS) sighting/1252e/mcguire radar approach control (RAPCON) advised, cessna c82s, cyn-esn, reported a grey-white unmanned aircraft systems (UAS) 500 feet from the right side while S bound at 4,200 feet 5 se wri.No evasive action taken.Leo notification not reported.",2024-03-17T12:52:00Z,40.0167,-74.5667,4200.0,medium
8049,2024-03-17,West palm beach,Florida,"Prelim information (INFO) from federal aviation administration (FAA) af operations (OPS): west palm beach, flight level (FL) / unmanned aircraft systems (UAS) sighting/1410e/palm beach airport traffic control tower (ATCT) advised, a321, pbi-clt, reported a unmanned aircraft systems (UAS) pass below aircraft (ACFT) while W bound at 2,000 feet 10 W pbi.No evasive action taken.Palm beach sheriff notified.",2024-03-17T14:10:00Z,26.6832,-80.2956,2000.0,medium
8050,2024-03-17,Baltimore,Maryland,"Prelim information (INFO) from federal aviation administration (FAA) af operations (OPS): baltimore, md / unmanned aircraft systems (UAS) sighting/1505e/potomac terminal radar approach control (TRACON) advised, piper pay1, bwi-jwn, reported a black unmanned aircraft systems (UAS) 100 feet off the left wing while nnw bound at 2,500 feet 15 sw bwi.No evasive action taken.Anne arundel pd notified.",2024-03-17T15:05:00Z,39.1066,-76.8935,2500.0,medium
8051,2024-03-17,Camarillo,California,"Prelim information (INFO) from federal aviation administration (FAA) operations (OPS): camarillo, conflict alert (CA) / unmanned aircraft systems (UAS) incident/1245p/point mugu approach (APCH) advised, cessna c750, mdw-cma, reported a unmanned aircraft systems (UAS) while W bound at 3,000 feet 5 E cma.Evasive action was taken.Leo notification not reported.",2024-03-17T12:45:00Z,34.2138,-118.9968,3000.0,medium
8052,2024-03-17,Philadelphia,Pennsylvania,"Prelim information (INFO) from federal aviation administration (FAA) af operations (OPS): philadelphia, public address (PA) / unmanned aircraft systems (UAS) sighting/1635e/philadelphia airport traffic control tower (ATCT) advised, a321, cancun, mexico (MMUN)-phl, reported a unmanned aircraft systems (UAS) 200 feet below aircraft (ACFT) while W bound at 2,600 feet 11 E phl.No evasive action reported. Philadelphia airport (ARPT) pd notified.",2024-03-17T16:35:00Z,39.9526,-74.9037,2600.0,medium
8053,2024-03-17,Nashville,Tennessee,"Prelim information (INFO) from federal aviation administration (FAA) operations (OPS): nashville, tn / unmanned aircraft systems (UAS) sighting/1848c/nashville airport traffic control tower (ATCT) advised, a319, bna-lga, reported a black unmanned aircraft systems (UAS) while S bound at 4,800 feet 5 E bna.No evasive action taken. Bna airport (ARPT) dps notified.",2024-03-17T18:48:00Z,36.1063,-86.6422,4800.0,medium
8054,2024-03-18,Greensboro,North carolina,"Prelim information (INFO) from federal aviation administration (FAA) operations (OPS): greensboro, nc / unmanned aircraft systems (UAS) sighting/1509e/greensboro approach (APCH) advised, beech be23, reported a unmanned aircraft systems (UAS) from the 1 of the clock position while W bound at 4,500 feet 13 ssw gso.No evasive action taken.Leo notification not reported.",2024-03-18T15:09:00Z,35.9133,-80.0822,4500.0,medium
8055,2024-03-18,Deer park,New york,"Prelim information (INFO) from federal aviation administration (FAA) operations (OPS): deer park, ny / unmanned aircraft systems (UAS) sighting/1635e/republic airport traffic control tower (ATCT) advised, cessna c172, reported disc shaped unmanned aircraft systems (UAS) at the 9 of the clock position while northwest (NW) bound at 400 feet 5 sw deer park very high frequency omnidirectional range (VOR) (DPK).No evasive action taken.Suffolk county pd notified.",2024-03-18T16:35:00Z,40.7167,-73.3333,400.0,medium
8056,2024-03-18,Jackson,Mississippi,"Prelim information (INFO) from federal aviation administration (FAA) af operations (OPS): jackson, ms / unmanned aircraft systems (UAS) sighting/1634c/jackson airport traffic control tower (ATCT) advised, honda hdjt, reported a silver ball shaped unmanned aircraft systems (UAS) from their right side while at 7,500 feet 16 E january no evasive action taken.Leo notification not reported.",2024-03-18T16:34:00Z,32.3113,-89.9253,7500.0,medium
8057,2024-03-18,Chicago,Illinois,"Prelim information (INFO) from federal aviation administration (FAA) af operations (OPS): chicago, il / unmanned aircraft systems (UAS) sighting/1905c/chicago terminal radar approach control (TRACON) advised, embraer e55p, bos-mdw, reported a unmanned aircraft systems (UAS) from the 12 of the clock position while northwest (NW) bound at 4,000 feet 7 ese mdw.No evasive action taken.Fbi notified.",2024-03-18T19:05:00Z,41.7286,-87.6563,4000.0,medium
8058,2024-03-19,Tucson,Arizona,"Prelim information (INFO) from federal aviation administration (FAA) operations (OPS): tucson, az / unmanned aircraft systems (UAS) sighting/0835m/tucson terminal radar approach control (TRACON) advised, b737, tus-bdl, reported a unmanned aircraft systems (UAS) while E bound at 16,000 feet 25 ese tus.No evasive action taken.Cochise county sheriff notified.",2024-03-19T08:35:00Z,31.9167,-110.3333,16000.0,medium
8059,2024-03-19,Newark,New jersey,"Prelim information (INFO) from federal aviation administration (FAA) operations (OPS): newark, nj / unmanned aircraft systems (UAS) sighting/1715e/newark airport traffic control tower (ATCT) advised, dassault f2th, copenhagen, denmark (EKCH)-ewr, reported a unmanned aircraft systems (UAS) from the 9 of the clock position while E bound at 2,000 feet 6 no earlier (NE) ewr.No evasive action taken.Port authority pd notified.",2024-03-19T17:15:00Z,40.7128,-74.1766,2000.0,medium
8060,2024-03-19,Santa rosa,California,"Prelim information (INFO) from federal aviation administration (FAA) af operations (OPS): santa rosa, ca / unmanned aircraft systems (UAS) sighting/1450p/sonoma airport traffic control tower (ATCT) advised, robinson r22, sts-sts, observed a unmanned aircraft systems (UAS) from the 9 of the clock position while N bound at 600 feet 1 W sts.No evasive action taken.Sonoma county sheriff's office notified.",2024-03-19T14:50:00Z,38.5089,-122.8231,600.0,medium
8061,2024-03-20,Washington,District of columbia,"Prelim information (INFO) from federal aviation administration (FAA) af operations (OPS): washington, dc / unmanned aircraft systems (UAS) sighting/0833e/washington airport traffic control tower (ATCT) advised, b738, dca-mco, reported a black unmanned aircraft systems (UAS) hovering at the 1 of the clock position while N bound at taxiway (TWY) J.No evasive action taken.Park police notified.",2024-03-20T08:33:00Z,38.8519,-77.0378,0.0,medium
8062,2024-03-20,West palm beach,Florida,"Prelim information (INFO) from federal aviation administration (FAA) operations (OPS): west palm beach, flight level (FL) / unmanned aircraft systems (UAS) sighting/1223e/palm beach approach (APCH) advised, a321, dfw-pbi, reported a black and white quadcopter unmanned aircraft systems (UAS) 50-100 feet below aircraft (ACFT) at the 3 of the clock position while eastbound at 3,000 feet 13 W pbi.No evasive action taken.Palm beach sheriff notified.",2024-03-20T12:23:00Z,26.6832,-80.2953,3000.0,medium
8063,2024-03-20,Imperial beach,California,"Prelim information (INFO) from federal aviation administration (FAA) operations (OPS): imperial beach, conflict alert (CA) / unmanned aircraft systems (UAS) sighting/1137p/naval air station (NAS) imperial beach airport traffic control tower (ATCT) advised, h60, reported a unmanned aircraft systems (UAS) off north end of field. No description of unmanned aircraft systems (UAS) reported.No evasive action reported.Base operations notified.",2024-03-20T23:37:00Z,32.5667,-117.1167,0.0,medium
8064,2024-03-20,Las vegas,Nevada,"Prelim information (INFO) from federal aviation administration (FAA) operations (OPS): las vegas, nv / unmanned aircraft systems (UAS) sighting/1535p/las vegas terminal radar approach control (TRACON) advised, cessna c206, reported a unmanned aircraft systems (UAS) 2,000 feet below the aircraft (ACFT) while N bound at 7,500 feet 9 ese las.No evasive action taken. Las vegas metropolitan (METRO) pd notified.",2024-03-20T15:35:00Z,35.9653,-114.9881,5500.0,medium
8065,2024-03-20,Richmond,Virginia,"Prelim information (INFO) from federal aviation administration (FAA) operations (OPS): richmond, va / unmanned aircraft systems (UAS) sighting/1855e/potomac terminal radar approach control (TRACON) advised, mooney m20t, reported a black and white unmanned aircraft systems (UAS) while N bound at 9,000 feet 10 wsw ric.No evasive action taken.Chesterfield county pd notified.",2024-03-20T18:55:00Z,37.4516,-77.6754,9000.0,medium
8066,2024-03-20,Santa ana,California,"Prelim information (INFO) from federal aviation administration (FAA) operations (OPS): santa ana, ca / unmanned aircraft systems (UAS) sighting/1809p/southern california terminal radar approach control (TRACON) advised, b752, mhr-sna, reported a unmanned aircraft systems (UAS) from the 3 of the clock position while no earlier (NE) bound at 5,000 feet 10 wsw sna.No evasive action taken.Orange county sheriff notified.",2024-03-20T18:09:00Z,33.6167,-117.9667,5000.0,medium
8067,2024-03-21,Livermore,California,"Prelim information (INFO) from federal aviation administration (FAA) operations (OPS): livermore, ca / unmanned aircraft systems (UAS) sighting/1323p/livermore airport traffic control tower (ATCT) advised, cessna c152, reported a black unmanned aircraft systems (UAS) from the 2 of the clock position while wnw bound at 3,500 feet 5 S lvk.No evasive action taken.Pleasanton pd notified.",2024-03-21T13:23:00Z,37.6236,-121.8202,3500.0,medium
8068,2024-03-22,Charlotte,North carolina,"Prelim information (INFO) from federal aviation administration (FAA) operations (OPS): charlotte, nc / unmanned aircraft systems (UAS) sighting/1322e/charlotte airport traffic control tower (ATCT) advised, a321, lax-clt, reported a orange / white unmanned aircraft systems (UAS) from the 2 of the clock position while N bound at 1,600 feet 4 S clt.No evasive action taken. Charlotte airport (ARPT) pd notified.",2024-03-22T13:22:00Z,35.1833,-80.9333,1600.0,medium
8069,2024-03-23,San juan,Puerto rico,"Prelim information (INFO) from federal aviation administration (FAA) operations (OPS): san juan, puerto rico / unmanned aircraft systems (UAS) sighting/1047l/san juan airport traffic control tower (ATCT) advised, piper pa31, reported a quad-rotor unmanned aircraft systems (UAS) while W bound at 2,000 feet 8 se sju.No evasive action taken. San juan airport (ARPT) pd notified.",2024-03-23T10:47:00Z,18.3686,-65.9636,2000.0,medium
8070,2024-03-23,Houston,Texas,"Prelim information (INFO) from federal aviation administration (FAA) operations (OPS): houston, tx / unmanned aircraft systems (UAS) sighting/1225c/hobby airport traffic control tower (ATCT) advised, b737, las-hou, reported a unmanned aircraft systems (UAS) 400 feet below aircraft (ACFT) from the 6 of the clock position while no earlier (NE) bound at 2,000 feet 5 sw hou.No evasive action taken.Leo notification not reported.",2024-03-23T12:25:00Z,29.604444,-95.208889,2000.0,medium
8071,2024-03-23,San bernardino,California,"Prelim information (INFO) from federal aviation administration (FAA) operations (OPS): san bernardino, ca / unmanned aircraft systems (UAS) sighting/1653p/socal terminal radar approach control (TRACON) advised, b737, phx-bur, reported a unmanned aircraft systems (UAS) from the 9 of the clock position while W bound at 11,000 feet 60 ene paradise vor collocated with tacan (VORTAC).No evasive action taken.Colton pd notified.",2024-03-23T16:53:00Z,34.3333,-116.5833,11000.0,medium
8072,2024-03-23,Atlanta,Georgia,"Prelim information (INFO) from federal aviation administration (FAA) af operations (OPS): atlanta, general aviation (GA) / unmanned aircraft systems (UAS) sighting/2150e/peachtree-dekalb airport traffic control tower (ATCT) advised, robinson r44, reported a unmanned aircraft systems (UAS) while N bound at 1,900 feet 9 ssw peachtree very high frequency omnidirectional range (VOR) (PDK).No evasive action taken.Atlanta pd notified.",2024-03-23T21:50:00Z,33.7764,-84.3963,1900.0,medium
8073,2024-03-24,Covington,Kentucky,"Prelim information (INFO) from federal aviation administration (FAA) af operations (OPS): covington, ky / unmanned aircraft systems (UAS) sighting/1050e/cincinnati approach (APCH) advised, a320, pie-cvg, reported a red and white unmanned aircraft systems (UAS) 200 feet below aircraft (ACFT) while N bound at 4,000 feet 8 wnw cvg.No evasive action taken. Cvg airport (ARPT) pd notified.",2024-03-24T10:50:00Z,39.1047,-84.7528,4000.0,medium
8074,2024-03-24,Pontotoc,Mississippi,"Prelim information (INFO) from federal aviation administration (FAA) operations (OPS): pontotoc, ms / unmanned aircraft systems (UAS) sighting/1225c/memphis artcc advised, pilatus pc12, uox-pdk, reported a black unmanned aircraft systems (UAS) from the 12 of the clock position while W bound at 3,300 feet 5.8 sw 22m.No evasive action taken.Pontotoc county sheriff notified.",2024-03-24T12:25:00Z,34.2181,-89.0778,3300.0,medium
8075,2024-03-24,Boston,Massachusetts,"Prelim information (INFO) from federal aviation administration (FAA) af operations (OPS): boston, ma / unmanned aircraft systems (UAS) sighting/late report-1658e/boston terminal radar approach control (TRACON) advised, de havilland canada dh8d, toronto, canada (CYTZ)-bos, reported a red unmanned aircraft systems (UAS) from the 12 of the clock position while no earlier (NE) bound at 1,800 feet 6 sw bos.No evasive action taken. Mass state pd notified.",2024-03-24T16:58:00Z,42.3145,-71.0726,1800.0,medium
8076,2024-03-24,Austin,Texas,"Prelim information (INFO) from federal aviation administration (FAA) operations (OPS): austin, tx / unmanned aircraft systems (UAS) sighting/1604c/austin airport traffic control tower (ATCT) advised, a320, jfk-aus, reported a unmanned aircraft systems (UAS) 200 feet below aircraft (ACFT) while S bound at 1,500 feet 9 sw centex vor collocated with tacan (VORTAC) (CWK).No evasive action taken. Austin airport (ARPT) operations (OPS) notified.",2024-03-24T16:04:00Z,30.1833,-97.8333,1500.0,medium
8077,2024-03-24,Austin,Texas,"Prelim information (INFO) from federal aviation administration (FAA) operations (OPS): austin, tx / unmanned aircraft systems (UAS) sighting/1606c/austin airport traffic control tower (ATCT) advised, a319, phx-aus, reported a black unmanned aircraft systems (UAS) 200 feet below aircraft (ACFT) while S bound at 1,300 feet 9 sw centex vor collocated with tacan (VORTAC) (CWK).No evasive action taken. Austin airport (ARPT) operations (OPS) notified.",2024-03-24T16:06:00Z,30.1833,-97.8833,1300.0,medium
8078,2024-03-24,Chicago,Illinois,"Prelim information (INFO) from federal aviation administration (FAA) operations (OPS): chicago, il / unmanned aircraft systems (UAS) sighting/1653c/chicago terminal radar approach control (TRACON) advised, a319, msp-ord, reported a unmanned aircraft systems (UAS) while S bound at 6,000 feet 23 northwest (NW) ord.No evasive action taken.Fbi notified.",2024-03-24T16:53:00Z,42.2075,-88.1853,6000.0,medium
8079,2024-03-24,Raleigh/durham,North carolina,"Prelim information (INFO) from federal aviation administration (FAA) operations (OPS): raleigh / durham, nc / unmanned aircraft systems (UAS) sighting/1810e/raleigh-durham airport traffic control tower (ATCT) advised, cessna c68a, hpn-rdu, reported a unmanned aircraft systems (UAS) from the 2 oâ€™clock position while no earlier (NE) bound at 1,500 feet 7 sw rdu.No evasive action taken.Wake county sheriff notified.",2024-03-24T18:10:00Z,35.8078,-78.8784,1500.0,medium
8080,2024-03-24,Dallas-fort worth,Texas,"Prelim information (INFO) from federal aviation administration (FAA) operations (OPS): dallas-fort worth, tx / unmanned aircraft systems (UAS) sighting/1720c/dallas terminal radar approach control (TRACON) advised, b789, dfw-paris, france (LFPG), reported a red and white unmanned aircraft systems (UAS) from the 10 of the clock position at 3,000 feet/foot (FT) while se bound 4 N ttt.No evasive maneuvers taken.Dfw dps notified.",2024-03-24T17:20:00Z,32.9686,-97.0403,3000.0,medium
8081,2024-03-24,Dallas-fort worth,Texas,"Prelim information (INFO) from federal aviation administration (FAA) operations (OPS): dallas-fort worth, tx / unmanned aircraft systems (UAS) sighting/1720c/dallas terminal radar approach control (TRACON) advised, b738, dfw-cle, reported a red and white unmanned aircraft systems (UAS) from the 10 of the clock position at 3,000 feet/foot (FT) while se bound 4 se dfw.No evasive maneuvers taken.Dfw dps notified.",2024-03-24T17:20:00Z,32.8667,-96.9667,3000.0,medium
8082,2024-03-24,Atlanta,Georgia,"Prelim information (INFO) from federal aviation administration (FAA) operations (OPS): atlanta, general aviation (GA) / unmanned aircraft systems (UAS) sighting/2011e/atlanta terminal radar approach control (TRACON) advised, b712, atl-cha, reported a unmanned aircraft systems (UAS) from the 10 of the clock position while E bound at 2,800 feet 2 E atl.No evasive action taken.Atl pd notified.",2024-03-24T00:00:00Z,33.6518,-84.4277,2800.0,medium
8083,2024-03-25,Patuxent river,Maryland,"Prelim information (INFO) from federal aviation administration (FAA) operations (OPS): patuxent river, md / unmanned aircraft systems (UAS) sighting/1446e/patuxent river naval air station advised, p3, nhk-nhk, reported a grey quadcopter unmanned aircraft systems (UAS) while maneuvering at 1,800 feet 16 ssw nhk.No evasive action taken.Base security notified.",2024-03-25T14:46:00Z,38.1667,-76.5333,1800.0,medium
8084,2024-03-25,West palm beach,Florida,"Prelim information (INFO) from federal aviation administration (FAA) operations (OPS): west palm beach, flight level (FL) / unmanned aircraft systems (UAS) sighting/1530e/palm beach terminal radar approach control (TRACON) advised, cessna c750, reported a unmanned aircraft systems (UAS) 500 feet below aircraft (ACFT) while E bound at 3,000 feet 10 W palm beach.No evasive action reported.Palm beach sheriff notified.",2024-03-25T15:30:00Z,26.6859,-80.2453,2500.0,medium
8085,2024-03-27,Charleston,South carolina,"Prelim information (INFO) from federal aviation administration (FAA) operations (OPS): charleston, sc / unmanned aircraft systems (UAS) sighting/1153e/charleston airport traffic control tower (ATCT) advised, raytheon h25b, reported a white unmanned aircraft systems (UAS) at the 9 of the clock position while sse bound at 800 feet 3 nnw chs.No evasive action taken.Charleston county sheriff notified.",2024-03-27T11:53:00Z,32.9214,-80.0647,800.0,medium
8086,2024-03-27,Chino,California,"Prelim information (INFO) from federal aviation administration (FAA) operations (OPS): chino, conflict alert (CA) / unmanned aircraft systems (UAS) sighting/1422p/chino airport traffic control tower (ATCT) advised, cessna c172, reported a black unmanned aircraft systems (UAS) at the 11 of the clock position while E bound at 1,400 feet 1 S cno.no evasive action taken.Chino pd notified.",2024-03-27T14:22:00Z,33.9667,-117.6381,1400.0,medium
8087,2024-03-27,Detroit,Michigan,"Prelim information (INFO) from federal aviation administration (FAA) operations (OPS): detroit, mile (MI) / unmanned aircraft systems (UAS) sighting/1845e/detroit terminal radar approach control facility (TRACON) advised, b752, mexico city, mexico (MMMX)-dtw, reported a unmanned aircraft systems (UAS) from the 12 oâ€™clock position while ese bound at 3,000 feet 10 N dtw.No evasive action taken.Michigan state pd notified.",2024-03-27T18:45:00Z,42.3314,-83.0458,3000.0,medium
8088,2024-03-27,Dallas-fort worth,Texas,"Prelim information (INFO) from federal aviation administration (FAA) operations (OPS): dallas-fort worth, tx / unmanned aircraft systems (UAS) sighting/1931c/dallas-fort worth airport traffic control tower (ATCT) advised, e170, bhm-dfw, reported a yellow unmanned aircraft systems (UAS) from the 1 of the clock position while N bound at 1,700 feet 5 sse maverick very high frequency omnidirectional range (VOR).No evasive action taken.Dfw dps notified.",2024-03-27T19:31:00Z,32.7333,-96.9667,1700.0,medium
8089,2024-03-27,Denver,Colorado,"Prelim information (INFO) from federal aviation administration (FAA) operations (OPS): denver, central office (CO) / unmanned aircraft systems (UAS) sighting/2118m/denver airport traffic control tower (ATCT) advised, b738, dal-den, reported a unmanned aircraft systems (UAS) from the 11 oâ€™clock position while N bound at 1,000 feet 3 S den.No evasive action taken. Dia pd notified.",2024-03-27T21:18:00Z,39.7589,-104.8733,1000.0,medium
8090,2024-03-28,Missoula,Montana,"Prelim information (INFO) from federal aviation administration (FAA) operations (OPS): missoula, mt / unmanned aircraft systems (UAS) sighting/0930m/missoula fct advised, cessna c172, reported a white unmanned aircraft systems (UAS) while ese bound at 3,800 feet 1 no earlier (NE) mso.No evasive action taken.Missoula pd notified.",2024-03-28T09:30:00Z,46.9167,-114.0833,3800.0,medium
8091,2024-03-28,Chicago,Illinois,"Prelim information (INFO) from federal aviation administration (FAA) operations (OPS): chicago, il / unmanned aircraft systems (UAS) sighting/1154c/chicago terminal radar approach control (TRACON) advised, b738, las-ord, reported a black unmanned aircraft systems (UAS) from the 9 of the clock position while E bound at 5,000 feet 14 ese ord.No evasive action taken.Fbi notified.",2024-03-28T11:54:00Z,41.7246,-87.5692,5000.0,medium
8092,2024-03-28,Everett,Washington,"Prelim information (INFO) from federal aviation administration (FAA) operations (OPS): everett, wa / unmanned aircraft systems (UAS) sighting/1057p/seattle terminal radar approach control (TRACON) advised, cessna c56x, pae-oak, reported an orange unmanned aircraft systems (UAS) while sse bound at 3,000 feet 2 sse pae.No evasive action taken.Leo notification not reported.",2024-03-28T22:57:00Z,47.8795,-122.2647,3000.0,medium
8093,2024-03-28,Nashville,Tennessee,"Prelim information (INFO) from federal aviation administration (FAA) af operations (OPS): nashville, tn / unmanned aircraft systems (UAS) sighting/1615c/nashville airport traffic control tower (ATCT) advised, b738, phx-bna, reported a black unmanned aircraft systems (UAS) off left side while no earlier (NE) bound at 3,000 feet 8 sw bna.No evasive action taken. Metropolitan nashville airport (ARPT) authority notified.",2024-03-28T16:15:00Z,36.0664,-86.7972,3000.0,medium
8094,2024-03-28,Charlottesville,Virginia,"Prelim information (INFO) from federal aviation administration (FAA) operations (OPS): charlottesville, va / unmanned aircraft systems (UAS) sighting/1853e/potomac terminal radar approach control (TRACON) advised, piper pa31, gso-fdk, reported a red unmanned aircraft systems (UAS) from the 12 of the clock position while N bound at 7,000 feet 10 wsw cho.No evasive action taken.Albemarle county sheriff notified.",2024-03-28T18:53:00Z,38.0297,-78.6795,7000.0,medium
8095,2024-03-28,Atlanta,Georgia,"Prelim information (INFO) from federal aviation administration (FAA) operations (OPS): atlanta, general aviation (GA) / unmanned aircraft systems (UAS) sighting/1850e/atlanta artcc advised, b752, jax-atl, reported a mylar balloon 2,000 feet below the right side while northwest (NW) bound descending through fl180.No evasive action taken.No leo notification reported.",2024-03-28T18:50:00Z,33.749,-84.388,18000.0,medium
8096,2024-03-28,Denver,Colorado,"Prelim information (INFO) from federal aviation administration (FAA) operations (OPS): denver, central office (CO) / unmanned aircraft systems (UAS) sighting/2100m/denver terminal radar approach control (TRACON) advised, b38m, den-iah, reported a unmanned aircraft systems (UAS) while S bound at 7,800 feet 5 S den.No evasive action taken. Denver international (INTL) airport (ARPT) pd notified.",2024-03-28T21:00:00Z,39.7392,-104.9903,7800.0,medium
8097,2024-03-29,Tallahassee,Florida,"Prelim information (INFO) from federal aviation administration (FAA) operations (OPS): tallahassee, flight level (FL) / unmanned aircraft systems (UAS) sighting/1110e/tallahasse airport traffic control tower (ATCT) advised, cessna c172, [departure]-, reported a unmanned aircraft systems (UAS) from the 9 of the clock position while N bound at 3,000 feet 3 nne tlh.No evasive action taken.Tallahasse pd notified.",2024-03-29T11:10:00Z,30.433,-84.3366,3000.0,medium
8098,2024-03-29,New york,New york,"Prelim information (INFO) from federal aviation administration (FAA) af operations (OPS): new york, ny / unmanned aircraft systems (UAS) sighting/1409e/jfk airport traffic control tower (ATCT) advised, b787, reported a white quad copter unmanned aircraft systems (UAS) at 1,000 feet while N bound to runway 31r at same altitude vcnty jfk.No evasive action taken.Port authority pd notified.",2024-03-29T14:09:00Z,40.6413,-73.7781,1000.0,medium
8099,2024-03-29,Charlotte,North carolina,"Prelim information (INFO) from federal aviation administration (FAA) operations (OPS): charlotte, nc / unmanned aircraft systems (UAS) sighting/1559e/charlotte airport traffic control tower (ATCT) advised, cessna c206t, reported a unmanned aircraft systems (UAS) from the 9 of the clock position while W bound at 4,500 feet 3 W clt.No evasive action taken.Airport operations notified.",2024-03-29T15:59:00Z,35.2144,-80.9873,4500.0,medium
8100,2024-03-29,Houston,Texas,"Prelim information (INFO) from federal aviation administration (FAA) af operations (OPS): houston, tx / unmanned aircraft systems (UAS) sighting/1553c/houston terminal radar approach control (TRACON) advised, e75l, btr-iah, reported unmanned aircraft systems (UAS) at the 9 of the clock position while W bound at 6,000 feet 7 S iah.No evasive action taken.Fbi notified.",2024-03-29T15:53:00Z,29.8833,-95.3417,6000.0,medium
8101,2024-03-29,Houston,Texas,"Prelim information (INFO) from federal aviation administration (FAA) operations (OPS): houston, tx / unmanned aircraft systems (UAS) sighting/1840c/houston airport traffic control tower (ATCT) advised, crj2, vct-iah, reported a black and silver unmanned aircraft systems (UAS) from the 9 of the clock position while E bound at 8,000 feet.No evasive action taken. Houston pd air unit notified.",2024-03-29T18:40:00Z,29.7604,-95.3698,8000.0,medium
8102,2024-03-29,Atlanta,Georgia,"Prelim information (INFO) from federal aviation administration (FAA) operations (OPS): atlanta, general aviation (GA) / unmanned aircraft systems (UAS) sighting/2040e/dekalb-peachtree airport traffic control tower (ATCT) advised, robinson r44, reported a unmanned aircraft systems (UAS) from the 10 of the clock position while no earlier (NE) bound at 2,000 feet 7 wsw pdk.No evasive action taken.Atlanta pd notified.",2024-03-29T20:40:00Z,33.8321,-84.4104,2000.0,medium
8103,2024-03-30,Washington,District of columbia,"Prelim information (INFO) from federal aviation administration (FAA) operations (OPS): washington, dc / unmanned aircraft systems (UAS) sighting/1105e/potomac terminal radar approach control (TRACON) advised, helo, reported a unmanned aircraft systems (UAS) operating between 600-800 feet while E bound at 1,400 feet 17 E dca.No evasive action taken.Anne arundel county sheriff notified.",2024-03-30T11:05:00Z,38.8451,-76.7651,1400.0,medium
8104,2024-03-30,Stuart,Florida,"Prelim information (INFO) from federal aviation administration (FAA) operations (OPS): stuart, flight level (FL) / unmanned aircraft systems (UAS) sighting/1455e/stuart federal contract tower (FCT) advised, pilatus pc12, marsh harbour, bahamas (MYAM)-special use airspace (SUA), reported a white and grey rc aircraft (ACFT) 300 feet above aircraft (ACFT) while nne bound at 700 feet 2 W special use airspace (SUA).No evasive action taken.Martin county sheriff notified.",2024-03-30T14:55:00Z,27.1917,-80.2511,1000.0,medium
8105,2024-03-30,Covington,Kentucky,"Prelim information (INFO) from federal aviation administration (FAA) operations (OPS): covington, ky / unmanned aircraft systems (UAS) sighting/1800e/cincinnati airport traffic control tower (ATCT) advised, cessna c172, reported a unmanned aircraft systems (UAS) 200 feet below aircraft (ACFT) from the 12 of the clock position while ssw bound at 2,500 feet 10 se cvg.No evasive action taken. Cincinnati airport (ARPT) pd notified.",2024-03-30T18:00:00Z,39.0167,-84.5333,2300.0,medium
8106,2024-03-31,Charlotte,North carolina,"Prelim information (INFO) from federal aviation administration (FAA) operations (OPS): charlotte, nc / unmanned aircraft systems (UAS) sighting/0948e/charlotte terminal radar approach control (TRACON) advised, crj9, myr-clt, reported a white unmanned aircraft systems (UAS) at the 3 of the clock position while northwest (NW) bound at 9,500 feet 40 wnw clt.No evasive action taken.Union county sheriff notified.",2024-03-31T09:48:00Z,35.4989,-81.3581,9500.0,medium
8107,2024-03-31,New york,New york,"Prelim information (INFO) from federal aviation administration (FAA) operations (OPS): new york, ny / unmanned aircraft systems (UAS) sighting/0957e/laguardia airport traffic control tower (ATCT) advised, a20n, mco-lga, reported a silver unmanned aircraft systems (UAS) 50 feet above aircraft (ACFT) while sw bound at 1,500 feet 4 no earlier (NE) lga.No evasive action taken.Public use pd17, helo, notified.",2024-03-31T09:57:00Z,40.7769,-73.874,1500.0,medium
8108,2024-03-15,Mayaguez,Pr,"Prelim information (INFO) from federal aviation administration (FAA) operations (OPS): mayaguez, puerto rico / unmanned aircraft systems (UAS) sighting/1143l/san juan center radar approach control (CERAP) advised, cessna c208, la romana, dominican republic (MDLR)-sju, reported a unmanned aircraft systems (UAS) 300-400 feet off the right wing while E bound at 9,000 feet 10 S mayaguez (TJMZ).No evasive action taken.Mayaguez pd (operator rodriguez) notified.",2024-03-15T11:43:00Z,18.1333,-67.2667,9000.0,medium
8109,2024-03-31,Atlanta,Georgia,"Prelim information (INFO) from federal aviation administration (FAA) operations (OPS): atlanta, general aviation (GA) / unmanned aircraft systems (UAS) sighting/1210e/atlanta terminal radar approach control (TRACON) advised, b712, myr-atl, reported a unmanned aircraft systems (UAS) from the 9 of the clock position while N bound at 5,000 feet 20 se atl.No injuries reported.Henry county pd notified.",2024-03-31T12:10:00Z,33.5397,-84.1894,5000.0,medium
8110,2024-03-31,Fresno,California,"Prelim information (INFO) from federal aviation administration (FAA) af operations (OPS): fresno, ca / unmanned aircraft systems (UAS) sighting/0920p/fresno airport traffic control tower (ATCT) advised, cessna c425, ccr-visibility (VIS), reported a black unmanned aircraft systems (UAS) 300 feet below aircraft (ACFT) while se bound at 8,000 feet 10 wnw fat.No evasive action taken.Attempted to notify fresno pd but was placed on hold.",2024-03-31T21:20:00Z,36.8361,-119.9525,8000.0,medium
8111,2024-03-31,Caldwell,New jersey,"Prelim information (INFO) from federal aviation administration (FAA) operations (OPS): caldwell, nj / unmanned aircraft systems (UAS) sighting/1156e/mcguire approach (APCH) advised, cessna c172, cdw-unkn, reported a black unmanned aircraft systems (UAS) 3,000 above cdw airport (ARPT).No evasive action taken.Leo notification not reported.",2024-03-31T11:56:00Z,40.8752,-74.2813,3000.0,medium
8112,2024-03-31,Philadelphia,Pennsylvania,"Prelim information (INFO) from federal aviation administration (FAA) operations (OPS): philadelphia, public address (PA) / unmanned aircraft systems (UAS) sighting/1420e/philadelphia airport traffic control tower (ATCT) advised, a20n, tpa-phl, reported a unmanned aircraft systems (UAS) while W bound at 1,800 feet 4 E phl.No evasive action taken. Phl airport (ARPT) pd notified.",2024-03-31T14:20:00Z,39.8833,-75.1667,1800.0,medium
12110,2023-09-30,Boise,Idaho,"Prelim information (INFO) from federal aviation administration (FAA) operations (OPS): boise, identification (ID) / unmanned aircraft systems (UAS) sighting/1833m/boise airport traffic control tower (ATCT) advised, helo, reported a unmanned aircraft systems (UAS) at the same altitude while se bound at 350 feet.25 northwest (NW) boi.No evasive action taken. Ada county sheriff notified.",2023-09-30T18:33:00Z,43.619,-116.4486,350.0,medium
12111,2023-10-01,New york,New york,"Prelim information (INFO) from federal aviation administration (FAA) operations (OPS): new york, ny / unmanned aircraft systems (UAS) sighting/0917e/new york terminal radar approach control (TRACON) advised, a321, jfk-sna, reported unmanned aircraft systems (UAS) from the right side while sw bound at 6,000 feet 9 wsw jf kennedy airport (ARPT), ny vcnty breezy point.No evasive action taken.Nypd notified.",2023-10-01T09:17:00Z,40.5667,-73.9333,6000.0,medium
12112,2023-10-01,Chicago,Illinois,"Prelim information (INFO) from federal aviation administration (FAA) operations (OPS): chicago, il / unmanned aircraft systems (UAS) sighting/0922c/chicago terminal radar approach control (TRACON) advised, crj7, grd-ord, reported a black cylinder shaped unmanned aircraft systems (UAS) from the 12 of the clock position 500 feet below aircraft (ACFT) while E bound at 4,000 feet 14 W ord.No evasive action taken.Chicago fbi notified.",2023-10-01T00:00:00Z,41.9742,-88.0806,4000.0,medium
12113,2023-10-01,Rome,Georgia,"Prelim information (INFO) from federal aviation administration (FAA) af operations (OPS): rome, general aviation (GA) / unmanned aircraft systems (UAS) sighting/1155e/atlanta air route traffic control center (ARTCC) advised, cessna c182, mgw-anb, reported a metallic unmanned aircraft systems (UAS) off right side while sw bound at 8,000 feet 15 W rmg.No evasive action taken.Leo notification not reported.",2023-10-01T11:55:00Z,34.2634,-85.3935,8000.0,medium
12114,2023-10-01,Charleston,South carolina,"Prelim information (INFO) from federal aviation administration (FAA) operations (OPS): charleston, sc / unmanned aircraft systems (UAS) sighting/1155e/charleston airport traffic control tower (ATCT) advised, hawker h25b, avl-chs, reported a black baseball sized unmanned aircraft systems (UAS) from the 1 of the clock position 1,000 feet below aircraft (ACFT) while sse at 3,000 feet 8 S chs.No evasive action taken.Charleston country sheriff notified.",2023-10-01T11:55:00Z,32.7765,-79.9311,3000.0,medium
12115,2023-10-01,Charleston,South carolina,"Prelim information (INFO) from federal aviation administration (FAA) operations (OPS): charleston, sc / unmanned aircraft systems (UAS) sighting/1129e/charleston airport traffic control tower (ATCT) advised, b738, clt-chs, reported a black baseball sized unmanned aircraft systems (UAS) from the 1 of the clock position 500 feet below aircraft (ACFT) while sse at 3,000 feet 7 S chs.No evasive action taken.Charleston county sheriff notified.",2023-10-01T11:29:00Z,32.8295,-80.0379,3000.0,medium
12116,2023-10-01,Denver,Colorado,"Prelim information (INFO) from federal aviation administration (FAA) operations (OPS): denver, central office (CO) / unmanned aircraft systems (UAS) sighting/1232m/denver terminal radar approach control (TRACON) advised, fairchild sw4, den-aia, reported unmanned aircraft systems (UAS) 500 feet below while N bound at 9,000 feet 7 W den.No evasive action taken. Denver international (INTL) airport (ARPT) operations (OPS) center notified.",2023-10-01T12:32:00Z,39.8616,-105.0201,9000.0,medium
12117,2023-10-01,Montgomery,Alabama,"Prelim information (INFO) from federal aviation administration (FAA) operations (OPS): montgomery, al / unmanned aircraft systems (UAS) sighting/1407c/montgomery airport traffic control tower (ATCT) advised, raytheon h25b, reported a black unmanned aircraft systems (UAS) at the 12 of the clock position while E bound at 2,000 feet 3.5 W mgm.No evasive action taken.Leo notification not reported.",2023-10-01T14:07:00Z,32.2971,-86.4525,2000.0,medium
12118,2023-10-01,Covington,Kentucky,"Prelim information (INFO) from federal aviation administration (FAA) operations (OPS): covington, ky / unmanned aircraft systems (UAS) sighting/1725e/cincinnati airport traffic control tower (ATCT) advised, cirrus sr22, avl-ugn, reported a red unmanned aircraft systems (UAS) while E bound at 8,500 feet 30 W cvg.Ripley county sheriff notified.",2023-10-01T17:25:00Z,39.0488,-85.0731,8500.0,medium
12119,2023-10-01,Boston,Massachusetts,"Prelim information (INFO) from federal aviation administration (FAA) operations (OPS): boston, ma / unmanned aircraft systems (UAS) sighting/1730e/boston terminal radar approach control facility (TRACON) advised, de havilland dh8d, ottawa, canada (CYOW)-bos, reported a unmanned aircraft systems (UAS) at the 9 of the clock position while S bound at 6,000 feet 3 E bos.No evasive action taken.Massachusetts state pd notified.",2023-10-01T17:30:00Z,42.3656,-70.9708,6000.0,medium
12120,2023-10-01,Monroe,Louisiana,"Prelim information (INFO) from federal aviation administration (FAA) operations (OPS): monroe, la / unmanned aircraft systems (UAS) incident/1657c/monroe airport traffic control tower (ATCT) advised, experimental glasair glas, reported a black unmanned aircraft systems (UAS) at the 3 of the clock position while no earlier (NE) bound at 3,800 feet 7 sw mlu.Evasive action was taken. Ouachita parish second officer (SO) notified.",2023-10-01T16:57:00Z,32.4589,-92.1193,3800.0,medium
12121,2023-10-01,Boston,Massachusetts,"Prelim information (INFO) from federal aviation administration (FAA) af operations (OPS): boston, ma / unmanned aircraft systems (UAS) incident/1810e/boston terminal radar approach control facility (TRACON) advised, cessna c402, saranac lake, ny (SLK)-bos, reported a black unmanned aircraft systems (UAS) at the 9 of the clock position while ene bound at 4,000 feet 15 sw bos.No evasive action taken. Boston terminal radar approach control (TRACON) used opposite downwind for a brief period after multiple arrivals reported the unmanned aircraft systems (UAS).Minimal impact to operations reported.Massachusetts state pd notified.",2023-10-01T18:10:00Z,42.2167,-71.1833,4000.0,medium
12122,2023-10-01,Chicago,Illinois,"Prelim information (INFO) from federal aviation administration (FAA) operations (OPS): chicago, il / unmanned aircraft systems (UAS) sighting/1713c/chicago airport traffic control tower (ATCT) advised, b39m, sea-ord, reported a black quadcopter unmanned aircraft systems (UAS) at the 12 of the clock position while E bound at 2,400 feet 6 wnw ord.No evasive action taken.O' hare aprt pd notified.",2023-10-01T17:13:00Z,41.9978,-87.9902,2400.0,medium
12123,2023-10-01,Houston,Texas,"Prelim information (INFO) from federal aviation administration (FAA) operations (OPS): houston, tx / unmanned aircraft systems (UAS) sighting/1822c/houston terminal radar approach control (TRACON) advised, beechcraft be20, reported a white unmanned aircraft systems (UAS) while E bound at 2,000 feet 5 N hou.No evasive action taken.Fbi notified.",2023-10-01T18:22:00Z,29.9833,-95.3633,2000.0,medium
12124,2023-10-02,Lawrence,Massachusetts,"Prelim information (INFO) from federal aviation administration (FAA) operations (OPS): lawrence, ma / unmanned aircraft systems (UAS) sighting/0742e/boston terminal radar approach control (TRACON) advised, piper p28a, bvy-bvy, reported a black and silver unmanned aircraft systems (UAS) from the 9 of the clock position while no earlier (NE) bound at 2,000 feet 8 wsw lwm.No evasive action taken.Massachusetts state pd notified.",2023-10-02T07:42:00Z,42.6667,-71.2167,2000.0,medium
12125,2023-10-02,Daytona beach,Florida,"Prelim information (INFO) from federal aviation administration (FAA) operations (OPS): daytona beach, flight level (FL) / unmanned aircraft systems (UAS) sighting/0942e/daytona beach airport traffic control tower (ATCT) advised, cessna c172, dab-dab, reported a black unmanned aircraft systems (UAS) while E bound at 500 feet in pattern at dab.No evasive action taken. Atc temporarily reconfigured runways.Volusia county sheriff notified.",2023-10-02T09:42:00Z,29.1799,-81.0581,500.0,medium
12126,2023-10-02,Daytona beach,Florida,"Prelim information (INFO) from federal aviation administration (FAA) operations (OPS): daytona beach, flight level (FL) / unmanned aircraft systems (UAS) sighting/1148e/daytona airport traffic control tower (ATCT) advised, a319, dab-clt, reported a black unmanned aircraft systems (UAS) while ene bound at 1,000 feet 2 W dab.No evasive action taken.Volusia county sheriff notified.",2023-10-02T11:48:00Z,29.1872,-81.0989,1000.0,medium
12127,2023-10-02,San diego,California,"Prelim information (INFO) from federal aviation administration (FAA) operations (OPS): san diego, ca / unmanned aircraft systems (UAS) sighting/1235p/san diego airport traffic control tower (ATCT) advised, a321, dfw-san, reported a dark brown unmanned aircraft systems (UAS) from the 12 of the clock position while W bound at 2,000 feet 5 E san.No evasive action taken.Harbor pd notified.",2023-10-02T12:35:00Z,32.7338,-117.1038,2000.0,medium
12128,2023-10-02,Traverse city,Michigan,"Prelim information (INFO) from federal aviation administration (FAA) af operations (OPS): traverse city, mile (MI) / unmanned aircraft systems (UAS) sighting/1856e/traverse city airport traffic control tower (ATCT) advised, cessna c172, tvc-tvc, reported a basketball sized unmanned aircraft systems (UAS) 40 feet above aircraft (ACFT) while S bound at feet 1.5 mile final runway 18.No evasive action taken. Pic reported local high school was below having an event and the unmanned aircraft systems (UAS) possibly was related to the event.Traverse city pd notified.",2023-10-02T18:56:00Z,44.7356,-85.5824,1960.0,medium
12129,2023-10-02,Philadelphia,Pennsylvania,"Prelim information (INFO) from federal aviation administration (FAA) operations (OPS): philadelphia, public address (PA) / unmanned aircraft systems (UAS) sighting/1930e/philadelphia airport traffic control tower (ATCT) advised, a321, mia-phl, reported a unmanned aircraft systems (UAS) from the 9 of the clock position while W bound at 400 feet 1 W phl.No evasive action taken. Philadelphia airport (ARPT) pd notified.",2023-10-02T19:30:00Z,39.8744,-75.2655,400.0,medium
12130,2023-10-02,Newark,New jersey,"Prelim information (INFO) from federal aviation administration (FAA) operations (OPS): newark, nj / unmanned aircraft systems (UAS) sighting/2008e/newark airport traffic control tower (ATCT) advised, helo, reported a unmanned aircraft systems (UAS) while W bound at 600 feet vcnty ewr.No evasive action taken.New york port authority notified.",2023-10-02T00:00:00Z,40.6895,-74.1745,600.0,medium
12131,2023-10-03,Calverton,New york,"Prelim information (INFO) from federal aviation administration (FAA) operations (OPS): calverton, ny / unmanned aircraft systems (UAS) sighting/late report-1241e/new york terminal radar approach control (TRACON) advised, piper p28a, reported a unmanned aircraft systems (UAS) at the 12 of the clock position while N bound at 1,200 feet over calverton very high frequency omnidirectional range (VOR) (CCC).No evasive action taken.Suffolk pd notified.",2023-10-03T12:41:00Z,40.9155,-72.7923,1200.0,medium
12132,2023-10-04,Vero beach,Florida,"Prelim information (INFO) from federal aviation administration (FAA) operations (OPS): vero beach, flight level (FL) / unmanned aircraft systems (UAS) sighting/1017e/vero beach airport traffic control tower (ATCT) advised, piper p28a, reported a unmanned aircraft systems (UAS) while se bound at 500 feet.5 W vrb.No evasive action taken.Vero beach pd notified.",2023-10-04T10:17:00Z,27.6556,-80.5178,500.0,medium
12133,2023-10-04,Carlsbad,California,"Prelim information (INFO) from federal aviation administration (FAA) operations (OPS): carlsbad, conflict alert (CA) / unmanned aircraft systems (UAS) sighting/1130p/carlsbad federal contract tower (FCT) advised, cessna c206, reported a unmanned aircraft systems (UAS) from the 3 of the clock position while se bound at 1,500 feet vcnty crq.No evasive action taken.Carlsbad pd notified.",2023-10-04T23:30:00Z,33.1283,-117.28,1500.0,medium
12134,2023-10-04,White plains,New york,"Prelim information (INFO) from federal aviation administration (FAA) operations (OPS): white plains, ny / unmanned aircraft systems (UAS) sighting/1507e/westchester airport traffic control tower (ATCT) advised, pilatus pc12, reported a unmanned aircraft systems (UAS) while wnw bound at 800 feet 1 wnw hpn.No evasive action taken.Leo notification not reported..",2023-10-04T15:07:00Z,41.07778,-73.72389,800.0,medium
12135,2023-10-04,Caldwell,New jersey,"Prelim information (INFO) from federal aviation administration (FAA) operations (OPS): caldwell, nj / unmanned aircraft systems (UAS) sighting/late report-1649e/new york terminal radar approach control (TRACON) advised, a319, clt-ewr, reported a silver unmanned aircraft systems (UAS) while no earlier (NE) bound at 1,200 feet 2 N cdw.No evasive action taken.Nj homeland security notified.",2023-10-04T16:49:00Z,40.8752,-74.2813,1200.0,medium
12136,2023-10-04,Delancey,New york,"Prelim information (INFO) from federal aviation administration (FAA) operations (OPS): delancey, ny / unmanned aircraft systems (UAS) sighting/1829e/boston artcc advised, e55p, luk-hpn, reported a quadcopter unmanned aircraft systems (UAS) while E bound at fl210 15 northwest (NW) dny.No evasive action taken.No leo notification provided.",2023-10-04T18:29:00Z,42.1667,-75.5833,21000.0,medium
12137,2023-10-05,Boston,Massachusetts,"Prelim information (INFO) from federal aviation administration (FAA) operations (OPS): boston, ma / unmanned aircraft systems (UAS) sighting/1200e/boston terminal radar approach control (TRACON) advised, cessna c68a, owd-pbi, reported a blue unmanned aircraft systems (UAS) from below while northwest (NW) bound at 6,000 feet 15 W bos.No evasive action taken. Mass state pd notified.",2023-10-05T12:00:00Z,42.3656,-71.2128,6000.0,medium
12138,2023-10-05,San jose,California,"Prelim information (INFO) from federal aviation administration (FAA) operations (OPS): san jose, ca / unmanned aircraft systems (UAS) sighting/1321p/san jose airport traffic control tower (ATCT) advised, b738, los cabos, mexico (MMSD)-sjc, reported a white unmanned aircraft systems (UAS) from the 11 of the clock position while wnw bound at 1,200 feet 3 ese sjc.No evasive action taken. San jose pd notified.",2023-10-05T20:21:00Z,37.3333,-121.8667,1200.0,medium
12139,2023-10-05,Phoenix,Arizona,"Prelim information (INFO) from federal aviation administration (FAA) operations (OPS): phoenix, az / unmanned aircraft systems (UAS) sighting/1536m/phoenix airport traffic control tower (ATCT) advised, crj7, dro-phx, reported a white unmanned aircraft systems (UAS) from the 3 of the clock position while N bound at 2,500 feet 5 W phx.No evasive action taken. Phx airport (ARPT) pd notified.",2023-10-05T15:36:00Z,33.4484,-112.1543,2500.0,medium
12140,2023-10-05,Wilmington,North carolina,"Prelim information (INFO) from federal aviation administration (FAA) operations (OPS): wilmington, nc / unmanned aircraft systems (UAS) sighting/2208e/wilmington airport traffic control tower (ATCT) advised, cessna c172, reported a unmanned aircraft systems (UAS) from the 3 of the clock position while ene bound at 500 feet 1 wsw ilm.No injuries reported.",2023-10-05T00:00:00Z,34.2608,-77.9236,500.0,medium
12141,2023-10-06,El paso,Texas,"Prelim information (INFO) from federal aviation administration (FAA) af operations (OPS): el paso, tx / unmanned aircraft systems (UAS) sighting/0900m/el paso airport traffic control tower (ATCT) advised, piper p28a, lru-lru, reported a unmanned aircraft systems (UAS) while E bound at 5,500 feet 4 wsw elp.No evasive action taken.El paso dps notified.",2023-10-06T09:00:00Z,31.7619,-106.5219,5500.0,medium
12142,2023-10-06,Miami,Florida,"Prelim information (INFO) from federal aviation administration (FAA) operations (OPS): miami, flight level (FL) / unmanned aircraft systems (UAS) sighting/1109e/tamiami airport traffic control tower (ATCT) advised, diamond da40, tmb-tmb, reported a red-white unmanned aircraft systems (UAS) from the 1 of the clock position while ene bound at 1,200 feet 3 sw tmb.No evasive action taken.Miami dade pd notified.",2023-10-06T11:09:00Z,25.6333,-80.4667,1200.0,medium
12143,2023-10-06,Cleveland,Ohio,"Prelim information (INFO) from federal aviation administration (FAA) af operations (OPS): cleveland, oh / unmanned aircraft systems (UAS) sighting/1830e/cleveland advised, piper p28a, reported a black unmanned aircraft systems (UAS) 100 feet above aircraft (ACFT) from the 12 of the clock position while E bound at 5,000 feet 10 wnw cle.No evasive action taken.No leo notification provided.",2023-10-06T18:30:00Z,41.4994,-82.0622,5100.0,medium
12144,2023-10-07,Memphis,Tennessee,"Prelim information (INFO) from federal aviation administration (FAA) operations (OPS): memphis, tn / unmanned aircraft systems (UAS) sighting/1052c/memphis terminal radar approach control (TRACON) advised, cessna c182, reported a black unmanned aircraft systems (UAS) while W bound at 2,500 feet 11 no earlier (NE) mem.No evasive action taken.Memphis pd notified.",2023-10-07T10:52:00Z,35.0842,-89.9944,2500.0,medium
12145,2023-10-07,Midland,Texas,"Prelim information (INFO) from federal aviation administration (FAA) operations (OPS): midland, transmitter (TX) / unmanned aircraft systems (UAS) sighting/1150c/midland airport traffic control tower (ATCT) advised, cessna c172, reported a white unmanned aircraft systems (UAS) while west bound at 3,400 feet.5 N mdd.No evasive action taken.Midland dps notified.",2023-10-07T11:50:00Z,31.9825,-102.2158,3400.0,medium
12146,2023-10-07,Hollywood,Florida,"Prelim information (INFO) from federal aviation administration (FAA) operations (OPS): hollywood, flight level (FL) / unmanned aircraft systems (UAS) sighting/late report-1350e/north perry fct advised, cessna c172, hwo-hwo, returned and landed hwo without further incident after striking unmanned aircraft systems (UAS) at 1,100 feet 4 W hwo.No injuries or damage reported.",2023-10-07T13:50:00Z,26.0033,-80.3075,1100.0,medium
12147,2023-10-07,Fort lauderdale,Florida,"Prelim information (INFO) from federal aviation administration (FAA) operations (OPS): fort lauderdale, flight level (FL) / unmanned aircraft systems (UAS) sighting/1407e/miami airport traffic control tower (ATCT) advised, a320, bos-mia, reported a black unmanned aircraft systems (UAS) from 500 feet below aircraft (ACFT) while S bound at 11,000 feet 5 E fll.No evasive action taken.Broward pd notified.",2023-10-07T14:07:00Z,26.0725,-80.0528,11000.0,medium
12148,2023-10-07,Tallahassee,Florida,"Prelim information (INFO) from federal aviation administration (FAA) operations (OPS): tallahassee, flight level (FL) / unmanned aircraft systems (UAS) sighting/1441e/talahassee airport traffic control tower (ATCT) advised, piper p28a, reported a unmanned aircraft systems (UAS) at the 9 of the clock position while no earlier (NE) bound at 3,500 feet 6 E tlh.No evasive action taken.Talahassee pd notified.",2023-10-07T14:41:00Z,30.4,-84.2,3500.0,medium
12149,2023-10-07,Houston,Texas,"Prelim information (INFO) from federal aviation administration (FAA) operations (OPS): houston, tx / unmanned aircraft systems (UAS) sighting/1513c/houston terminal radar approach control facility (TRACON) advised, gulfstream g280, reported a unmanned aircraft systems (UAS) while northwest (NW) bound at 12,000 feet 30 ese hou.No evasive action taken.Fbi notified.",2023-10-07T15:13:00Z,29.4241,-94.8075,12000.0,medium
12150,2023-10-07,Las vegas,Nevada,"Prelim information (INFO) from federal aviation administration (FAA) operations (OPS): las vegas, nv / unmanned aircraft systems (UAS) sighting/1644p/las vegas airport traffic control tower (ATCT) advised, hughes h500, reported a unmanned aircraft systems (UAS) from the 12 of the clock position while N bound at 2,400 feet 2 nne las.No evasive action taken. Las vegas metropolitan (METRO) pd notified.",2023-10-07T16:44:00Z,36.2241,-115.1644,2400.0,medium
12151,2023-10-07,Los angeles,California,"Prelim information (INFO) from federal aviation administration (FAA) operations (OPS): los angeles, ca / unmanned aircraft systems (UAS) sighting/1850p/los angeles airport traffic control tower (ATCT) advised, a21n, mco-lax, reported a unmanned aircraft systems (UAS) while wsw bound at 1,500 feet 6 ene lax.No evasive action taken.La county sheriff notified.",2023-10-07T18:50:00Z,33.9816,-118.3267,1500.0,medium
12152,2023-10-08,San francisco,California,"Prelim information (INFO) from federal aviation administration (FAA) operations (OPS): san francisco, ca / unmanned aircraft systems (UAS) sighting/0727p/norcal terminal radar approach control facility (TRACON) advised, e75l, bfl-sfo, reported unmanned aircraft systems (UAS) 200 feet below their 12 of the clock position while nnw bound at 8,400 feet 35 se sfo.No evasive action taken.Leo notification not reported.",2023-10-08T19:27:00Z,37.3894,-121.9965,8400.0,medium
12153,2023-10-08,Waco,Texas,"Prelim information (INFO) from federal aviation administration (FAA) af operations (OPS): waco, transmitter (TX) / unmanned aircraft systems (UAS) sighting/1300c/waco airport traffic control tower (ATCT) advised, cessna c172, inj-pwg, reported a black and grey unmanned aircraft systems (UAS) 100 feet from aircraft (ACFT) while W bound at 2,500 feet 3 northwest (NW) act.No evasive action taken.Waco pd notified.",2023-10-08T13:00:00Z,31.6361,-97.0781,2500.0,medium
12154,2023-10-08,Atlanta,Georgia,"Prelim information (INFO) from federal aviation administration (FAA) operations (OPS): atlanta, general aviation (GA) / unmanned aircraft systems (UAS) sighting/1601e/atlanta terminal radar approach control (TRACON) advised, bombardier cl60, reported a unmanned aircraft systems (UAS) 50 feet from the aircraft (ACFT) while nnw bound at 4,000 feet 27 ene atl.No evasive action taken.Walnut grove pd notified.",2023-10-08T16:01:00Z,33.9639,-84.0364,4000.0,medium
12155,2023-10-08,Eagle,Colorado,"Prelim information (INFO) from federal aviation administration (FAA) operations (OPS): eagle, co / unmanned aircraft systems (UAS) sighting/1502m/aspen approach (APCH) advised, diamond da40, reported a unmanned aircraft systems (UAS) below aircraft (ACFT) while ese bound at 10,500 feet 11 wsw red table very high frequency omnidirectional range (VOR) (DBL).No evasive action taken.Eagle county sheriff was notified.",2023-10-08T15:02:00Z,39.5833,-107.0833,10500.0,medium
12156,2023-10-08,Bakersfield,California,"Prelim information (INFO) from federal aviation administration (FAA) operations (OPS): bakersfield, ca / unmanned aircraft systems (UAS) sighting/1414p/oakland air route traffic control center (ARTCC) advised, b737, nzy-nlc, reported a red unmanned aircraft systems (UAS) 1,000 feet above their 11 of the clock position while wsw bound at 7,000 feet 45 northwest (NW) shafter vor collocated with tacan (VORTAC) (EHF).No evasive action taken.Leo notification not reported.",2023-10-08T14:14:00Z,35.8333,-119.5833,8000.0,medium
12157,2023-10-08,Madison,Wisconsin,"Prelim information (INFO) from federal aviation administration (FAA) operations (OPS): madison, wi / unmanned aircraft systems (UAS) sighting/1636c/madison airport traffic control tower (ATCT) advised, cessna c182, reported a unmanned aircraft systems (UAS) at the 9 of the clock position while northwest (NW) bound at 1,800 feet 3 se msn.No evasive action taken.Madison pd notified.",2023-10-08T16:36:00Z,43.1097,-89.3081,1800.0,medium
12158,2023-10-08,Easton,Maryland,"Prelim information (INFO) from federal aviation administration (FAA) af operations (OPS): easton, md / unmanned aircraft systems (UAS) sighting/1753e/easton fct advised, piper p28a, esn-esn, reported a unmanned aircraft systems (UAS) at 700 feet 1 S esn.No evasive action taken.Easton pd notified.",2023-10-08T17:53:00Z,38.79833,-76.07,700.0,medium
12159,2023-10-08,Burlington,Vermont,"Prelim information (INFO) from federal aviation administration (FAA) operations (OPS): burlington, vt / unmanned aircraft systems (UAS) sighting/1808e/burlington airport traffic control tower (ATCT) advised, diamond da40, reported a unmanned aircraft systems (UAS) while no earlier (NE) bound at 1,000 feet 18 no earlier (NE) btv.No evasive action taken.Leo notification not reported.",2023-10-08T18:08:00Z,44.5013,-73.0669,1000.0,medium
12160,2023-10-09,Charlotte,North carolina,"Prelim information (INFO) from federal aviation administration (FAA) operations (OPS): charlotte, nc / unmanned aircraft systems (UAS) sighting/1850e/charlotte airport traffic control tower (ATCT) advised, a321, clt-rsw, reported a white unmanned aircraft systems (UAS) while S bound at 5,000 feet 10 ene clt.No evasive action taken.Lancaster sheriff notified.",2023-10-09T18:50:00Z,35.3361,-80.7061,5000.0,medium
12161,2023-10-10,Denver,Colorado,"Prelim information (INFO) from federal aviation administration (FAA) operations (OPS): denver, co / unmanned aircraft systems (UAS) sighting/1446m/denver terminal radar approach control (TRACON) advised, beech be33, reported a unmanned aircraft systems (UAS) 500 feet off wing while N bound at 900 feet 20 northwest (NW) denver.No evasive action reported.No leo notification reported.",2023-10-10T14:46:00Z,39.9614,-105.1894,900.0,medium
12162,2023-10-10,Phoenix,Arizona,"Prelim information (INFO) from federal aviation administration (FAA) operations (OPS): phoenix, az / unmanned aircraft systems (UAS) sighting/1750m/deer valley fct advised, bombardier cl30, psp-dvt, reported a unmanned aircraft systems (UAS) while E bound at 2,800 feet 3 no earlier (NE) dvt.No evasive action taken. Phx airport (ARPT) pd notified.",2023-10-10T17:50:00Z,33.6875,-112.0833,2800.0,medium
12163,2023-10-11,Wrightstown,New jersey,"Prelim information (INFO) from federal aviation administration (FAA) operations (OPS): wrightstown, nj / unmanned aircraft systems (UAS) sighting/1141e/mcguire airport traffic control tower (ATCT) advised, bombardier cl60, blm-alb, reported a red unmanned aircraft systems (UAS) while S bound at 2,000 feet 4 sw blm.No evasive action taken.No leo notification reported.",2023-10-11T11:41:00Z,40.0069,-74.6245,2000.0,medium
12164,2023-10-11,Atlanta,Georgia,"Prelim information (INFO) from federal aviation administration (FAA) operations (OPS): atlanta, general aviation (GA) / unmanned aircraft systems (UAS) sighting/1522e/atlanta terminal radar approach control (TRACON) advised, cessna c172, reported a white unmanned aircraft systems (UAS) while W bound at 4,500 feet 5 N atl.No evasive action taken.Fulton county pd notified.",2023-10-11T15:22:00Z,33.7784,-84.5272,4500.0,medium
12165,2023-10-11,Portland,Oregon,"Prelim information (INFO) from federal aviation administration (FAA) operations (OPS): portland, or / unmanned aircraft systems (UAS) sighting/1734p/portland terminal radar approach control (TRACON) advised, md11, sdf-pdx, reported a unmanned aircraft systems (UAS) while E bound at 3,000 feet 12 ese pdx.No evasive action taken.Portland pd notified.",2023-10-11T17:34:00Z,45.4375,-122.3125,3000.0,medium
12166,2023-10-12,Dover,Delaware,"Prelim information (INFO) from federal aviation administration (FAA) operations (OPS): dover, de / unmanned aircraft systems (UAS) sighting/1158e/dover airport traffic control tower (ATCT) advised, vulcanair 68tp, reported a white unmanned aircraft systems (UAS) beneath the aircraft (ACFT) while no earlier (NE) bound at 2,000 feet 2 no earlier (NE) smyrna very high frequency omnidirectional range (VOR) (ENO).No evasive action.Delaware state pd.",2023-10-12T11:58:00Z,39.2192,-75.5622,2000.0,medium
12167,2023-10-12,Teterboro,New jersey,"Prelim information (INFO) from federal aviation administration (FAA) operations (OPS): teterboro, nj / unmanned aircraft systems (UAS) sighting/1641e/teterboro airport traffic control tower (ATCT) advised, bombardier glex, teb-mke, reported black unmanned aircraft systems (UAS) at unkn altitude while sw bound at 1,500 feet 2.5 W teb.No evasive action taken.Teterboro airport pd notified.",2023-10-12T16:41:00Z,40.8408,-74.1033,1500.0,medium
12168,2023-10-12,New york,New york,"Prelim information (INFO) from federal aviation administration (FAA) operations (OPS): new york, ny / unmanned aircraft systems (UAS) sighting/1805e/new york terminal radar approach control (TRACON) advised, mooney m20t, reported a red unmanned aircraft systems (UAS) at the 12 of the clock position while sw bound at 4,000 feet 5 sw jfk.No evasive action taken.New york pd aviation unit notified.",2023-10-12T18:05:00Z,40.5963,-73.8478,4000.0,medium
12169,2023-10-12,Ogden,Utah,"Prelim information (INFO) from federal aviation administration (FAA) operations (OPS): ogden, ut / unmanned aircraft systems (UAS) sighting/2010m/salt lake city terminal radar approach control (TRACON) advised, b739, pdx-slc, reported a blue-white unmanned aircraft systems (UAS) 50 feet above the 10 of the clock position while sse bound at 9,800 feet 8 S hif.No evasive action taken. Salt lake city airport (ARPT) pd notified.",2023-10-12T00:00:00Z,41.1794,-111.9748,9800.0,medium
12170,2023-10-12,Dallas-fort worth,Texas,"Prelim information (INFO) from federal aviation administration (FAA) operations (OPS): dallas-fort worth, tx / unmanned aircraft systems (UAS) sighting/2137c/dfw airport traffic control tower (ATCT) advised, beech b190, lbb-dfw, reported a unmanned aircraft systems (UAS) from the 9 of the clock position while se bound at 1,100 feet 3 northwest (NW) maverick very high frequency omnidirectional range (VOR).No evasive action taken.Dfw dps notified.",2023-10-12T21:37:00Z,32.9333,-97.1167,1100.0,medium
12171,2023-10-13,Louisville,Kentucky,"Prelim information (INFO) from federal aviation administration (FAA) operations (OPS): louisville, ky / unmanned aircraft systems (UAS) sighting/0940e/brown field airport traffic control tower (ATCT) advised, cessna c172, reported a unmanned aircraft systems (UAS) from below while ene bound at 1,500 feet 2 E lou.No evasive action taken.Oldham county sheriff notified.",2023-10-13T09:40:00Z,38.2167,-85.7333,1500.0,medium
12172,2023-10-13,Wilmington,Delaware,"Prelim information (INFO) from federal aviation administration (FAA) operations (OPS): wilmington, de / unmanned aircraft systems (UAS) sighting/1246e/wilmington airport traffic control tower (ATCT) advised, gulfstream glf6, reported a unmanned aircraft systems (UAS) 500 feet below aircraft (ACFT) while N bound at 2,000 feet 4 se ilg.No evasive action taken.Delaware st pd notified.",2023-10-13T12:46:00Z,39.6428,-75.5814,2000.0,medium
12173,2023-10-13,Salt lake city,Utah,"Prelim information (INFO) from federal aviation administration (FAA) operations (OPS): salt lake city, ut / unmanned aircraft systems (UAS) sighting/1358m/salt lake city airport traffic control tower (ATCT) advised, e75l, sun-slc, reported a unmanned aircraft systems (UAS) from the 9 of the clock position while S bound at 6,000 feet 3 N wasatch very high frequency omnidirectional range (VOR).No evasive action taken.No leo notification provided.",2023-10-13T13:58:00Z,40.7861,-111.9822,6000.0,medium
12174,2023-10-13,San antonio,Texas,"Prelim information (INFO) from federal aviation administration (FAA) operations (OPS): san antonio, tx / unmanned aircraft systems (UAS) sighting/1625c/san antonio airport traffic control tower (ATCT) advised, cessna c560, sat-dzb, reported a blue unmanned aircraft systems (UAS) from the 3 of the clock position while no earlier (NE) bound at 3,500 feet 4 sw sat.No evasive action taken. San antonio city pd notified.",2023-10-13T16:25:00Z,29.3333,-98.5167,3500.0,medium
12175,2023-10-14,New orleans,Louisiana,"Prelim information (INFO) from federal aviation administration (FAA) operations (OPS): new orleans, la / unmanned aircraft systems (UAS) sighting/1110c/new orleans airport traffic control tower (ATCT) advised, beechcraft be58, reported a black unmanned aircraft systems (UAS) from the 12 of the clock position while northwest (NW) bound at 2,600 feet 3 se harvey very high frequency omnidirectional range (VOR) (HRV).No evasive action taken.Plaquemine parish sheriff notified.",2023-10-14T11:10:00Z,29.9333,-90.1333,2600.0,medium
12176,2023-10-14,Las vegas,Nevada,"Prelim information (INFO) from federal aviation administration (FAA) operations (OPS): las vegas, nv / unmanned aircraft systems (UAS) sighting/1357p/las vegas terminal radar approach control (TRACON) advised, learjet 45, reported a blue unmanned aircraft systems (UAS) at the 10 of the clock position while no earlier (NE) bound at 13,000 feet 13 E las.No evasive action taken.Las vegas pd notified.",2023-10-14T13:57:00Z,36.2162,-114.8944,13000.0,medium
12177,2023-10-14,Longview,Texas,"Prelim information (INFO) from federal aviation administration (FAA) operations (OPS): longview, transmitter (TX) / unmanned aircraft systems (UAS) sighting/1630c/longview airport traffic control tower (ATCT) advised, cessna c152, ggg-ggg, reported a white unmanned aircraft systems (UAS) at 2,000 feet 5 W ggg.No evasive action taken.No leo notified.",2023-10-14T16:30:00Z,32.3829,-94.7976,2000.0,medium
12178,2023-10-14,Hayward,California,"Prelim information (INFO) from federal aviation administration (FAA) operations (OPS): hayward, ca / unmanned aircraft systems (UAS) sighting/2008e/hayward fct advised, cessna c152, reported a orange unmanned aircraft systems (UAS) from the 3 of the clock position while E bound at 600 feet vcnty hwd.No evasive action taken.Hayward pd notified.",2023-10-14T00:00:00Z,37.6594,-122.1219,600.0,medium
12179,2023-10-15,Fort lauderdale,Florida,"Prelim information (INFO) from federal aviation administration (FAA) af operations (OPS): fort lauderdale, flight level (FL) / unmanned aircraft systems (UAS) sighting/1108e/fort lauderdale airport traffic control tower (ATCT) advised, b38m, fll-msy, reported a white unmanned aircraft systems (UAS) 100 feet from the aircraft (ACFT) while W bound at 1,900 feet 3 E fll.No evasive action taken.Broward county sheriff's office notified.",2023-10-15T11:08:00Z,26.0725,-80.0831,1900.0,medium
12180,2023-10-15,Fort lauderdale,Florida,"Prelim information (INFO) from federal aviation administration (FAA) operations (OPS): fort lauderdale, flight level (FL) / unmanned aircraft systems (UAS) sighting/1108e/fort lauderdale airport traffic control tower (ATCT) advised, b38m, fll-msy, reported a unmanned aircraft systems (UAS) from the left side while W bound at 1,900 feet 3 W fort lauderdale.No evasive action taken.Broward county pd notified.",2023-10-15T11:08:00Z,26.0725,-80.2089,1900.0,medium
12181,2023-10-15,Los angeles,California,"Prelim information (INFO) from federal aviation administration (FAA) af operations (OPS): los angeles, ca / unmanned aircraft systems (UAS) sighting/0822p/los angeles airport traffic control tower (ATCT) advised, a21n, mco-lax, reported a silver quadcopter unmanned aircraft systems (UAS) off the left side at 500 feet while wsw bound.75 ene lax.No evasive action taken.Law enforcement notified.",2023-10-15T20:22:00Z,33.9833,-118.1667,500.0,medium
12182,2023-10-15,Fort lauderdale,Florida,"Prelim information (INFO) from federal aviation administration (FAA) operations (OPS): fort lauderdale, flight level (FL) / unmanned aircraft systems (UAS) sighting/1257e/fort lauderdale airport traffic control tower (ATCT) advised, a320, fll-avl, reported a white unmanned aircraft systems (UAS) at same altitude from the 9 of the clock position while W bound at 1,500 feet 5 W fll.No evasive action taken.Broward county sheriff's office notified.",2023-10-15T12:57:00Z,26.0725,-80.2528,1500.0,medium
12183,2023-10-15,Denver,Colorado,"Prelim information (INFO) from federal aviation administration (FAA) af operations (OPS): denver, central office (CO) / unmanned aircraft systems (UAS) sighting/1356m/denver terminal radar approach control (TRACON) advised, b789, tokyo, japan (RJAA)-den, reported a silver unmanned aircraft systems (UAS) 700 feet below the 11 of the clock position while S bound at 10,700 feet 6 ssw den.No evasive action taken. Dia police department (DEPT) notified.",2023-10-15T13:56:00Z,39.7589,-104.8883,10000.0,medium
12184,2023-10-15,El monte,California,"Prelim information (INFO) from federal aviation administration (FAA) operations (OPS): el monte, conflict alert (CA) / unmanned aircraft systems (UAS) sighting/1328p/el monte airport traffic control tower (ATCT) advised, experimental van's rv7, lgb-ccr, reported a black unmanned aircraft systems (UAS) at same altitude from the 3 of the clock position while nnw bound at fl260, 3 sse emt.No evasive action taken.Local leo helo notified.",2023-10-15T13:28:00Z,34.0686,-118.035,26000.0,medium
12185,2023-10-15,Lafayette,Louisiana,"Prelim information (INFO) from federal aviation administration (FAA) operations (OPS): lafayette, la / laser incident/1720c/lafayette airport traffic control tower (ATCT) reported, cessna c25b, reported a unmanned aircraft systems (UAS) from the 3 of the clock position while no earlier (NE) bound at 1,200 feet 2 sw lft.No evasive action taken.Lafayette sheriff office notified.",2023-10-15T17:20:00Z,30.1944,-92.0184,1200.0,medium
12186,2023-10-15,Teterboro,New jersey,"Prelim information (INFO) from federal aviation administration (FAA) operations (OPS): teterboro, nj / unmanned aircraft systems (UAS) sighting/1924e/teterboro airport traffic control tower (ATCT) advised, gulfstream aerospace glf5, oxc-teb, reported a unmanned aircraft systems (UAS) from the 2 of the clock position while no earlier (NE) bound at 1,500 feet 6 wsw teb.No evasive action taken.Newark pd notified.",2023-10-15T19:24:00Z,40.8233,-74.1375,1500.0,medium
12187,2023-10-16,Albuquerque,New mexico,"Prelim information (INFO) from federal aviation administration (FAA) operations (OPS): albuquerque, nautical mile (NM) / unmanned aircraft systems (UAS) sighting/0934m/albuquerque terminal radar approach control (TRACON) advised, c30j, reported a black unmanned aircraft systems (UAS) from the 9 of the clock position while ese bound at 13,500 feet 40 ese abq.No evasive action taken.New mexico state pd notified.",2023-10-16T09:34:00Z,34.6667,-105.7833,13500.0,medium
12188,2023-10-16,Sacramento,California,"Prelim information (INFO) from federal aviation administration (FAA) af operations (OPS): sacramento, ca / unmanned aircraft systems (UAS) sighting/1355p/mather fct advised, cessna c152, reported a unmanned aircraft systems (UAS) from the 3'oclock position while no earlier (NE) bound at 1,000 feet 1 me mhr.No injuries reported. Sac county sheriff notified.",2023-10-16T20:55:00Z,38.5638,-121.2973,1000.0,medium
12189,2023-10-17,New york,New york,"Prelim information (INFO) from federal aviation administration (FAA) operations (OPS): new york, ny / unmanned aircraft systems (UAS) sighting/0905e/new york terminal radar approach control (TRACON) advised, a21n, jfk-den, reported a unmanned aircraft systems (UAS) from the 10 of the clock position while sw bound at 1,500 feet.5 no earlier (NE) canarsie very high frequency omnidirectional range (VOR) (CRI).No evasive action taken.New york pd notified.",2023-10-17T09:05:00Z,40.5833,-73.8833,1500.0,medium
12190,2023-10-17,Fort lauderdale,Florida,"Prelim information (INFO) from federal aviation administration (FAA) af operations (OPS): fort lauderdale, flight level (FL) / unmanned aircraft systems (UAS) sighting/1106e/fort lauderdale airport traffic control tower (ATCT) advised, a321, atl-fll, reported a white unmanned aircraft systems (UAS) from their 3 of the clock position while W bound at 6,000 feet vcnty fll.No evasive action taken.Broward county sheriff's office notified.",2023-10-17T11:06:00Z,26.0725,-80.1525,6000.0,medium
12191,2023-10-17,Savannah,Georgia,"Prelim information (INFO) from federal aviation administration (FAA) operations (OPS): savannah, general aviation (GA) / unmanned aircraft systems (UAS) sighting/1050e/jacksonville air route traffic control center (ARTCC) advised, a319, clt-dab, reported a silver / black unmanned aircraft systems (UAS) at the 9 of the clock position while northwest (NW) bound at fl218 70 no earlier (NE) sav.No evasive action taken.St. george pd notified.",2023-10-17T10:50:00Z,32.3333,-81.5833,21800.0,medium
12192,2023-10-18,Tallahassee,Florida,"Prelim information (INFO) from federal aviation administration (FAA) operations (OPS): tallahassee, flight level (FL) / unmanned aircraft systems (UAS) sighting/1020e/jacksonville artcc advised, piper pa32, apf-tlh, reported a white and gray unmanned aircraft systems (UAS) 400 feet below aircraft (ACFT) while northwest (NW) bound at 8,500 feet 21.3 N perry-foley aprt.No evasive action taken.Taylor county sheriffs office notified.",2023-10-18T10:20:00Z,30.1683,-83.8458,8100.0,medium
12193,2023-10-18,Indianapolis,Indiana,"Prelim information (INFO) from federal aviation administration (FAA) af operations (OPS): indianapolis, in / unmanned aircraft systems (UAS) sighting/1044c/indianapolis airport traffic control tower (ATCT) advised, diamond da40, reported a unmanned aircraft systems (UAS) from the 12 of the clock position while se bound at 3,500 feet 10 northwest (NW) brickyard very high frequency omnidirectional range (VOR).No evasive action taken.Hendricks county sheriff notified.",2023-10-18T10:44:00Z,39.8833,-86.3667,3500.0,medium
12194,2023-10-18,Columbus,Ohio,"Prelim information (INFO) from federal aviation administration (FAA) operations (OPS): columbus, oh / unmanned aircraft systems (UAS) sighting/1245e/columbus airport traffic control tower (ATCT) advised, a21n, lax-cmh, reported a unmanned aircraft systems (UAS) 1,000 feet below aircraft (ACFT) while N bound at 5,000 feet 5.7 S columbus.No evasive action taken.Law enforcement was not notified.",2023-10-18T12:45:00Z,39.8638,-82.9376,5000.0,medium
12195,2023-10-18,Teterboro,New jersey,"Prelim information (INFO) from federal aviation administration (FAA) operations (OPS): teterboro, nj / unmanned aircraft systems (UAS) sighting/1711e/teterboro airport traffic control tower (ATCT) advised, embraer e545, pne-teb, reported a red unmanned aircraft systems (UAS) at the 3 of the clock position while S bound at 500 feet 1 N teb.No evasive action taken. Arpt operations notified.",2023-10-18T17:11:00Z,40.8675,-74.0615,500.0,medium
12196,2023-10-18,Farmingdale,New york,"Prelim information (INFO) from federal aviation administration (FAA) af operations (OPS): farmingdale, ny / unmanned aircraft systems (UAS) sighting/1747e/republic airport traffic control tower (ATCT) advised, paro, unkn-frg, reported a red unmanned aircraft systems (UAS) while ese bound at 500 feet 1 sse frg.No evasive action taken.Suffolk county pd notified.",2023-10-18T17:47:00Z,40.718889,-73.408889,500.0,medium
12197,2023-10-18,Cross city,Florida,"Prelim information (INFO) from federal aviation administration (FAA) operations (OPS): cross city, flight level (FL) / unmanned aircraft systems (UAS) sighting/late report 10-18 2303e/jacksonville artcc advised, b738, ord-mia, was illuminated by a green laser from the 11 of the clock position while S bound at fl370 30 nnw cty.No injuries reported.Columbia county sheriff notified.",2023-10-18T23:03:00Z,30.1833,-83.125,37000.0,medium
12198,2023-10-19,Boston,Massachusetts,"Prelim information (INFO) from federal aviation administration (FAA) operations (OPS): boston, ma / unmanned aircraft systems (UAS) sighting/0940e/boston airport traffic control tower (ATCT) advised, e190, pit-bos, reported a unmanned aircraft systems (UAS) while sw bound at 700 feet 2 no earlier (NE) bos.No evasive action taken. Mass state pd notified.",2023-10-19T09:40:00Z,42.3502,-71.0408,700.0,medium
12199,2023-10-19,Oakland,California,"Prelim information (INFO) from federal aviation administration (FAA) operations (OPS): /uas sighting/1155e/norcal terminal radar approach control (TRACON) advised, a332, oak-hnl, reported unmanned aircraft systems (UAS) operating at 600 feet above golden gate bridge while sw bound at 6,000 feet. Color and size unkn.Golden gate bridge authority notified.",2023-10-19T11:55:00Z,37.8199,-122.4783,600.0,medium
12200,2023-10-20,Charlottesville,Virginia,"Prelim information (INFO) from federal aviation administration (FAA) operations (OPS): charlottesville, va / unmanned aircraft systems (UAS) sighting/1226e/potomac terminal radar approach control facility (TRACON) advised, cessna c56x, reported a small black unmanned aircraft systems (UAS) 50-100 feet above aircraft (ACFT) while eastbound at 4,000 feet 5 E cho.No evasive action taken.Albemarle county sherriff notified.",2023-10-20T12:26:00Z,38.0375,-78.3889,4000.0,medium
12201,2023-10-20,Tampa,Florida,"Prelim information (INFO) from federal aviation administration (FAA) af operations (OPS): tampa, flight level (FL) / unmanned aircraft systems (UAS) sighting/1353e/sarasota airport traffic control tower (ATCT) advised, bombardier glex, pbi-srq, reported a black unmanned aircraft systems (UAS) while sw bound at 2,000 feet from the 9 of the clock position 10 ese srq.No evasive action taken.Tampa fbi notified.",2023-10-20T13:53:00Z,27.3167,-82.3833,2000.0,medium
12202,2023-10-20,Los angeles,California,"Prelim information (INFO) from federal aviation administration (FAA) operations (OPS): los angeles, ca / unmanned aircraft systems (UAS) sighting/1111p/socal terminal radar approach control (TRACON) advised, b738, dal-lax, reported a black unmanned aircraft systems (UAS) at the 9 of the clock position while wsw bound at 6,500 feet 24 ene lax.No evasive action taken.La sheriff notified.",2023-10-20T23:11:00Z,34.0522,-118.2437,6500.0,medium
12203,2023-10-20,Orlando,Florida,"Prelim information (INFO) from federal aviation administration (FAA) operations (OPS): orlando, flight level (FL) / unmanned aircraft systems (UAS) sighting/1616e/central florida terminal radar approach control (TRACON) advised, a321, dfw-mco, reported a unmanned aircraft systems (UAS) while off departure end of runway 18l at 3 of the clock position while E bound at 800 feet.No evasive action taken.Orlando pd notified.",2023-10-20T16:16:00Z,28.4239,-81.3089,800.0,medium
12204,2023-10-20,Atlanta,Georgia,"Prelim information (INFO) from federal aviation administration (FAA) operations (OPS): atlanta, general aviation (GA) / unmanned aircraft systems (UAS) sighting/1634e/atlanta terminal radar approach control (TRACON) advised, b763, toronto, canada (CYYZ)-atl, reported a black and blue unmanned aircraft systems (UAS) at the 12 of the clock position while W bound at 3,000 feet 5 E atl.No evasive action taken.Henry county sheriff notified.",2023-10-20T16:34:00Z,33.6518,-84.3528,3000.0,medium
12205,2023-10-20,Atlanta,Georgia,"Prelim information (INFO) from federal aviation administration (FAA) operations (OPS): atlanta, general aviation (GA) / unmanned aircraft systems (UAS) sighting/1637e/atlanta terminal radar approach control (TRACON) advised, b739, orf-atl, reported a black and blue unmanned aircraft systems (UAS) at the 12 of the clock position while W bound at 3,000 feet 5 E atl.No evasive action taken.Henry county sheriff notified.",2023-10-20T16:37:00Z,33.6964,-84.3105,3000.0,medium
12206,2023-10-20,Phoenix,Arizona,"Prelim information (INFO) from federal aviation administration (FAA) operations (OPS): phoenix, az / unmanned aircraft systems (UAS) sighting/1708m/phoenix terminal radar approach control (TRACON) advised, b38m, hnl-phx, reported unmanned aircraft systems (UAS) off left side while E bound at 8,000 feet 7 ese phoenix very high frequency omnidirectional range (VOR).No evasive action taken. Phoenix international (INTL) airport (ARPT) pd notified.",2023-10-20T00:00:00Z,33.3833,-111.8167,8000.0,medium
12207,2023-10-21,Houston,Texas,"Prelim information (INFO) from federal aviation administration (FAA) operations (OPS): houston, tx / unmanned aircraft systems (UAS) sighting/0805c/houston terminal radar approach control (TRACON) advised, crj7, dfw-hou, reported a red and white quadcopter unmanned aircraft systems (UAS) 1,000 feet below the aircraft (ACFT) while wsw bound at 3,000 feet 9 ene hou.No evasive action taken.Houston fbi notified.",2023-10-21T08:05:00Z,29.7858,-95.2214,2000.0,medium
12208,2023-10-21,Fayetteville,North carolina,"Prelim information (INFO) from federal aviation administration (FAA) operations (OPS): fayetteville, nc / unmanned aircraft systems (UAS) sighting/1131e/fayetteville airport traffic control tower (ATCT) advised, beech be36, reported a unmanned aircraft systems (UAS) while ssw bound at 6,000 feet 10 ene fay.No evasive action taken.Lee county sheriff notified.",2023-10-21T11:31:00Z,35.1333,-78.7167,6000.0,medium
12209,2023-10-21,Denver,Colorado,"Prelim information (INFO) from federal aviation administration (FAA) operations (OPS): denver, central office (CO) / unmanned aircraft systems (UAS) sighting/1335m/denver terminal radar approach control (TRACON) advised, b737, fat-den, reported a black unmanned aircraft systems (UAS) 1,000 feet below aircraft (ACFT) while nne bound at 13,000 feet 12 S den.No evasive action taken. Dia pd notified.",2023-10-21T13:35:00Z,39.6584,-104.8665,13000.0,medium
12210,2023-10-21,Beaumont/port arthur,Texas,"Prelim information (INFO) from federal aviation administration (FAA) operations (OPS): beaumont / port arthur, tx / unmanned aircraft systems (UAS) sighting/1440c/houston artcc advised, e75l, iah-lft, reported a black and red unmanned aircraft systems (UAS) from the 9 of the clock position while E bound at fl210 10 wnw bpt.No evasive action taken.Beaumont pd notified.",2023-10-21T14:40:00Z,30.1333,-94.2167,21000.0,medium
12211,2023-10-21,Atlantic city,New jersey,"Prelim information (INFO) from federal aviation administration (FAA) operations (OPS): atlantic city, nj / unmanned aircraft systems (UAS) sighting/1315e/new york air route traffic control center (ARTCC) advised, crj9, rdu-jfk, reported a silver unmanned aircraft systems (UAS) while no earlier (NE) bound at fl200 15 no earlier (NE) acy.No evasive action taken.New jersey counter terrorism watch was notified.",2023-10-21T13:15:00Z,39.5833,-74.4167,20000.0,medium
12212,2023-10-22,Grand rapids,Michigan,"Prelim information (INFO) from federal aviation administration (FAA) operations (OPS): grand rapids, mile (MI) / unmanned aircraft systems (UAS) sighting/1127e/great lakes approach (APCH) advised, crj9, grr-lga, reported 3 unmanned aircraft systems (UAS) from the 2 of the clock position while wsw bound at 1,500 feet 3 wsw grr.No evasive action taken.Kent county sheriff notified.",2023-10-22T11:27:00Z,42.8634,-85.5681,1500.0,medium
12213,2023-10-22,Annapolis,Maryland,"Prelim information (INFO) from federal aviation administration (FAA) operations (OPS): annapolis, md / unmanned aircraft systems (UAS) sighting/1544e/potomac terminal radar approach control (TRACON) advised, a321, cancun, mexico (MMUN)-bwi, reported grey unmanned aircraft systems (UAS) 500 feet below aircraft (ACFT) while no earlier (NE) bound at 4,500 feet 3 W annapolis.No evasive action reported.Anne arundel county pd notified.",2023-10-22T15:44:00Z,38.9784,-76.5382,4500.0,medium
12214,2023-10-22,Van nuys,California,"Prelim information (INFO) from federal aviation administration (FAA) operations (OPS): van nuys, conflict alert (CA) / unmanned aircraft systems (UAS) sighting/1325p/van nuys airport traffic control tower (ATCT) advised, cessna c750, vny-las, reported a green / white unmanned aircraft systems (UAS) from the 3 of the clock position while sse bound at 2,300 feet 3 nnw vny.No evasive action taken.Leo notification not reported.",2023-10-22T20:25:00Z,34.2397,-118.5075,2300.0,medium
12215,2023-10-23,Lakehurst,New jersey,"Prelim information (INFO) from federal aviation administration (FAA) operations (OPS): lakehurst, nj / unmanned aircraft systems (UAS) sighting/late report-1035e/new york terminal radar approach control facility (TRACON) advised, a321, atl-lga, reported a unmanned aircraft systems (UAS) while ene bound at 7,000 feet 12 nnw nel.No evasive action taken.New jersey pd notified.",2023-10-23T10:35:00Z,40.1833,-74.2667,7000.0,medium
12216,2023-10-23,Raleigh,North carolina,"Prelim information (INFO) from federal aviation administration (FAA) operations (OPS): raleigh / durham, nc / unmanned aircraft systems (UAS) sighting/1530e/raleigh-durham airport traffic control tower (ATCT) advised, piper p28a, rdu-rdu, reported a silver unmanned aircraft systems (UAS) from the 1 of the clock position while northwest (NW) bound at 4,300 feet 9 se rdu.No evasive action taken.Raleigh-durham pd notified.",2023-10-23T15:30:00Z,35.7795,-78.6382,4300.0,medium
12217,2023-10-23,New orleans,Louisiana,"Prelim information (INFO) from federal aviation administration (FAA) operations (OPS): new orleans, la / unmanned aircraft systems (UAS) sighting/1725c/new orleans airport traffic control tower (ATCT) advised, texan 2, reported a black unmanned aircraft systems (UAS) at the 3 of the clock position while northwest (NW) bound at 1,500 feet 4 se msy.No evasive action taken.Harahan pd notified.",2023-10-23T17:25:00Z,29.9778,-90.2154,1500.0,medium
12218,2023-10-24,Dallas,Texas,"Correction information (INFO) (type event) from federal aviation administration (FAA) operations (OPS): dallas, tx / unmanned aircraft systems (UAS) sighting/0905c/dallas-fort worth artcc advised, fairchild swearingen sw4, mem-elp, reported a unmanned aircraft systems (UAS) from the 3 of the clock position while W bound at fl200 vcnty automatic dependent surveillance (ADS).No evasive action taken.No leo notification reported.",2023-10-24T09:05:00Z,32.8998,-97.0403,20000.0,medium
12219,2023-10-24,New york,New york,"Prelim information (INFO) from federal aviation administration (FAA) operations (OPS): new york, ny / unmanned aircraft systems (UAS) sighting/1300e/new york terminal radar approach control (TRACON) advised, piper pa27, reported a black / chrome unmanned aircraft systems (UAS) from the 9 of the clock position while sw bound at 9,600 feet 4 E lga.No evasive action taken.Nypd aviation notified.",2023-10-24T13:00:00Z,40.79,-73.82,9600.0,medium
12220,2023-10-25,Baltimore,Maryland,"Prelim information (INFO) from federal aviation administration (FAA) operations (OPS): baltimore, md / unmanned aircraft systems (UAS) sighting/1030e/potomac terminal radar approach control (TRACON) advised, e75s, lga-dca, reported a black unmanned aircraft systems (UAS) while ssw bound at 10,000 feet vcnty bwi.No evasive action taken. Bwi airport (ARPT) operations (OPS) notified.",2023-10-25T10:30:00Z,39.1754,-76.6684,10000.0,medium
12221,2023-10-26,Atlanta,Georgia,"Prelim information (INFO) from federal aviation administration (FAA) operations (OPS): atlanta, general aviation (GA) / unmanned aircraft systems (UAS) sighting/1130e/peachtree airport traffic control tower (ATCT) advised, embraer e55p, pie-pdk, reported a yellow and black unmanned aircraft systems (UAS) off right side while W bound at 2,000 feet 5 se pdk.No evasive action taken.Dekalb county sheriff notified.",2023-10-26T11:30:00Z,33.8403,-84.2525,2000.0,medium
12222,2023-10-26,Philadelphia,Pennsylvania,"Prelim information (INFO) from federal aviation administration (FAA) operations (OPS): philadelphia, public address (PA) / unmanned aircraft systems (UAS) sighting/1445e/philadelphia approach (APCH) advised, a20n, clt-ttn, reported a red unmanned aircraft systems (UAS) while sw bound at 6,000 feet 8 E pne.No evasive action taken. Philadephia international (INTL) airport (ARPT) pd notified.",2023-10-26T14:45:00Z,40.1319,-74.9361,6000.0,medium
12223,2023-10-26,Fort lauderdale,Florida,"Prelim information (INFO) from federal aviation administration (FAA) operations (OPS): fort lauderdale, flight level (FL) / unmanned aircraft systems (UAS) sighting/1637e/fort lauderdale airport traffic control tower (ATCT) advised, bombardier cl60, reported a white unmanned aircraft systems (UAS) at the 3 of the clock position while E bound at 1,200 feet on 6 mile final runway 10r.No evasive action taken.Broward county sheriff notified.",2023-10-26T16:37:00Z,26.0725,-80.1525,1200.0,medium
12224,2023-10-26,Chino,California,"Prelim information (INFO) from federal aviation administration (FAA) af operations (OPS): chino, conflict alert (CA) / unmanned aircraft systems (UAS) sighting/1416p/chino airport traffic control tower (ATCT) advised, piper p28a, reported a black unmanned aircraft systems (UAS) at the 6 of the clock position while W bound at 1,500 feet on upwind runway 26l.No evasive action taken.Chino pd notified.",2023-10-26T14:16:00Z,33.9753,-117.6367,1500.0,medium
12225,2023-10-26,Seattle,Washington,"Prelim information (INFO) from federal aviation administration (FAA) operations (OPS): seattle, wa / unmanned aircraft systems (UAS) sighting/1420p/boeing airport traffic control tower (ATCT) advised, embraer e55p, smo-bfi, reported an orange and black unmanned aircraft systems (UAS) while se bound at 1,700 feet 4 northwest (NW) bfi.No evasive action taken.Leo notification not reported.",2023-10-26T14:20:00Z,47.5435,-122.3801,1700.0,medium
12226,2023-10-26,Needles,California,"Prelim information (INFO) from federal aviation administration (FAA) af operations (OPS): needles, conflict alert (CA) / unmanned aircraft systems (UAS) sighting/1707p/los angeles air route traffic control center (ARTCC) advised, piper p28a, reported a black unmanned aircraft systems (UAS) from the 3 of the clock position while E bound at 10,500 feet 35 sw eed.No evasive action taken.Lake havasu city pd notified.",2023-10-26T17:07:00Z,34.5133,-114.8633,10500.0,medium
12227,2023-10-27,El paso,Texas,"Prelim information (INFO) from federal aviation administration (FAA) operations (OPS): el paso, tx / unmanned aircraft systems (UAS) incident/1842m/el paso airport traffic control tower (ATCT) advised, cessna c172, elp-elp, reported a black unmanned aircraft systems (UAS) from the 12 of the clock position while N bound at 4,400 feet 3 sw elp. Acft advised to go-around and changed arrival to runway 22.Local dps notified.",2023-10-27T18:42:00Z,31.7619,-106.485,4400.0,medium
12228,2023-10-28,Gulfport,Ms15,"Prelim information (INFO) from federal aviation administration (FAA) operations (OPS): gulfport, ms15/uas sighting/1317c/gulfport approach advised, piper pa32, observed a unmanned aircraft systems (UAS) off left side while southwest bound at 2,000 feet, 15 northwest (NW) gpt.No evasive action reported.Harrison county sheriff notified.",2023-10-28T13:17:00Z,30.5072,-89.2233,2000.0,medium
12229,2023-10-28,Millville,New jersey,"Prelim information (INFO) from federal aviation administration (FAA) af operations (OPS): millville, nj / unmanned aircraft systems (UAS) sighting/1510e/atlantic city airport traffic control tower (ATCT) advised, piper p28a, wwd-myerstown, public address (PA) (9d4), reported a silver unmanned aircraft systems (UAS) from the 2 of the clock position while N bound at 4,000 feet 3 S cedar lake very high frequency omnidirectional range (VOR).No evasive action taken.New jersey state pd notified.",2023-10-28T15:10:00Z,39.3167,-74.5667,4000.0,medium
12230,2023-10-28,Waterloo,Delaware,"Prelim information (INFO) from federal aviation administration (FAA) operations (OPS): waterloo, de / unmanned aircraft systems (UAS) sighting/1545e/dover approach (APCH) advised, cessna c182, oxb-oxb, reported a black unmanned aircraft systems (UAS) from the 12 of the clock position while S bound at 5,300 feet 3 sw waterloo very high frequency omnidirectional range (VOR).No evasive action taken.Delaware state pd notified.",2023-10-28T15:45:00Z,38.6333,-75.6333,5300.0,medium
12231,2023-10-28,Raleigh/durham,North carolina,"Prelim information (INFO) from federal aviation administration (FAA) operations (OPS): raleigh / durham, nc / unmanned aircraft systems (UAS) sighting/1536e/raleigh-durham airport traffic control tower (ATCT) advised, piper p28a, rdu-rdu, reported an orange unmanned aircraft systems (UAS) 30 feet from the 10 of the clock position while maneuvering at 3,000 feet 8 se rdu.No evasive action taken.Wake county sheriff notified.",2023-10-28T15:36:00Z,35.7333,-78.6667,3000.0,medium
12232,2023-10-28,Ontario,California,"Prelim information (INFO) from federal aviation administration (FAA) operations (OPS): ontario, ca / unmanned aircraft systems (UAS) sighting/1510p/socal terminal radar approach control facility (TRACON) advised, a321, jfk-lax, reported a black unmanned aircraft systems (UAS) at the 12 of the clock position while W bound at 10,000 feet 35 E lax.Chino pd notified.",2023-10-28T15:10:00Z,34.0522,-118.2437,10000.0,medium
12233,2023-10-28,Houston,Texas,"Prelim information (INFO) from federal aviation administration (FAA) operations (OPS): houston, tx / unmanned aircraft systems (UAS) sighting/1935c/houston airport traffic control tower (ATCT) advised, crj9, bhm-iah, reported a white unmanned aircraft systems (UAS) at the 9 of the clock position while E bound at 1,800 feet 6 W iah.No evasive action taken.Houston pd notified.",2023-10-28T19:35:00Z,29.9844,-95.4796,1800.0,medium
12234,2023-10-28,Las vegas,Nevada,"Prelim information (INFO) from federal aviation administration (FAA) operations (OPS): las vegas, nv / unmanned aircraft systems (UAS) sighting/1812p/las vegas airport traffic control tower (ATCT) advised, helo, reported a unmanned aircraft systems (UAS) while N bound at 2,400 feet.5 northwest (NW) las.No evasive action taken. Public use mt2 located the unmanned aircraft systems (UAS) operater.",2023-10-28T18:12:00Z,36.2145,-115.2581,2400.0,medium
12235,2023-10-29,San diego,California,"Prelim information (INFO) from federal aviation administration (FAA) operations (OPS): san diego, ca / unmanned aircraft systems (UAS) sighting/1005p/socal terminal radar approach control (TRACON) advised, bcs1, sea-san, reported a unmanned aircraft systems (UAS) from the 3 of the clock position while E bound at 8,000 feet 10 nnw san.No evasive action taken. San diego pd notified.",2023-10-29T22:05:00Z,32.9833,-117.2667,8000.0,medium
12236,2023-10-29,Los angeles,California,"Prelim information (INFO) from federal aviation administration (FAA) operations (OPS): los angeles, ca / unmanned aircraft systems (UAS) sighting/1010p/lax airport traffic control tower (ATCT) advised, b738, sfo-lax, reported unmanned aircraft systems (UAS) below aircraft (ACFT) while on 4 mile final runway 24l at 1,800 feet.No evasive action taken. Lax airport (ARPT) operations (OPS) notified.",2023-10-29T22:10:00Z,33.9425,-118.4081,1800.0,medium
12237,2023-10-29,Charlotte,North carolina,"Prelim information (INFO) from federal aviation administration (FAA) operations (OPS): charlotte, nc / unmanned aircraft systems (UAS) sighting/1521e/charlotte airport traffic control tower (ATCT) advised, a321, pit-clt, reported a unmanned aircraft systems (UAS) from the 12 of the clock position while S bound at 3,000 feet 9 N clt.No evasive action reported.Pilot stated may have been a balloon. Charlotte airport (ARPT) pd notified.",2023-10-29T15:21:00Z,35.3819,-80.7091,3000.0,medium
12238,2023-10-29,Birmingham,Alabama,"Prelim information (INFO) from federal aviation administration (FAA) operations (OPS): birmingham, al / unmanned aircraft systems (UAS) sighting/1423c/birmingham airport traffic control tower (ATCT) advised, cessna c175, reported a large unmanned aircraft systems (UAS) from the 3 of the clock position while S bound at 5,000 feet 2 E vulcan vor collocated with tacan (VORTAC).No evasive action taken.Leo notification not reported.",2023-10-29T14:23:00Z,33.5233,-86.755,5000.0,medium
12239,2023-10-29,West palm beach,Florida,"Prelim information (INFO) from federal aviation administration (FAA) operations (OPS): west palm beach, flight level (FL) / unmanned aircraft systems (UAS) sighting/1752e/palm beach airport traffic control tower (ATCT) advised, learjet lj75, pwa-bct, reported gray unmanned aircraft systems (UAS) from the 9 of the clock position while se bound at 2,000 feet 20 sw pbi.No evasive action taken.Palm beach sheriff notified.",2023-10-29T17:52:00Z,26.5253,-80.3853,2000.0,medium
12240,2023-10-29,Asheville,North carolina,"Prelim information (INFO) from federal aviation administration (FAA) af operations (OPS): asheville, nc / unmanned aircraft systems (UAS) sighting/2008e/asheville airport traffic control tower (ATCT) advised, cirrus sr22, reported a unmanned aircraft systems (UAS) at the 11 of the clock position while northwest (NW) bound at 800 feet 1 W avl.No evasive action taken.Asheville dps notified.",2023-10-29T20:08:00Z,35.4395,-82.5619,800.0,medium
12241,2023-10-30,Wilmington,North carolina,"Prelim information (INFO) from federal aviation administration (FAA) af operations (OPS): wilmington, nc / unmanned aircraft systems (UAS) sighting/1826e/wilmington airport traffic control tower (ATCT) advised, p8, reported unmanned aircraft systems (UAS) with yellow lights at same altitude from the right side while sw bound at 1,000 feet on final runway 24.No evasive action taken.New hanover pd notified.",2023-10-30T18:26:00Z,34.2706,-77.9026,1000.0,medium
12242,2023-10-30,Missoula,Montana,"Prelim information (INFO) from federal aviation administration (FAA) af operations (OPS): missoula, mt / unmanned aircraft systems (UAS) sighting/2300m/salt lake city artcc advised, b737, phx-edmonton, canada (CYEG), reported multiple flashing lights from the 10 of the clock position while northwest (NW) bound at fl400.No evasive action taken.Law enforcement not notified.",2023-10-30T23:00:00Z,46.8721,-114.089,40000.0,medium
12243,2023-10-31,Columbus,Mississippi,"Prelim information (INFO) from federal aviation administration (FAA) operations (OPS): columbus, ms / unmanned aircraft systems (UAS) sighting/0846c/columbus airport traffic control tower (ATCT) advised, t38, reported unmanned aircraft systems (UAS) while E bound at 5,000 feet 1 E of columbus united states air force (USAF) base.Lowndes county sheriff notified.",2023-10-31T08:46:00Z,33.6465,-88.4436,5000.0,medium
12244,2023-10-31,Lawrenceville,Georgia,"Prelim information (INFO) from federal aviation administration (FAA) operations (OPS): lawrenceville, general aviation (GA) / unmanned aircraft systems (UAS) sighting/1122e/lawrenceville fct advised, piper p28a, reported a white unmanned aircraft systems (UAS) off right side while W bound at 2,100 feet 3 S lzu.No evasive action taken.Lilburn pd notified.",2023-10-31T11:22:00Z,33.9463,-83.9625,2100.0,medium
12245,2023-11-01,West palm beach,Florida,"Prelim information (INFO) from federal aviation administration (FAA) operations (OPS): west palm beach, flight level (FL) / unmanned aircraft systems (UAS) sighting/0801e/palm beach terminal radar approach control (TRACON) advised, cessna c68a, mco-fxe, reported a white unmanned aircraft systems (UAS) while S bound at 5,000 feet 2 S pbi.No evasive action taken.Pbi sheriff notified.",2023-11-01T08:01:00Z,26.6653,-80.0956,5000.0,medium
12246,2023-11-01,Nashville,Tennessee,"Prelim information (INFO) from federal aviation administration (FAA) operations (OPS): nashville, tn / unmanned aircraft systems (UAS) sighting/late report-0751c/nashville airport traffic control tower (ATCT) advised, crj9, rdu-bna, reported a unmanned aircraft systems (UAS) from the 9 of the clock position while N bound at 2,200 feet 4 S bna.No evasive action taken.Leo notification not reported.",2023-11-01T07:51:00Z,36.0839,-86.67,2200.0,medium
12247,2023-11-01,Boston,Massachusetts,"Prelim information (INFO) from federal aviation administration (FAA) operations (OPS): boston, ma / unmanned aircraft systems (UAS) sighting/0903e/boston terminal radar approach control (TRACON) advised, a321, mco-bos, reported black and white unmanned aircraft systems (UAS) at 300 feet while E bound on final runway 4.No evasive action taken.Massachuttes state pd notified.",2023-11-01T09:03:00Z,42.3656,-71.0096,300.0,medium
12248,2023-11-01,Orlando,Florida,"Prelim information (INFO) from federal aviation administration (FAA) operations (OPS): orlando, flight level (FL) / unmanned aircraft systems (UAS) sighting/1010e/orlando airport traffic control tower (ATCT) advised, a320, buf-mco, reported a unmanned aircraft systems (UAS) from the 12 of the clock position while N bound at 1,300 feet 3 S mco.No evasive action taken.Orange county sheriff notified.",2023-11-01T10:10:00Z,28.3897,-81.3414,1300.0,medium
12249,2023-11-01,Las vegas,Nevada,"Prelim information (INFO) from federal aviation administration (FAA) operations (OPS): las vegas, nv / unmanned aircraft systems (UAS) sighting/1005p/las vegas terminal radar approach control facility (TRACON) advised, a321, las-msp, reported a black unmanned aircraft systems (UAS) from the 11 of the clock position while E bound at 11,500 feet 7 N las.No injuries reported.Lvmpd notified.",2023-11-01T22:05:00Z,36.2566,-115.0233,11500.0,medium
12250,2023-11-01,Minneapolis,Minnesota,"Prelim information (INFO) from federal aviation administration (FAA) operations (OPS): minneapolis, mn / unmanned aircraft systems (UAS) sighting/1330c/minneapolis airport traffic control tower (ATCT) advised, boeing e4, adw-msp, reported a unmanned aircraft systems (UAS) while wnw bound at 1,400 feet 1 W msp.No evasive action taken.Usss notified.",2023-11-01T13:30:00Z,44.8848,-93.2223,1400.0,medium
12251,2023-11-02,Indianapolis,Indiana,"Prelim information (INFO) from federal aviation administration (FAA) operations (OPS): indianapolis, in / unmanned aircraft systems (UAS) sighting/1150e/indianapolis airport traffic control tower (ATCT) advised, diamond da40, reported a unmanned aircraft systems (UAS) from the 11 of the clock position while wsw bound at 1,900 feet 3 sw ind.No evasive action taken.Marion county sheriff notified.",2023-11-02T11:50:00Z,39.7017,-86.3186,1900.0,medium
12252,2023-11-02,New york,New york,"Prelim information (INFO) from federal aviation administration (FAA) operations (OPS): new york, ny / unmanned aircraft systems (UAS) sighting/1204e/new york terminal radar approach control (TRACON) advised, e75l, montreal, canada (CYUL)-lga, reported a black and pink unmanned aircraft systems (UAS) while W bound at 3,500 feet 4 ene lga.No injuries reported.Nypd aviation notified.",2023-11-02T12:04:00Z,40.79,-73.82,3500.0,medium
12253,2023-11-02,Reno,Nevada,"Prelim information (INFO) from federal aviation administration (FAA) operations (OPS): reno, nv / unmanned aircraft systems (UAS) sighting/0940p/reno airport traffic control tower (ATCT) advised, cessna c525, reported a unmanned aircraft systems (UAS) from 100 feet above while S bound at 5,600 feet 2 N rno.no evasive action reported.Leo notification not reported.",2023-11-02T21:40:00Z,39.5283,-119.8116,5600.0,medium
12254,2023-11-02,Prescott,Arizona,"Prelim information (INFO) from federal aviation administration (FAA) operations (OPS): prescott, az / unmanned aircraft systems (UAS) sighting/1211m/prescott airport traffic control tower (ATCT) advised, cessna c172, reported a black unmanned aircraft systems (UAS) while no earlier (NE) bound at 3,000 feet 1 W prc.No evasive action taken.Prescott pd notified.",2023-11-02T12:11:00Z,34.6598,-112.4351,3000.0,medium
12255,2023-11-02,Denver,Colorado,"Prelim information (INFO) from federal aviation administration (FAA) af operations (OPS): denver, co / unmanned aircraft systems (UAS) sighting/1516m/denver terminal radar approach control facility (TRACON) advised, a306, den-sjc, reported unmanned aircraft systems (UAS) from the 9 of the clock position while wsw bound at 7,000 feet 21 N den.No evasive action taken. Dia airport (ARPT) pd notified.",2023-11-02T15:16:00Z,40.0647,-105.0128,7000.0,medium
12256,2023-11-02,Houston,Texas,"Prelim information (INFO) from federal aviation administration (FAA) operations (OPS): houston, tx / unmanned aircraft systems (UAS) incident/2122c/hooks airport traffic control tower (ATCT) advised, cessna c172, efd-dwh, reported a unmanned aircraft systems (UAS) from the 12 of the clock position while N bound at 1,400 feet 4 S dwh. Acft turned to avoid unmanned aircraft systems (UAS). Atct changed runway operations and resequenced 3 additional aircraft (ACFT) to avoid unmanned aircraft systems (UAS).Houston pd notified.",2023-11-02T21:22:00Z,29.9333,-95.55,1400.0,medium
12257,2023-11-03,New york,New york,"Prelim information (INFO) from federal aviation administration (FAA) operations (OPS): new york, ny / unmanned aircraft systems (UAS) sighting/0855e/new york terminal radar approach control facility (TRACON) advised, bcs1, jax-jfk, reported a white unmanned aircraft systems (UAS) while S bound at 4,000 feet 17 se jfk.No evasive action taken.Nassau county pd aviation unit notified.",2023-11-03T08:55:00Z,40.5384,-73.5989,4000.0,medium
12258,2023-11-03,Bedford,Massachusetts,"Prelim information (INFO) from federal aviation administration (FAA) operations (OPS): bedford, ma / unmanned aircraft systems (UAS) sighting/1020e/boston air route traffic control center (ARTCC) advised, cessna c680, bed-santa domingo, dominican republic (MDJB), reported a stationary object while sw bound at 16,000 feet 40 sw bed.No evasive action taken.No leo notification due to credibility of report.",2023-11-03T10:20:00Z,42.2167,-71.5833,16000.0,medium
12259,2023-11-03,Los alamitos,California,"Prelim information (INFO) from federal aviation administration (FAA) operations (OPS): los alamitos, ca / unmanned aircraft systems (UAS) sighting/0726p/socal terminal radar approach control (TRACON) advised, b737, sna-ewr, reported a unmanned aircraft systems (UAS) from 1,000 feet above aircraft (ACFT) while S bound at 7,000 feet 18 sse seal beach very high frequency omnidirectional range (VOR).No evasive action taken. No leo notification due to air traffic control (ATC) workload.",2023-11-03T19:26:00Z,33.6089,-118.0033,8000.0,medium
12260,2023-11-03,Smyrna,Tennessee,"Prelim information (INFO) from federal aviation administration (FAA) operations (OPS): smyrna, tn / unmanned aircraft systems (UAS) sighting/1232c/smyrna fct advised, piper p28a, mqy-mqy, reported a black unmanned aircraft systems (UAS) from 500 feet above aircraft (ACFT) while N bound at 1,200 feet 1 sw mqy.No evasive action taken.No leo notification reported.",2023-11-03T12:32:00Z,35.9731,-86.532,1700.0,medium
12261,2023-11-03,Tallahassee,Florida,"Prelim information (INFO) from federal aviation administration (FAA) operations (OPS): tallahassee, flight level (FL) / unmanned aircraft systems (UAS) sighting/2213e/jacksonville artcc advised, b738, tpa-bna, reported a unmanned aircraft systems (UAS) from the 10 of the clock position while nnw bound at fl400 vcnty seminole vor collocated with tacan (VORTAC) (SZW).No evasive action was taken.No leo notification reported.",2023-11-03T22:13:00Z,30.7183,-84.9914,40000.0,medium
12262,2023-11-04,Baltimore,Maryland,"Prelim information (INFO) from federal aviation administration (FAA) operations (OPS): baltimore, md / unmanned aircraft systems (UAS) sighting/1320e/potomac terminal radar approach control (TRACON) advised, b38m, bwi-mia, reported a white unmanned aircraft systems (UAS) from the 12 of the clock position while wsw bound at 1,800 feet 2 W bwi.No evasive action taken.Maryland state pd notified.",2023-11-04T13:20:00Z,39.1657,-76.7068,1800.0,medium
12263,2023-11-04,Newport news,Virginia,"Prelim information (INFO) from federal aviation administration (FAA) operations (OPS): newport news, va / unmanned aircraft systems (UAS) sighting/1437e/newport news airport traffic control tower (ATCT) advised, e145, clt-phf, reported a black unmanned aircraft systems (UAS) while ene bound at 2,300 feet 5 wsw phf.No evasive action taken. Newport news airport (ARPT) pd notified.",2023-11-04T14:37:00Z,37.0819,-76.5602,2300.0,medium
12264,2023-11-04,Goodyear,Arizona,"Prelim information (INFO) from federal aviation administration (FAA) operations (OPS): goodyear, az / unmanned aircraft systems (UAS) sighting/1156m/goodyear fct advised, cirrus sr20, reported a unmanned aircraft systems (UAS) from the 4 of the clock position while E bound at 2,000 feet 6 W gyr.No evasive action taken.Maricopa county sheriff notified.",2023-11-04T11:56:00Z,33.4233,-112.4681,2000.0,medium
12265,2023-11-04,Dallas,Texas,"Prelim information (INFO) from federal aviation administration (FAA) operations (OPS): dallas, tx / unmanned aircraft systems (UAS) sighting/1445c/dallas love airport traffic control tower (ATCT) advised, b38m, hou-dal, reported a red unmanned aircraft systems (UAS) from the 3 of the clock position while se bound at 900 feet 1 northwest (NW) dal.No evasive action taken. Arpt dps notified.",2023-11-04T14:45:00Z,32.8573,-96.8617,900.0,medium
12266,2023-11-04,Tallahassee,Florida,"Prelim information (INFO) from federal aviation administration (FAA) af operations (OPS): tallahassee, flight level (FL) / unmanned aircraft systems (UAS) sighting/1825e/jacksonville air route traffic control center (ARTCC) advised, experimental van's rv6, lgc-fmy, reported a unmanned aircraft systems (UAS) 500 feet below the aircraft (ACFT) while S bound at 7,500 feet 28 ene seminole vor collocated with tacan (VORTAC) (SZW).No evasive action taken. Leon county sheriff's department (DEPT) notified.",2023-11-04T18:25:00Z,30.7167,-84.1833,7000.0,medium
12267,2023-11-05,Chicago,Illinois,"Prelim information (INFO) from federal aviation administration (FAA) operations (OPS): chicago, il / unmanned aircraft systems (UAS) sighting/1015c/chicago terminal radar approach control (TRACON) advised, b738, ord-sat, reported black unmanned aircraft systems (UAS) from the right side same altitude while W bound at 400 feet off departure end runway 28r. Arpt shifted aircraft (ACFT) departures in response to unmanned aircraft systems (UAS) activity to runway 22l.No injuries reported.Bensenville pd notified.",2023-11-05T10:15:00Z,41.9742,-87.9073,400.0,medium
12268,2023-11-05,Miami,Florida,"Prelim information (INFO) from federal aviation administration (FAA) af operations (OPS): miami, flight level (FL) / unmanned aircraft systems (UAS) sighting/1425e/miami airport traffic control tower (ATCT) advised, b77l, bogota, columbia (SKBO)-mia, reported a unmanned aircraft systems (UAS) at the 3 of the clock position while northwest (NW) bound at 3,000 feet 6 se mia.No evasive action taken.Dade county pd notified.",2023-11-05T14:25:00Z,25.7617,-80.1918,3000.0,medium
12269,2023-11-05,Kalamazoo,Michigan,"Prelim information (INFO) from federal aviation administration (FAA) operations (OPS): kalamazoo, mile (MI) / unmanned aircraft systems (UAS) sighting/late report-1507e/kalamazoo airport traffic control tower (ATCT) advised, piper p28a, yip-c20, reported an orange and black unmanned aircraft systems (UAS) at 300 feet while on final runway 23.No evasive action taken.Leo notification not reported.",2023-11-05T15:07:00Z,42.2347,-85.5521,300.0,medium
12270,2023-11-05,Smyrna,Tennessee,"Prelim information (INFO) from federal aviation administration (FAA) af operations (OPS): smyrna, tn / unmanned aircraft systems (UAS) sighting/1412c/smyrna airport traffic control tower (ATCT) advised, cessna c172, mqb-mqy, reported red and white unmanned aircraft systems (UAS) from the 9 of the clock position while northwest (NW) bound at 600 feet off departure end runway 32.No evasive action taken.Smyrna pd notified.",2023-11-05T14:12:00Z,36.0089,-86.5201,600.0,medium
12271,2023-11-05,Houston,Texas,"Prelim information (INFO) from federal aviation administration (FAA) operations (OPS): houston, tx / unmanned aircraft systems (UAS) sighting/1510c/houston terminal radar approach control (TRACON) advised, learjet lj45, uox-hou, reported a red unmanned aircraft systems (UAS) while wsw bound at 13,500 feet 23 E iah.No evasive action taken.Fbi notified.",2023-11-05T15:10:00Z,29.9844,-95.1022,13500.0,medium
12272,2023-11-05,New york,New york,"Prelim information (INFO) from federal aviation administration (FAA) operations (OPS): new york, ny / unmanned aircraft systems (UAS) sighting/1833e/new york terminal radar approach control (TRACON) advised, a321, atl-lga, reported a unmanned aircraft systems (UAS) while no earlier (NE) bound at 7,000 feet 20 sw lga.No evasive action taken.Nypd aviation notified.",2023-11-05T18:33:00Z,40.5789,-73.9789,7000.0,medium
12273,2023-11-06,Orlando,Florida,"Prelim information (INFO) from federal aviation administration (FAA) operations (OPS): orlando, flight level (FL) / unmanned aircraft systems (UAS) sighting/1003e/orlando airport traffic control tower (ATCT) advised, b738, mia-mco, reported a black quadcopter unmanned aircraft systems (UAS) at the 9 of the clock position while N bound at 1,000 feet 9 sse mco.No evasive actions taken.Orange county sheriff notified.",2023-11-06T10:03:00Z,28.3636,-81.2794,1000.0,medium
12274,2023-11-06,Miami,Florida,"Prelim information (INFO) from federal aviation administration (FAA) operations (OPS): miami, flight level (FL) / unmanned aircraft systems (UAS) sighting/1058e/miami airport traffic control tower (ATCT) advised, b738, mia-cartagena, colombia (SKCG), reported a red and black unmanned aircraft systems (UAS) at the 3 of the clock position while S bound at 6,500 feet 6 sw mia.No evasive action taken.Dade county pd notified.",2023-11-06T10:58:00Z,25.7617,-80.2684,6500.0,medium
12275,2023-11-06,Atlanta,Georgia,"Prelim information (INFO) from federal aviation administration (FAA) af operations (OPS): atlanta, general aviation (GA) / unmanned aircraft systems (UAS) sighting/1220e/atlanta terminal radar approach control (TRACON) advised, b752, fll-atl, reported 2 unmanned aircraft systems (UAS) from the 12 of the clock position while E bound at 2,800 feet 7 E atl.No evasive action taken.Clayton pd notified.",2023-11-06T12:20:00Z,33.6964,-84.1908,2800.0,medium
12276,2023-11-06,Hayward,California,"Prelim information (INFO) from federal aviation administration (FAA) operations (OPS): hayward, ca / unmanned aircraft systems (UAS) sighting/0938p/hayward airport traffic control tower (ATCT) advised, cessna c172, apc-hwd, reported a unmanned aircraft systems (UAS) at the 9 of the clock position while W bound at 300 feet 1 E hwd.No evasive action taken.Hayward pd notified.",2023-11-06T21:38:00Z,37.6594,-122.1036,300.0,medium
12277,2023-11-07,Denver,Colorado,"Prelim information (INFO) from federal aviation administration (FAA) af operations (OPS): denver, central office (CO) / unmanned aircraft systems (UAS) sighting/1222m/denver airport traffic control tower (ATCT) advised, e145, dro-den, reported a black unmanned aircraft systems (UAS) 50 feet below aircraft (ACFT) from the 12 of the clock position while S bound at 6,000 feet 3 N den.No evasive action taken. Den airport (ARPT) pd notified.",2023-11-07T12:22:00Z,39.8852,-104.6736,6000.0,medium
12278,2023-11-07,Oklahoma city,Oklahoma,"Prelim information (INFO) from federal aviation administration (FAA) operations (OPS): oklahoma city, ok / unmanned aircraft systems (UAS) sighting/1545c/oklahoma city airport traffic control tower (ATCT) advised, e170, dfw-okc, reported a unmanned aircraft systems (UAS) from the 6 of the clock position while S bound at 2,000 feet 2 N okc.No evasive action taken.Okc pd notified.",2023-11-07T15:45:00Z,35.4089,-97.6007,2000.0,medium
12279,2023-11-07,Arlington,Texas,"Prelim information (INFO) from federal aviation administration (FAA) af operations (OPS): arlington, tx / unmanned aircraft systems (UAS) sighting/1740c/arlington airport traffic control tower (ATCT) advised, piper p28a, reported white unmanned aircraft systems (UAS) 1,300 feet below aircraft (ACFT) from the 9 of the clock position while N bound at 1,800 feet.75 sw gky.No evasive action reported.Arlington pd notified.",2023-11-07T17:40:00Z,32.6639,-97.0938,500.0,medium
12280,2023-11-08,San jose,California,"Prelim information (INFO) from federal aviation administration (FAA) af operations (OPS): san jose, ca / unmanned aircraft systems (UAS) sighting/0808p/san jose airport traffic control tower (ATCT) advised, cessna c680, sna-sjc, reported a white and silver unmanned aircraft systems (UAS) from the 3 of the clock position while wnw bound at 3,200 feet 13 E sjc.No evasive action taken. San jose pd notified.",2023-11-08T20:08:00Z,37.3639,-121.7289,3200.0,medium
12281,2023-11-08,Portland,Maine,"Prelim information (INFO) from federal aviation administration (FAA) operations (OPS): portland, me / unmanned aircraft systems (UAS) sighting/2236e/portland airport traffic control tower (ATCT) advised, e75l, phl-pwm, reported a unmanned aircraft systems (UAS) at the 9 of the clock position while N bound at 2,000 feet 5 ese pwm.No evasive action taken.South portland pd notified.",2023-11-08T22:36:00Z,43.6295,-70.2589,2000.0,medium
12282,2023-11-10,West palm beach,Florida,"Prelim information (INFO) from federal aviation administration (FAA) operations (OPS): west palm beach, flight level (FL) / unmanned aircraft systems (UAS) sighting/1540e/palm beach terminal radar approach control (TRACON) advised, a321, clt-pbi, reported a white unmanned aircraft systems (UAS) at the 9 of the clock position and 500 feet below aircraft (ACFT) while W bound at 3,000 feet 15 northwest (NW) pbi.No evasive action taken.Palm beach county sheriff notified.",2023-11-10T15:40:00Z,26.8075,-80.3983,3000.0,medium
12283,2023-11-10,West palm beach,Florida,"Prelim information (INFO) from federal aviation administration (FAA) af operations (OPS): west palm beach, flight level (FL) / unmanned aircraft systems (UAS) sighting/1545e/palm beach terminal radar approach control (TRACON) advised, b738, ord-pbi, reported a white unmanned aircraft systems (UAS) at the 9 of the clock position and 500 feet below aircraft (ACFT) while W bound at 3,000 feet 15 northwest (NW) pbi.No evasive action taken.Palm beach county sheriff notified.",2023-11-10T15:45:00Z,26.8181,-80.3636,3000.0,medium
12284,2023-11-10,Indianapolis,Indiana,"Prelim information (INFO) from federal aviation administration (FAA) operations (OPS): indianapolis, in / unmanned aircraft systems (UAS) sighting/1725e/indianapolis terminal radar approach control facility (TRACON) advised, saab sf34, cak-ind, reported a unmanned aircraft systems (UAS) at same altitude while on 10 mile final for runway 23r at 3,200 feet 8 E indianapolis.No evasive action taken.Marion county sheriff notified.",2023-11-10T17:25:00Z,39.7589,-85.9636,3200.0,medium
12285,2023-11-10,San francisco,California,"Prelim information (INFO) from federal aviation administration (FAA) operations (OPS): san francisco, ca / unmanned aircraft systems (UAS) sighting/2305p/san francisco airport traffic control tower (ATCT) advised, airbus ec35, reported a unmanned aircraft systems (UAS) from the 9 of the clock position at 1,200 feet while S bound at 700 feet 3 nnw sfo.No evasive action taken. San francisco airport (ARPT) communications center notified.",2023-11-10T23:05:00Z,37.6506,-122.4194,700.0,medium
12286,2023-11-11,Tampa,Florida,"Prelim information (INFO) from federal aviation administration (FAA) operations (OPS): tampa, flight level (FL) / unmanned aircraft systems (UAS) sighting/0925e/tampa airport traffic control tower (ATCT) advised, b737, dca-tpa, reported 2 black unmanned aircraft systems (UAS) while on final to runway 19l at 4,000 feet 1 E tampa.No evasive action reported.Tampa fbi notified.",2023-11-11T09:25:00Z,27.9833,-82.5167,4000.0,medium
12287,2023-11-11,Philadelphia,Pennsylvania,"Prelim information (INFO) from federal aviation administration (FAA) af operations (OPS): philadelphia, public address (PA) / unmanned aircraft systems (UAS) sighting/late report-0520e/phl airport traffic control tower (ATCT) advised, b712, msp-phl, reported white unmanned aircraft systems (UAS) at same altitutde while W bound at 1,500 feet 3 E phl.No evasive action reported. Phl airport (ARPT) notified.",2023-11-11T05:20:00Z,39.8833,-75.1667,1500.0,medium
12288,2023-11-11,Denver,Colorado,"Prelim information (INFO) from federal aviation administration (FAA) operations (OPS): denver, central office (CO) / unmanned aircraft systems (UAS) sighting/1053m/broomfield airport traffic control tower (ATCT) advised, grumman american aa5, reported a brown quadcopter unmanned aircraft systems (UAS) 1,000 feet above the 9 of the clock position while sw bound at 7,000 feet 4 nne bjc.No evasive action taken.Broomfield pd notified.",2023-11-11T10:53:00Z,39.9442,-105.0844,7000.0,medium
12289,2023-11-11,Indianapolis,Indiana,"Prelim information (INFO) from federal aviation administration (FAA) operations (OPS): indianapolis, in / unmanned aircraft systems (UAS) sighting/1400e/ind airport traffic control tower (ATCT) advised, e75l, dca-ind, reported unmanned aircraft systems (UAS) at the 9 of the clock position while on 4 mile final runway 5l at 2,500 feet.No evasive action reported.Indiana state pd notified.",2023-11-11T14:00:00Z,39.7169,-86.2967,2500.0,medium
12290,2023-11-11,Muskegon,Michigan,"Prelim information (INFO) from federal aviation administration (FAA) operations (OPS): muskegon, mile (MI) / unmanned aircraft systems (UAS) sighting/1545e/muskegon airport traffic control tower (ATCT) advised, piper p28a, reported a square unmanned aircraft systems (UAS) orbiting area in box pattern while no earlier (NE) bound at 1,600 feet 2 west muskegon.No evasive action reproted.911 notified.",2023-11-11T15:45:00Z,43.1695,-86.2739,1600.0,medium
12291,2023-11-12,Providence,Rhode island,"Prelim information (INFO) from federal aviation administration (FAA) af operations (OPS): providence, ri / unmanned aircraft systems (UAS) sighting/0935e/providence airport traffic control tower (ATCT) advised, e195, chs-plan view display (PVD), reported a unmanned aircraft systems (UAS) at the 9 of the clock position while northwest (NW) bound at 2,000 feet 11 ssw plan view display (PVD).No evasive action taken.No leo notification reported.",2023-11-12T09:35:00Z,41.6667,-71.5,2000.0,medium
12292,2023-11-12,New york,New york,"Prelim information (INFO) from federal aviation administration (FAA) operations (OPS): new york, ny / unmanned aircraft systems (UAS) sighting/1112e/jf kennedy airport traffic control tower (ATCT) advised, a220, msp-jfk, reported white unmanned aircraft systems (UAS) from the 9 of the clock position while no earlier (NE) bound at 1,300 feet 4 sw jfk.No evasive actions taken.New york pd notified.",2023-11-12T00:00:00Z,40.6213,-73.8067,1300.0,medium
12293,2023-11-12,Danbury,Connecticut,"Prelim information (INFO) from federal aviation administration (FAA) af operations (OPS): danbury, ct / unmanned aircraft systems (UAS) sighting/1330e/danbury airport traffic control tower (ATCT) advised, icon a5, dxr-dxr, reported a small, silver unmanned aircraft systems (UAS) from the 6 of the clock position while S bound at 2,000 feet 1 E dxr.No evasive action taken.No leo notification provided.",2023-11-12T13:30:00Z,41.3712,-73.4695,2000.0,medium
12294,2023-11-12,Miami,Florida,"Prelim information (INFO) from federal aviation administration (FAA) operations (OPS): miami, flight level (FL) / unmanned aircraft systems (UAS) sighting/1329e/miami airport traffic control tower (ATCT) advised, phenom e55p, unv-mia, reported a black and white unmanned aircraft systems (UAS) 100 feet below aircraft (ACFT) from the 12 of the clock position while sw bound at 3,000 feet 5 northwest (NW) mia.No evasive action taken.Miami pd notified.",2023-11-12T13:29:00Z,25.8522,-80.3409,3000.0,medium
12295,2023-11-12,New york,New york,"Prelim information (INFO) from federal aviation administration (FAA) operations (OPS): new york, ny / unmanned aircraft systems (UAS) sighting/1521e/laguardia airport traffic control tower (ATCT) advised, cirrus sr22, hpn-hpn, reported a black unmanned aircraft systems (UAS) from the 9 of the clock position while no earlier (NE) bound at 1,200 feet 6 sw lga.No evasive action taken.New york pd notified.",2023-11-12T15:21:00Z,40.7128,-73.8265,1200.0,medium
12296,2023-11-12,Miami,Florida,"Prelim information (INFO) from federal aviation administration (FAA) operations (OPS): miami, flight level (FL) / unmanned aircraft systems (UAS) sighting/1625e/miami airport traffic control tower (ATCT) advised, b738, george town, grand cayman island (KGCM)-mia, reported a white unmanned aircraft systems (UAS) while E bound at 1,000 feet 7 W mia.No evasive action taken.Miami-dade pd notified.",2023-11-12T16:25:00Z,25.7932,-80.3906,1000.0,medium
12297,2023-11-13,New york,New york,"Prelim information (INFO) from federal aviation administration (FAA) af operations (OPS): new york, ny / unmanned aircraft systems (UAS) sighting/1212e/new york terminal radar approach control (TRACON) advised, b77w, jfk-cairo, egypt (HECA), reported a green unmanned aircraft systems (UAS) from the 12 of the clock position while se bound at 3,800 feet 8 se jfk.No evasive action taken.Leos not notified.",2023-11-13T12:12:00Z,40.5789,-73.7178,3800.0,medium
12298,2023-11-13,New york,New york,"Prelim information (INFO) from federal aviation administration (FAA) operations (OPS): new york, ny / unmanned aircraft systems (UAS) sighting/1239e/jfk airport traffic control tower (ATCT) advised, b764, madrid, spain (LEMD)-jfk, reported a black unmanned aircraft systems (UAS) 200 feet below aircraft (ACFT) from the 2 of the clock position while sw bound at 2,900 12 no earlier (NE) jfk.No evasive action reported. Arpt operations (OPS) notified.",2023-11-13T12:39:00Z,40.6413,-73.7781,2700.0,medium
12299,2023-11-13,West palm beach,Florida,"Prelim information (INFO) from federal aviation administration (FAA) af operations (OPS): west palm beach, flight level (FL) / unmanned aircraft systems (UAS) sighting/1248e/palm beach airport traffic control tower (ATCT) advised, a320, dtw-pbi, reported unmanned aircraft systems (UAS) 400 feet below aircraft (ACFT) at the 1 of the clock position while E bound at 2,000 feet 6 W pbi.No evasive action reported. Pilot stated unmanned aircraft systems (UAS) was near royal palm high school.Palm beach county sheriff notified.",2023-11-13T12:48:00Z,26.6832,-80.2453,1600.0,medium
12300,2023-11-13,Woodstown,New jersey,"Prelim information (INFO) from federal aviation administration (FAA) operations (OPS): woodstown, nj / unmanned aircraft systems (UAS) sighting/1310e/washington artcc advised, e75s, gso-lga, reported an orange and white unmanned aircraft systems (UAS) while no earlier (NE) bound at 14,000 feet 25 ene woodstown very high frequency omnidirectional range (VOR).No evasive action taken.No leo notification reported.",2023-11-13T13:10:00Z,39.7833,-75.0833,14000.0,medium
12301,2023-11-13,Atlanta,Georgia,"Prelim information (INFO) from federal aviation administration (FAA) af operations (OPS): atlanta, general aviation (GA) / unmanned aircraft systems (UAS) sighting/1403e/atlanta terminal radar approach control (TRACON) advised, b738, mco-atl, reported a unmanned aircraft systems (UAS) from the 12 of the clock position while E bound at 9,000 feet 8 S atl.No evasive action taken.Clayton county sheriff notified.",2023-11-13T14:03:00Z,33.5795,-84.3494,9000.0,medium
12302,2023-11-13,Sioux falls,South dakota,"Prelim information (INFO) from federal aviation administration (FAA) operations (OPS): sioux falls, sd / unmanned aircraft systems (UAS) sighting/1400c/minneapolis air route traffic control center (ARTCC) advised, a319, fsd-dfw, reported a unmanned aircraft systems (UAS) from the 11 of the clock position while S bound at 15,500 feet 32 S fsd.No evasive action taken.Minnehaha county sheriff notified.",2023-11-13T14:00:00Z,43.3095,-96.7664,15500.0,medium
12303,2023-11-13,Torrance,California,"Prelim information (INFO) from federal aviation administration (FAA) operations (OPS): torrance, conflict alert (CA) / unmanned aircraft systems (UAS) sighting/1237p/torrance airport traffic control tower (ATCT) advised, robinson r44, reported a unmanned aircraft systems (UAS) at the 1 of the clock position while N bound at 1,100 feet 3 sw toa.No evasive action taken.Torrance pd notified.",2023-11-13T12:37:00Z,33.7866,-118.3687,1100.0,medium
12304,2023-11-13,Denver,Colorado,"Prelim information (INFO) from federal aviation administration (FAA) operations (OPS): denver, central office (CO) / unmanned aircraft systems (UAS) sighting/1354m/rocky mountain metropolitan (METRO) airport traffic control tower (ATCT) advised, piper p28a, reported a unmanned aircraft systems (UAS) while N bound at 8,600 feet 6 wsw bjc.No evasive action taken.Jefferson county sheriff notified.",2023-11-13T13:54:00Z,39.8683,-105.2183,8600.0,medium
12305,2023-11-13,Atlanta,Georgia,"Prelim information (INFO) from federal aviation administration (FAA) operations (OPS): atlanta, general aviation (GA) / unmanned aircraft systems (UAS) sighting/1600e/atlanta terminal radar approach control (TRACON) advised, b752, jax-atl, reported a unmanned aircraft systems (UAS) from the 12 of the clock position while W bound at 6,000 feet 5 ssw atl.No evasive action taken.Fulton county emergency communications notified.",2023-11-13T16:00:00Z,33.6164,-84.4281,6000.0,medium
12306,2023-11-13,El paso,Texas,"Prelim information (INFO) from federal aviation administration (FAA) af operations (OPS): el paso, transmitter (TX) / unmanned aircraft systems (UAS) incident/1640m/el paso airport traffic control tower (ATCT) advised, cessna c172, reported a unmanned aircraft systems (UAS) from the 12 of the clock position while E bound at 5,000 feet 1 E elp.No evasive action taken. Pilot reported unmanned aircraft systems (UAS) was no earlier (NE) bound, 2 feet in size, and came within 20 feet of aircraft (ACFT).El paso airport authority notified.",2023-11-13T16:40:00Z,31.7872,-106.3756,5000.0,medium
12307,2023-11-13,Minneapolis,Minnesota,"Prelim information (INFO) from federal aviation administration (FAA) af operations (OPS): minneapolis, mn / unmanned aircraft systems (UAS) sighting/2015c/crystal airport traffic control tower (ATCT) advised, piper p28a, reported a unmanned aircraft systems (UAS) at the approach (APCH) end runway 14 microphone (MIC).No evasive action taken. Leo removed the unmanned aircraft systems (UAS) and determined it was a balloon with red and green blinking lights.Leo notified.",2023-11-13T00:00:00Z,45.0622,-93.3511,1000.0,medium
12308,2023-11-14,Detroit,Michigan,"Prelim information (INFO) from federal aviation administration (FAA) operations (OPS): detroit, mile (MI) / unmanned aircraft systems (UAS) sighting/1431e/detroit terminal radar approach control (TRACON) advised, cirrus s22t, gary, in (GYY)-burlington, vt (BTV), reported a white and black unmanned aircraft systems (UAS) 500 feet below aircraft (ACFT) while E bound at 13,000 feet 19 E dtw.No evasive action taken.Leo notification not reported.",2023-11-14T14:31:00Z,42.2333,-82.9167,13000.0,medium
12309,2023-11-14,Newark,New jersey,"Prelim information (INFO) from federal aviation administration (FAA) operations (OPS): newark, nj / unmanned aircraft systems (UAS) sighting/1640e/new york air route traffic control center (ARTCC) advised, a320, ewr-dfw, reported a unmanned aircraft systems (UAS) from the 10 of the clock position while nnw bound at 500 feet 5 N ewr.No evasive action taken.Regional operations intelligence center notified.",2023-11-14T16:40:00Z,40.7395,-74.1745,500.0,medium
12310,2023-11-14,Phoenix,Arizona,"Prelim information (INFO) from federal aviation administration (FAA) operations (OPS): phoenix, az / unmanned aircraft systems (UAS) sighting/1905m/phoenix airport traffic control tower (ATCT) advised, bell b412, reported a unmanned aircraft systems (UAS) while northwest (NW) bound at 1,600 feet 7 E phx.No evasive action taken.Police helo notified.",2023-11-14T19:05:00Z,33.4484,-111.9089,1600.0,medium
12311,2023-11-15,San juan,Puerto rico,"Prelim information (INFO) from federal aviation administration (FAA) af operations (OPS): san juan, puerto rico / unmanned aircraft systems (UAS) sighting/0936l/san juan center radar approach control (CERAP) advised, b744, simplified direction finding (SDF)-tjsj, reported a black unmanned aircraft systems (UAS) from the 9 of the clock position while E bound at 2,200 feet 7 wsw sju.No evasive action taken.Puerto rico pd notified.",2023-11-15T09:36:00Z,18.4039,-66.1294,2200.0,medium
12312,2023-11-15,Orlando,Florida,"Prelim information (INFO) from federal aviation administration (FAA) operations (OPS): orlando, flight level (FL) / unmanned aircraft systems (UAS) sighting/1234e/orlando airport traffic control tower (ATCT) advised, diamond da40, orl-orl, reported a white and gray unmanned aircraft systems (UAS) while E bound at 1,200 feet 4.5 W orl.No evasive action taken.Leo notification not reported.",2023-11-15T00:00:00Z,28.4311,-81.3792,1200.0,medium
12313,2023-11-15,Chicago-west chicago,Illinois,"Prelim information (INFO) from federal aviation administration (FAA) operations (OPS): chicago-west chicago, il / unmanned aircraft systems (UAS) sighting/1904c/chicago terminal radar approach control (TRACON) advised, piper p32r, reported unmanned aircraft systems (UAS) at the 12 of the clock position 100 feet below while ene bound at 3,500 feet 14 nnw dpa.No evasive action taken.Kane county sheriff notified.",2023-11-15T19:04:00Z,41.9833,-88.3833,3500.0,medium
12314,2023-11-16,New haven,Connecticut,"Prelim information (INFO) from federal aviation administration (FAA) operations (OPS): new haven, ct / unmanned aircraft systems (UAS) sighting/1509e/tweed-new haven airport traffic control tower (ATCT) advised, bombardier glex, shannon, ireland (EINN)-hvn, reported a unmanned aircraft systems (UAS) while S bound at 1,400 feet 43 wnw hvn.No evasive action taken.North haven pd notified.",2023-11-16T15:09:00Z,41.3959,-73.0751,1400.0,medium
12315,2023-11-16,Denver,Colorado,"Prelim information (INFO) from federal aviation administration (FAA) operations (OPS): denver, central office (CO) / unmanned aircraft systems (UAS) sighting/1700m/centennial airport traffic control tower (ATCT) advised, cessna c172, reported a unmanned aircraft systems (UAS) while N bound at 7,500 feet 7 se apa.No evasive action taken.Parker sheriff county notified.",2023-11-16T00:00:00Z,39.5701,-104.8487,7500.0,medium
12316,2023-11-17,Bedford,Massachusetts,"Prelim information (INFO) from federal aviation administration (FAA) operations (OPS): bedford, ma / unmanned aircraft systems (UAS) sighting/1213e/bedford airport traffic control tower (ATCT) advised, piper p28r, bed-fit, observed a unmanned aircraft systems (UAS) 500 feet below the aircraft (ACFT) while E bound at 3,000 feet 4 W bed.No evasive action taken.Massachusetts state pd notified.",2023-11-17T12:13:00Z,42.4717,-71.3506,3000.0,medium
12317,2023-11-17,Las vegas,Nevada,"Prelim information (INFO) from federal aviation administration (FAA) operations (OPS): las vegas, nv / unmanned aircraft systems (UAS) sighting/1420p/north las vegas airport traffic control tower (ATCT) advised, extra e300, reported a black unmanned aircraft systems (UAS) while N bound at 3,400 feet 11 northwest (NW) las.No evasive action taken. Las vegas metropolitan (METRO) pd was notified.",2023-11-17T14:20:00Z,36.2975,-115.3172,3400.0,medium
12318,2023-11-18,Miami,Florida,"Prelim information (INFO) from federal aviation administration (FAA) operations (OPS): miami, flight level (FL) / unmanned aircraft systems (UAS) sighting/1115e/miami terminal radar approach control (TRACON) advised, b38m, guayaquil, ecuador (SEGU)-mia, reported an orange unmanned aircraft systems (UAS) at same altitude from the 2 of the clock position while northwest (NW) bound at 1,600 feet 5 se mia.No evasive action taken.Miami pd notified.",2023-11-18T11:15:00Z,25.7617,-80.1918,1600.0,medium
12319,2023-11-18,Atlanta,Georgia,"Prelim information (INFO) from federal aviation administration (FAA) af operations (OPS): atlanta, general aviation (GA) / unmanned aircraft systems (UAS) sighting/late report-1301e/atlanta terminal radar approach control (TRACON) advised, b738, las-atl, reported a unmanned aircraft systems (UAS) from the 12 of the clock position while S bound at 6,000 feet 6 nne atl.No evasive action taken.No leo notification reported.",2023-11-18T13:01:00Z,33.7951,-84.3494,6000.0,medium
12320,2023-11-18,Houston,Texas,"Prelim information (INFO) from federal aviation administration (FAA) operations (OPS): houston, tx / unmanned aircraft systems (UAS) sighting/1259c/houston terminal radar approach control (TRACON) advised, e75l, mfe-iah, reported a black unmanned aircraft systems (UAS) from the 12 of the clock position while E bound at 5,000 feet 15 W iah.No evasive action taken.Harris county sheriff notified.",2023-11-18T12:59:00Z,29.9902,-95.5369,5000.0,medium
12321,2023-11-18,La porte,Indiana,"Prelim information (INFO) from federal aviation administration (FAA) operations (OPS): la porte, in / unmanned aircraft systems (UAS) incident/1328c/south bend airport traffic control tower (ATCT) advised, b737, phl-mdw, reported a black unmanned aircraft systems (UAS) while W bound at 10,000 feet 4 E ppo.No evasive action taken. Pic reported possibly striking the unmanned aircraft systems (UAS).No injuries or damages reported.La porte county pd notified.",2023-11-18T13:28:00Z,41.5722,-86.7278,10000.0,medium
12322,2023-11-18,Asheville,North carolina,"Prelim information (INFO) from federal aviation administration (FAA) operations (OPS): asheville, nc / unmanned aircraft systems (UAS) sighting/1435e/asheville airport traffic control tower (ATCT) advised, b712, atl-avl, reported a unmanned aircraft systems (UAS) from the 9 of the clock position while nnw bound at 4,200 feet 7 S avl.No evasive action taken. Dept of public safety notified.",2023-11-18T14:35:00Z,35.3961,-82.5619,4200.0,medium
12323,2023-11-18,Chicago,Illinois,"Prelim information (INFO) from federal aviation administration (FAA) operations (OPS): chicago, il / unmanned aircraft systems (UAS) sighting/1352c/chicago terminal radar approach control (TRACON) advised, e170, bwi-ord, reported a black quad-copter unmanned aircraft systems (UAS) from the 12 of the clock position while W bound at 5,000 feet 11 E ord.No evasive action taken.Fbi notified.",2023-11-18T13:52:00Z,41.9796,-87.7044,5000.0,medium
12324,2023-11-18,Dallas,Texas,"Prelim information (INFO) from federal aviation administration (FAA) operations (OPS): dallas, tx / unmanned aircraft systems (UAS) sighting/1417c/dallas love airport traffic control tower (ATCT) advised, b38m, mco-dal, reported a black unmanned aircraft systems (UAS) while northwest (NW) bound at 1,500 feet 4 se dal.No evasive action taken.Dfw dps notified.",2023-11-18T14:17:00Z,32.8047,-96.797,1500.0,medium
12325,2023-11-18,Orlando,Florida,"Prelim information (INFO) from federal aviation administration (FAA) operations (OPS): orlando, flight level (FL) / unmanned aircraft systems (UAS) sighting/1927e/orlando executive airport traffic control tower (ATCT) advised, helo, reported multiple unmanned aircraft systems (UAS) while W bound at 800 feet 5 W orl.No evasive action taken. Acft was airborne leo.Ground units were notified.",2023-11-18T19:27:00Z,28.5453,-81.4172,800.0,medium
12326,2023-11-19,Sarasota/bradenton,Florida,"Prelim information (INFO) from federal aviation administration (FAA) af operations (OPS): sarasota-bradenton, flight level (FL) / unmanned aircraft systems (UAS) sighting/1205e/sarasota airport traffic control tower (ATCT) advised, bcs3, bos-srq, reported a white unmanned aircraft systems (UAS) from the 9 of the clock position while northwest (NW) bound at 2,300 feet 8 se srq.No evasive action taken.Sarasota county sheriff notified.",2023-11-19T12:05:00Z,27.3391,-82.5447,2300.0,medium
12327,2023-11-20,New york,New york,"Prelim information (INFO) from federal aviation administration (FAA) operations (OPS): new york, ny / unmanned aircraft systems (UAS) sighting/1107e/kennedy airport traffic control tower (ATCT) advised, e75s, pit-jfk, reported a unmanned aircraft systems (UAS) from the 12 of the clock position while no earlier (NE) bound at 700 feet 2 sw jfk.No evasive action taken.Jfk port authority notified.",2023-11-20T11:07:00Z,40.6295,-73.8089,700.0,medium
12328,2023-11-21,Fort lauderdale,Florida,"Prelim information (INFO) from federal aviation administration (FAA) af operations (OPS): fort lauderdale, flight level (FL) / unmanned aircraft systems (UAS) sighting/1139e/miami approach (APCH) advised, e145, nassau, bahamas (MYNN)-fll, reported a black and white unmanned aircraft systems (UAS) from the 11 of the clock position while northwest (NW) bound at 6,000 feet 6 E fll.No evasive action taken.Dcad notified.",2023-11-21T11:39:00Z,26.1275,-80.0489,6000.0,medium
12329,2023-11-21,Dallas,Texas,"Prelim information (INFO) from federal aviation administration (FAA) operations (OPS): dallas, tx / unmanned aircraft systems (UAS) sighting/1315c/love airport traffic control tower (ATCT) advised, b737, maf-dal, reported a unmanned aircraft systems (UAS) from the right side while northwest (NW) bound at 800 feet 1 northwest (NW) dal.No evasive action taken. Arpt pd notified.",2023-11-21T13:15:00Z,32.8604,-96.8725,800.0,medium
12330,2023-11-21,Las vegas,Nevada,"Prelim information (INFO) from federal aviation administration (FAA) operations (OPS): las vegas, nv / unmanned aircraft systems (UAS) sighting/1157p/north las vegas airport traffic control tower (ATCT) advised, pilatus pc12, 67l-vgt, reported a silver unmanned aircraft systems (UAS) from the 9 of the clock position while se bound at 3,000 feet 10 northwest (NW) las.No evasive action taken.Lvmpd notified.",2023-11-21T23:57:00Z,36.2815,-115.3108,3000.0,medium
12331,2023-11-22,Fort lauderdale,Florida,"Prelim information (INFO) from federal aviation administration (FAA) operations (OPS): fort lauderdale, flight level (FL) / unmanned aircraft systems (UAS) sighting/1055e/fort lauderdale airport traffic control tower (ATCT) advised, b738, bos-fll, reported white quad-copter unmanned aircraft systems (UAS) 300 feet below aircraft (ACFT) from the 12 of the clock position while E bound at 800 feet 3.8 W fll.No evasive action taken.Broward county sheriff notified.",2023-11-22T10:55:00Z,26.0725,-80.2089,800.0,medium
12332,2023-11-22,Charlotte,North carolina,"Prelim information (INFO) from federal aviation administration (FAA) operations (OPS): charlotte, nc / unmanned aircraft systems (UAS) sighting/1155e/charlotte airport traffic control tower (ATCT) advised, a319, myr-clt, reported a red unmanned aircraft systems (UAS) 500 above aircraft (ACFT) from the 11 of the clock position while N bound at 1,000 feet 3 S clt.No evasive action taken. Charlotte metropolitan (METRO) pd notified.",2023-11-22T11:55:00Z,35.1833,-80.9333,1500.0,medium
12333,2023-11-22,Atlanta,Georgia,"Prelim information (INFO) from federal aviation administration (FAA) operations (OPS): atlanta, general aviation (GA) / unmanned aircraft systems (UAS) sighting/1235e/atlanta air route traffic control center (ARTCC) advised, b739, chs-atl, reported unmanned aircraft systems (UAS) at the 12 of the clock position while W bound at 17,000 feet 53 se atl.No evasive action taken.Leo notification not reported.",2023-11-22T12:35:00Z,33.2833,-83.8167,17000.0,medium
12334,2023-11-22,Daytona beach,Florida,"Prelim information (INFO) from federal aviation administration (FAA) operations (OPS): daytona beach, flight level (FL) / unmanned aircraft systems (UAS) sighting/1355e/daytona airport traffic control tower (ATCT) advised, cessna c172, dab-dab, reported a white unmanned aircraft systems (UAS) 100 feet below while nnw bound at 300 feet 1 ese dab.No evasive action taken.Volusia county sheriff notified.",2023-11-22T13:55:00Z,29.1872,-81.0516,300.0,medium
12335,2023-11-22,New york,New york,"Prelim information (INFO) from federal aviation administration (FAA) operations (OPS): new york, ny / unmanned aircraft systems (UAS) sighting/1549e/new york terminal radar approach control (TRACON) advised, piper p28a, mqs-isp, reported a unmanned aircraft systems (UAS) while E bound at 800 feet 8 sw isp.No evasive action taken.Suffolk pd notified.",2023-11-22T15:49:00Z,40.7095,-73.1795,800.0,medium
12336,2023-11-22,Lake city,Florida,"Prelim information (INFO) from federal aviation administration (FAA) operations (OPS): lake city, flight level (FL) / unmanned aircraft systems (UAS) sighting/1752e/jacksonville air route traffic control center (ARTCC) advised, cessna c414, csg-lcq, reported unmanned aircraft systems (UAS) within 100 feet of aircraft (ACFT) from the 1 of the clock position while se bound at 4,500 feet 22 northwest (NW) lcq.No evasive action taken.Columbia county pd notified.",2023-11-22T17:52:00Z,30.4167,-82.9167,4500.0,medium
12337,2023-11-22,Oklahoma city,Oklahoma,"Prelim information (INFO) from federal aviation administration (FAA) af operations (OPS): oklahoma city, ok / unmanned aircraft systems (UAS) sighting/1815c/oklahoma city airport traffic control tower (ATCT) advised, cessna c206, ppa-hsd, reported a unmanned aircraft systems (UAS) from the 9 of the clock position while se bound at 2,500 feet 10 wnw of hsd airport (ARPT).No evasive action taken. Okcpd air support unit notified.",2023-11-22T18:15:00Z,35.4361,-97.6847,2500.0,medium
12338,2023-11-22,New york,New york,"Prelim information (INFO) from federal aviation administration (FAA) af operations (OPS): new york, ny / unmanned aircraft systems (UAS) sighting/2045e/laguardia airport traffic control tower (ATCT) advised, cessna c172, reported a unmanned aircraft systems (UAS) while S bound at 2,000 feet 5 W lga.No evasive action taken.Nypd aviation unit notified.",2023-11-22T20:45:00Z,40.7769,-73.9534,2000.0,medium
12339,2023-11-23,Orlando,Florida,"Prelim information (INFO) from federal aviation administration (FAA) operations (OPS): orlando, flight level (FL) / unmanned aircraft systems (UAS) sighting/1050e/orlando airport traffic control tower (ATCT) advised, a320, santo domingo, dominican republic (MDSD)-mco, reported a white unmanned aircraft systems (UAS) 200 feet below aircraft (ACFT) at the 9 of the clock position while N bound at 2,000 feet 5 S mco.No evasive action taken.Osceola county sheriff aviation unit notified.",2023-11-23T10:50:00Z,28.3636,-81.3083,2000.0,medium
12340,2023-11-23,Manchester,New hampshire,"Prelim information (INFO) from federal aviation administration (FAA) operations (OPS): manchester, nh / unmanned aircraft systems (UAS) sighting/1346e/boston air route traffic control center (ARTCC) advised, tecnam p212, hpn-leb, reported a white and black unmanned aircraft systems (UAS) at the 3 of the clock position 500 feet below while northwest (NW) bound at 5,000 feet 30 nnw mht.No evasive action taken.New hampshire pd notified.",2023-11-23T13:46:00Z,43.2833,-71.7333,4500.0,medium
12341,2023-11-24,Washington,District of columbia,"Prelim information (INFO) from federal aviation administration (FAA) af operations (OPS): washington, dc / unmanned aircraft systems (UAS) sighting/1138e/dulles airport traffic control tower (ATCT) advised, b38m, clt-iad, observed a unmanned aircraft systems (UAS) approximately (APPROX) 1,000 feet below while northbound at 2,800 feet, 11 S iad.No evasive action reported.No leo notification provided.",2023-11-24T11:38:00Z,38.8046,-77.4474,2800.0,medium
12342,2023-11-24,Austin,Texas,"Prelim information (INFO) from federal aviation administration (FAA) operations (OPS): austin, tx / unmanned aircraft systems (UAS) sighting/1243c/houston air route traffic control center (ARTCC) advised, b38m, aus-ewr, reported unmanned aircraft systems (UAS) at the 9 of the clock position 300 feet below while ene bound at 12,000 feet 15 E centex very high frequency omnidirectional range (VOR).No evasive action taken.Leo notification not reported.",2023-11-24T12:43:00Z,30.5833,-97.4167,12000.0,medium
12343,2023-11-25,Millville,New jersey,"Prelim information (INFO) from federal aviation administration (FAA) operations (OPS): millville, nj / unmanned aircraft systems (UAS) sighting/1410e/dover air force base (AFB) advised, bombardier cl30, hpn-sby, reported a black and blue unmanned aircraft systems (UAS) 500 feet below while sw bound at 12,000 feet 7 se miv.No evasive action taken.Leo notification not reported.",2023-11-25T14:10:00Z,39.3047,-75.0047,12000.0,medium
12344,2023-11-25,Miami,Florida,"Prelim information (INFO) from federal aviation administration (FAA) operations (OPS): miami, flight level (FL) / unmanned aircraft systems (UAS) sighting/1739e/miami executive fct advised, cessna c172, reported a white unmanned aircraft systems (UAS) while E bound at 2,000 feet 2 E tmb.No evasive action taken.Police helo notified.",2023-11-25T17:39:00Z,25.6478,-80.3967,2000.0,medium
12345,2023-11-25,Wilmington,North carolina,"Prelim information (INFO) from federal aviation administration (FAA) operations (OPS): wilmington, nc / unmanned aircraft systems (UAS) sighting/1805e/wilmington airport traffic control tower (ATCT) advised, diamond da40, reported a small white unmanned aircraft systems (UAS) with a single light 1,000 feet above aircraft (ACFT) while S bound at 3,000 feet 35 N ilm.No evasive action taken.Leo notification not reported.",2023-11-25T18:05:00Z,34.1333,-77.9,3000.0,medium
12346,2023-11-25,Sacramento,California,"Prelim information (INFO) from federal aviation administration (FAA) operations (OPS): sacramento, ca / unmanned aircraft systems (UAS) sighting/1540p/northern california terminal radar approach control (TRACON) advised, piper pa32, reported a unmanned aircraft systems (UAS) from the 10 of the clock position while S bound at 6,500 feet 1 S maintenance control center (MCC).No evasive action taken.Sacramento county sheriff notified.",2023-11-25T15:40:00Z,38.5816,-121.4944,6500.0,medium
12347,2023-11-25,Bakersfield,California,"Prelim information (INFO) from federal aviation administration (FAA) operations (OPS): bakersfield, ca / unmanned aircraft systems (UAS) incident/1635p/bakersfield airport traffic control tower (ATCT) advised, cessna c172, bfl-bfl, reported a black unmanned aircraft systems (UAS) 50 feet from the aircraft (ACFT) while ese bound at 900 feet 5 sse bfl. Pic turned aircraft (ACFT) to avoid the unmanned aircraft systems (UAS). Kern county sheriff's department (DEPT) notified.",2023-11-25T16:35:00Z,35.3667,-118.9667,900.0,medium
12348,2023-11-25,Miami,Florida,"Prelim information (INFO) from federal aviation administration (FAA) operations (OPS): miami, flight level (FL) / unmanned aircraft systems (UAS) sighting/2006e/opa locka fct advised, robinson r44, reported 3 unmanned aircraft systems (UAS) from the 9 of the clock position while E bound at 500 feet 3 E opf.No evasive action taken.Miami pd notified.",2023-11-25T00:00:00Z,25.9069,-80.2345,500.0,medium
12349,2023-11-26,Islip,New york,"Prelim information (INFO) from federal aviation administration (FAA) af operations (OPS): islip, ny / unmanned aircraft systems (UAS) sighting/1435e/new york terminal radar approach control facility (TRACON) advised, cessna c172, reported a green unmanned aircraft systems (UAS) off left side of aircraft (ACFT) hovering at 1,900 feet while N bound at same altitude.No evasive action reported.Leos notified.",2023-11-26T14:35:00Z,40.795,-73.1,1900.0,medium
12350,2023-11-27,Shreveport,Louisiana,"Prelim information (INFO) from federal aviation administration (FAA) operations (OPS): shreveport, la / unmanned aircraft systems (UAS) sighting/0950c/shreveport airport traffic control tower (ATCT) advised, beech be23, dtn-dtn, while in pattern reported a unmanned aircraft systems (UAS) from the left side at 1,300 feet 2 W shv.No evasive action taken.No leo notification. Acft operated under local callsign sd6007y.",2023-11-27T09:50:00Z,32.4463,-93.8595,1300.0,medium
12351,2023-11-28,Chicago,Illinois,"Prelim information (INFO) from federal aviation administration (FAA) operations (OPS): chicago, il / unmanned aircraft systems (UAS) sighting/0847c/chicago terminal radar approach control (TRACON) advised, cessna c82t, reported a red unmanned aircraft systems (UAS) from the 12 of the clock position while S bound at 2,000 feet 12 E ord.No evasive action reported.Fbi notified.",2023-11-28T08:47:00Z,41.9796,-87.6803,2000.0,medium
12352,2023-11-29,Houston,Texas,"Prelim information (INFO) from federal aviation administration (FAA) operations (OPS): houston, tx / unmanned aircraft systems (UAS) sighting/1041c/houston airport traffic control tower (ATCT) advised, crj9, mfe-iah, reported a white unmanned aircraft systems (UAS) from the 9 of the clock position while W bound 2,000 feet 7 E iah.No evasive action taken.Houston pd notified.",2023-11-29T10:41:00Z,29.9902,-95.2634,2000.0,medium
12353,2023-11-29,Las vegas,Nevada,"Prelim information (INFO) from federal aviation administration (FAA) operations (OPS): las vegas, nv / unmanned aircraft systems (UAS) sighting/1011p/north las vegas airport traffic control tower (ATCT) advised, american bl8, vgt-vgt, reported a red unmanned aircraft systems (UAS) while W bound at 4,000 feet 10 northwest (NW) las.No evasive action taken.Leo notification not reported.Woc 7-3333 tj/mo",2023-11-29T22:11:00Z,36.2807,-115.3172,4000.0,medium
12354,2023-11-29,San juan,Pr,"Prelim information (INFO) from federal aviation administration (FAA) operations (OPS): san juan, pr / unmanned aircraft systems (UAS) sighting/1542l/san juan airport traffic control tower (ATCT) advised, pilatus pc12, reported a unmanned aircraft systems (UAS) from the 3 of the clock position while W bound at 1,000 feet 2 sw sju.No evasive action taken.Puerto rico pd notified.",2023-11-29T15:42:00Z,18.4275,-66.0183,1000.0,medium
12355,2023-11-29,Houston,Texas,"Prelim information (INFO) from federal aviation administration (FAA) af operations (OPS): houston, tx / unmanned aircraft systems (UAS) sighting/1511c/sugar land airport traffic control tower (ATCT) advised, e55p, cha-sgr, reported a unmanned aircraft systems (UAS) from the 3 of the clock position while S bound at 1,600 feet 5 N sgr.No evasive action taken.Harris county sheriff notified.",2023-11-29T15:11:00Z,29.6622,-95.6569,1600.0,medium
12356,2023-11-29,Pensacola,Florida,"Prelim information (INFO) from federal aviation administration (FAA) af operations (OPS): pensacola, flight level (FL) / unmanned aircraft systems (UAS) sighting/1821c/pensacola terminal radar approach control (TRACON) advised, a119, reported a unmanned aircraft systems (UAS) from the 3 of the clock position while nnw bound at 1,700 feet 5 nne pns.No evasive action taken.Escambia county sheriff notified.",2023-11-29T18:21:00Z,30.5215,-87.1866,1700.0,medium
12357,2023-11-29,Portland,Oregon,"Prelim information (INFO) from federal aviation administration (FAA) operations (OPS): portland, or / unmanned aircraft systems (UAS) sighting/2155p/portland airport traffic control tower (ATCT) advised, robinson r44, reported a unmanned aircraft systems (UAS) from the 1 of the clock position while W bound at 800 feet 5 ssw pdx.No evasive action taken.Port of portland notified.",2023-11-29T21:55:00Z,45.5089,-122.6366,800.0,medium
12358,2023-11-30,Dayton,Ohio,"Prelim information (INFO) from federal aviation administration (FAA) af operations (OPS): dayton, oh / unmanned aircraft systems (UAS) sighting/1010e/dayton airport traffic control tower (ATCT) advised, cessna c152, reported a unmanned aircraft systems (UAS) above aircraft (ACFT) while sw bound at 600 feet 2 no earlier (NE) dayton. Made left turn to avoid unmanned aircraft systems (UAS). Aircraft made a left turn to avoid unmanned aircraft systems (UAS) butler county sheriff notified.",2023-11-30T10:10:00Z,39.8989,-84.2189,600.0,medium
12359,2023-11-30,Denver,Colorado,"Prelim information (INFO) from federal aviation administration (FAA) operations (OPS): denver, central office (CO) / unmanned aircraft systems (UAS) sighting/1120m/denver air route traffic control center (ARTCC) advised, b747, reported a unmanned aircraft systems (UAS) from 200 feet below while E bound at 4,500 feet 33 E den.No evasive action taken.Leo notification not reported.",2023-11-30T11:20:00Z,39.8561,-104.1731,4500.0,medium
12360,2023-12-02,O' neill,Nebraska,"Prelim information (INFO) from federal aviation administration (FAA) operations (OPS): O' neill, no earlier (NE) / unmanned aircraft systems (UAS) sighting/2215c/denver air route traffic control center (ARTCC) advised, a321, phl-sfo, reported a unmanned aircraft systems (UAS) at the 1 of the clock position while W bound at fl320 31 ssw onl.No evasive action taken.No leo notification reported.",2023-12-01T22:15:00Z,42.2701,-98.8501,32000.0,medium
12361,2023-12-02,Fresno,California,"Prelim information (INFO) from federal aviation administration (FAA) operations (OPS): fresno, ca / unmanned aircraft systems (UAS) incident/1916p/fresno airport traffic control tower (ATCT) advised, helo, reported a unmanned aircraft systems (UAS) from the 9 of the clock position while W bound at 1,000 feet 4 S fat. Acft took evasive action to avoid unmanned aircraft systems (UAS). Fresno pd ground units responded and located the operator.",2023-12-02T19:16:00Z,36.7361,-119.7844,1000.0,medium
12362,2023-12-03,Nashville,Tennessee,"Prelim information (INFO) from federal aviation administration (FAA) operations (OPS): nashville, tn / unmanned aircraft systems (UAS) sighting/1355c/nashville terminal radar approach control (TRACON) advised, e75l, lga-bna, reported a black and gray unmanned aircraft systems (UAS) while ssw bound at 10,000 feet 1 nne bna.No evasive action taken. Nashville airport (ARPT) pd notified.",2023-12-03T13:55:00Z,36.1375,-86.6682,10000.0,medium
12363,2023-12-03,Fort pierce,Florida,"Prelim information (INFO) from federal aviation administration (FAA) operations (OPS): fort pierce, flight level (FL) / unmanned aircraft systems (UAS) sighting/1706e/fort pierce airport traffic control tower (ATCT) advised, douglas dc3, reported a unmanned aircraft systems (UAS) from the 3 of the clock position while W bound at 600 feet 1 E fpr.No evasive action taken.Fort pierce pd notified.",2023-12-03T00:00:00Z,27.4953,-80.3681,600.0,medium
12364,2023-12-04,San antonio,Texas,"Prelim information (INFO) from federal aviation administration (FAA) operations (OPS): san antonio, tx / unmanned aircraft systems (UAS) sighting/0916c/san antonio airport traffic control tower (ATCT) advised, p28a, sat-sat, reported a metallic unmanned aircraft systems (UAS) from the 6 of the clock position while sw bound at 5,500 feet 9 sw sat.No evasive maneuvers reported. San antonio pd notified.",2023-12-04T09:16:00Z,29.3089,-98.5844,5500.0,medium
12365,2023-12-04,Bakersfield,California,"Prelim information (INFO) from federal aviation administration (FAA) operations (OPS): bakersfield, ca / unmanned aircraft systems (UAS) sighting/0733p/bakersfield airport traffic control tower (ATCT) advised, cessna c172, reported an orange unmanned aircraft systems (UAS) within 500 feet of the aircraft (ACFT) while E bound at 2,000 feet 11 S shafter vor collocated with tacan (VORTAC) (EHF).No evasive action taken.Leo notification not reported.",2023-12-03T19:33:00Z,35.3833,-119.1,2000.0,medium
12366,2023-12-04,West palm beach,Florida,"Prelim information (INFO) from federal aviation administration (FAA) operations (OPS): west palm beach, flight level (FL) / unmanned aircraft systems (UAS) sighting/1345e/palm beach airport traffic control tower (ATCT) advised, bcs3, toronto, canada (CYYZ)-pbi, reported a quad-copter unmanned aircraft systems (UAS) at the 12 of the clock position while W bound at 600 feet 1 E pbi.No evasive action taken.Palm beach county sheriff notified.",2023-12-04T13:45:00Z,26.6859,-80.0831,600.0,medium
12367,2023-12-05,New york,New york,"Prelim information (INFO) from federal aviation administration (FAA) operations (OPS): new york, ny / unmanned aircraft systems (UAS) sighting/0850e/kennedy airport traffic control tower (ATCT) advised, a21n, atl-jfk, reported a white quad-copter unmanned aircraft systems (UAS) below aircraft (ACFT) while nne bound at 2,000 feet 8 mile final runway 4r.No evasive action taken.New york port authority notified.",2023-12-05T08:50:00Z,40.6635,-73.7845,2000.0,medium
12368,2023-12-05,Fort lauderdale,Florida,"Prelim information (INFO) from federal aviation administration (FAA) operations (OPS): fort lauderdale, flight level (FL) / unmanned aircraft systems (UAS) sighting/1046e/fort lauderdale executive airport traffic control tower (ATCT) advised, cirrus sr22, fmy-fxe, reported a black unmanned aircraft systems (UAS) 100 feet below their 9 of the clock position while E bound at 900 feet 2 wsw fxe.No evasive action taken.Broward county sheriff's office notified.",2023-12-05T10:46:00Z,26.1897,-80.1892,900.0,medium
12369,2023-12-05,Jacksonville,Florida,"Prelim information (INFO) from federal aviation administration (FAA) operations (OPS): jacksonville, flight level (FL) / unmanned aircraft systems (UAS) sighting/1300e/jacksonville airport traffic control tower (ATCT) advised, piper pa32, x21-unkn, reported a yellow unmanned aircraft systems (UAS) from the 12 of the clock position while N bound at 8,500 feet 7 E crg.No evasive action taken. Jacksonville sheriff unmanned aircraft systems (UAS) division notified.",2023-12-05T13:00:00Z,30.3686,-81.4289,8500.0,medium
12370,2023-12-05,Dallas-fort worth,Texas,"Prelim information (INFO) from federal aviation administration (FAA) operations (OPS): dallas-fort worth, tx / unmanned aircraft systems (UAS) sighting/2112c/dfw airport traffic control tower (ATCT) advised, b738, dca-dfw, reported a 3-4 white unmanned aircraft systems (UAS) from the 9 of the clock position while N bound at 1,000 feet 3 sse maverick very high frequency omnidirectional range (VOR).No evasive action taken. Dfw airport (ARPT) dps notified.",2023-12-05T00:00:00Z,32.7667,-97.3,1000.0,medium
12371,2023-12-06,New york,New york,"Prelim information (INFO) from federal aviation administration (FAA) operations (OPS): new york, ny / unmanned aircraft systems (UAS) sighting/0940e/jf kennedy airport traffic control tower (ATCT) advised, b739, san juan, puerto rico (TJSJ)-jfk, reported a unmanned aircraft systems (UAS) from the 2 of the clock position while no earlier (NE) bound at 1,500 feet 5 sw jfk.No evasive action taken.Ny port authority notified.",2023-12-06T09:40:00Z,40.6013,-73.8522,1500.0,medium
12372,2023-12-06,San antonio,Texas,"Prelim information (INFO) from federal aviation administration (FAA) af operations (OPS): san antonio, tx / unmanned aircraft systems (UAS) sighting/2248c/san antonio airport traffic control tower (ATCT) advised, b38m, phx-sat, reported a unmanned aircraft systems (UAS) from the 2 of the clock position while se bound at 1,500 feet 7 ssw sat.No evasive action reported.Law enforcement notification not reported.",2023-12-06T22:48:00Z,29.2633,-98.5211,1500.0,medium
12373,2023-12-07,New york,New york,"Prelim information (INFO) from federal aviation administration (FAA) operations (OPS): new york, ny / unmanned aircraft systems (UAS) sighting/1455e/jf kennedy airport traffic control tower (ATCT) advised, a21n, las-jfk, reported a black and red unmanned aircraft systems (UAS) from the 12 of the clock position while sw bound at 1,800 feet 5 no earlier (NE) jfk.No evasive action. Arpt pd notified.",2023-12-07T14:55:00Z,40.6413,-73.7781,1800.0,medium
12374,2023-12-07,New orleans,Louisiana,"Prelim information (INFO) from federal aviation administration (FAA) operations (OPS): new orleans, la / unmanned aircraft systems (UAS) sighting/1600c/new orleans airport traffic control tower (ATCT) advised, helo, reported a pink and black unmanned aircraft systems (UAS) from 100 feet below while sse bound at 1,500 feet 4 W msy.No evasive action taken.St. charles parrish sherriff notified.",2023-12-07T16:00:00Z,29.9778,-90.3524,1500.0,medium
12375,2023-12-07,Portland,Oregon,"Prelim information (INFO) from federal aviation administration (FAA) operations (OPS): portland, or / unmanned aircraft systems (UAS) sighting/1410p/portland airport traffic control tower (ATCT) advised, helo, 61j-unkn, reported a white unmanned aircraft systems (UAS) 15 feet above aircraft (ACFT) from the 12 of the clock position while N bound at 500 feet 5 no earlier (NE) pdx.No evasive action taken.Portland pd notified.",2023-12-07T14:10:00Z,45.5897,-122.595,515.0,medium
12376,2023-12-07,San jose,California,"Prelim information (INFO) from federal aviation administration (FAA) operations (OPS): san jose, ca / unmanned aircraft systems (UAS) sighting/1700p/w-regional operations center (ROC) advised, gulfstream glf4, reported 2 grey unmanned aircraft systems (UAS) from above at 2,700 feet vcnty sjc.No evasive action taken.Leo notification not reported.",2023-12-07T17:00:00Z,37.3639,-121.9289,2700.0,medium
12377,2023-12-08,Sarasota/bradenton,Florida,"Prelim information (INFO) from federal aviation administration (FAA) operations (OPS): sarasota / bradenton, flight level (FL) / unmanned aircraft systems (UAS) sighting/1334e/sarasota airport traffic control tower (ATCT) advised, boeing pt17, reported a black unmanned aircraft systems (UAS) while northwest (NW) bound at 1,000 feet 5 sw srq.No evasive action reported.Sarasota county pd notified.",2023-12-08T13:34:00Z,27.359444,-82.606389,1000.0,medium
12378,2023-12-08,Kansas city,Missouri,"Prelim information (INFO) from federal aviation administration (FAA) operations (OPS): kansas city, mo / unmanned aircraft systems (UAS) sighting/late report-1240c/kansas city airport traffic control tower (ATCT) advised, beech be20, mkc-jef, reported a yellow unmanned aircraft systems (UAS) at 2,800 feet while on departure.No evasive action taken.No leo notification reported.",2023-12-08T12:40:00Z,39.2976,-94.7139,2800.0,medium
12379,2023-12-08,Washington,District of columbia,"Prelim information (INFO) from federal aviation administration (FAA) operations (OPS): washington, dc / unmanned aircraft systems (UAS) sighting/1440e/national airport traffic control tower (ATCT) advised, a319, ord-dca, reported a white unmanned aircraft systems (UAS) while sse bound at 600 feet 2.5 N dca.No evasive action taken. Metro pd notified.",2023-12-08T14:40:00Z,38.8853,-77.0377,600.0,medium
12380,2023-12-08,Dublin,Virginia,"Prelim information (INFO) from federal aviation administration (FAA) operations (OPS): dublin, va / unmanned aircraft systems (UAS) sighting/1515e/atlanta air route traffic control center (ARTCC) advised, beech be20, gsp-lwb, reported silver unmanned aircraft systems (UAS) 300 feet below aircraft (ACFT) while no earlier (NE) bound at 14,000 feet 38 sw pulaski vor collocated with tacan (VORTAC).No evasive action taken.Wilkes county pd notified.",2023-12-08T15:15:00Z,36.9167,-81.2667,14000.0,medium
12381,2023-12-08,New york,New york,"Prelim information (INFO) from federal aviation administration (FAA) operations (OPS): new york, ny / unmanned aircraft systems (UAS) sighting/1455e/new york terminal radar approach control (TRACON) advised, b738, dfw-lga, reported a silver unmanned aircraft systems (UAS) from the 3 of the clock position while ssw bound at 2,000 feet 7 nne lga.No evasive action taken.Nypd aviation notified.",2023-12-08T14:55:00Z,40.8166,-73.8333,2000.0,medium
12382,2023-12-09,Miami,Florida,"Prelim information (INFO) from federal aviation administration (FAA) af operations (OPS): miami, flight level (FL) / unmanned aircraft systems (UAS) sighting/0828e/miami terminal radar approach control facility (TRACON) advised, e170, cvg-mia, reported a unmanned aircraft systems (UAS) 500 feet below aircraft (ACFT) from the 12 of the clock position while northwest (NW) bound at 3,500 feet 10 northwest (NW) mia.No evasive action reported.Miami pd notified.",2023-12-09T08:28:00Z,25.8522,-80.3409,3500.0,medium
12383,2023-12-09,Washington,District of columbia,"Prelim information (INFO) from federal aviation administration (FAA) operations (OPS): washington, dc / unmanned aircraft systems (UAS) sighting/1412e/washington national airport traffic control tower (ATCT) advised, helo, reported black unmanned aircraft systems (UAS) 200 feet below aircraft (ACFT) while S bound at 1,000 feet 8 N dca.No evasive action reported.Washington dc pd notified.",2023-12-09T14:12:00Z,38.9342,-77.0374,1000.0,medium
12384,2023-12-09,Los angeles,California,"Prelim information (INFO) from federal aviation administration (FAA) operations (OPS): los angeles, ca / unmanned aircraft systems (UAS) sighting/1127p/los angeles airport traffic control tower (ATCT) advised, b77w, auckland, new zealand (NZAA)-lax, reported white unmanned aircraft systems (UAS) from the 9 of the clock position while sw bound at 2,400 feet 8 E lax.No evasive action taken.No law enforcement notification reported.",2023-12-09T23:27:00Z,33.9425,-118.2389,2400.0,medium
12385,2023-12-09,St petersburg-clearwater,Florida,"Prelim information (INFO) from federal aviation administration (FAA) operations (OPS): st petersburg-clearwater, flight level (FL) / unmanned aircraft systems (UAS) sighting/1430e/saint petersburg airport traffic control tower (ATCT) advised, socata tamp, pie-unkn, reported a white unmanned aircraft systems (UAS) 600 feet above aircraft (ACFT) from the 10 of the clock position while N bound at 1,000 feet 1 northwest (NW) pie.No evasive action taken.Saint petersburg pd notified.",2023-12-09T14:30:00Z,27.915556,-82.699444,1600.0,medium
12386,2023-12-09,Las vegas,Nevada,"Prelim information (INFO) from federal aviation administration (FAA) operations (OPS): las vegas, nv / unmanned aircraft systems (UAS) sighting/1645p/las vegas terminal radar approach control (TRACON) advised, a20n, slc-las, reported a unmanned aircraft systems (UAS) while N bound at 6,700 feet 12 S las.No evasive action taken.Leo notification not reported.",2023-12-09T16:45:00Z,35.9697,-115.1333,6700.0,medium
12387,2023-12-11,Tallahassee,Florida,"Prelim information (INFO) from federal aviation administration (FAA) operations (OPS): tallahassee, flight level (FL) / unmanned aircraft systems (UAS) sighting/0748e/tallahassee airport traffic control tower (ATCT) advised, cessna c172, tlh-tlh, reported a green unmanned aircraft systems (UAS) while S bound at 2,000 feet 2 sw tlh.No evasive action taken.Leon county sheriff notified.",2023-12-11T07:48:00Z,30.379722,-84.387778,2000.0,medium
12388,2023-12-11,Longview,Texas,"Prelim information (INFO) from federal aviation administration (FAA) af operations (OPS): longview, tx / unmanned aircraft systems (UAS) sighting/0910c/fort worth air route traffic control center (ARTCC) advised, e170, dfw-mlu, reported a white unmanned aircraft systems (UAS) from the 12 of the clock position while W bound at fl280 6 ese ggg.No evasive action taken.Harrison county sheriff notified.",2023-12-11T09:10:00Z,32.3333,-94.6167,28000.0,medium
12389,2023-12-11,Traverse city,Michigan,"Prelim information (INFO) from federal aviation administration (FAA) operations (OPS): traverse city, mile (MI) / unmanned aircraft systems (UAS) sighting/1429e/traverse city airport traffic control tower (ATCT) advised, cessna c172, tvc-tvc, reported a white unmanned aircraft systems (UAS) while E bound at 1,300 feet 3 ese tvc.No evasive action taken.Grand traverse central dispatch notified.",2023-12-11T14:29:00Z,44.7333,-85.5167,1300.0,medium
12390,2023-12-11,Daytona beach,Florida,"Prelim information (INFO) from federal aviation administration (FAA) operations (OPS): daytona beach, flight level (FL) / unmanned aircraft systems (UAS) sighting/1826e/daytona beach airport traffic control tower (ATCT) advised, cessna c208, fin-fin, reported a unmanned aircraft systems (UAS) while maneuvering at 2,200 feet vcnty dab.No evasive action taken.Volusia county sheriff notified.",2023-12-11T18:26:00Z,29.1799,-81.0581,2200.0,medium
12391,2023-12-12,Boston,Massachusetts,"Prelim information (INFO) from federal aviation administration (FAA) operations (OPS): boston, ma / unmanned aircraft systems (UAS) sighting/0925e/boston airport traffic control tower (ATCT) advised, bcs1, jax-bos, reported unmanned aircraft systems (UAS) at 200-300 feet while northwest (NW) bound at 300 feet 1 se bos.No evasive action reported.Massachusetts state pd notified.",2023-12-12T09:25:00Z,42.3584,-71.0598,300.0,medium
12392,2023-12-12,Rock hill,South carolina,"Prelim information (INFO) from federal aviation administration (FAA) operations (OPS): rock hill, sc / unmanned aircraft systems (UAS) sighting/0953e/charlotte airport traffic control tower (ATCT) advised, crj9, gpt-clt, reported a unmanned aircraft systems (UAS) from the 12 of the clock position while N bound at 6,000 feet 6.8 wnw uza.No evasive action reported.Law enforcement notification not reported.",2023-12-12T09:53:00Z,35.0375,-81.1572,6000.0,medium
12393,2023-12-13,Atlanta,Georgia,"Prelim information (INFO) from federal aviation administration (FAA) af operations (OPS): atlanta, general aviation (GA) / unmanned aircraft systems (UAS) sighting/1012e/dekalb-peachtree airport traffic control tower (ATCT) advised, gulfstream glf5, lal-pdk, reported a unmanned aircraft systems (UAS) while nnw bound at 1,800 feet 3 se pdk.No evasive action taken.Chamblee pd notified.",2023-12-13T10:12:00Z,33.8552,-84.2925,1800.0,medium
12394,2023-12-13,Boston,Massachusetts,"Prelim information (INFO) from federal aviation administration (FAA) operations (OPS): boston, ma / unmanned aircraft systems (UAS) sighting/1200e/boston terminal radar approach control (TRACON) advised, cessna c172, reported a unmanned aircraft systems (UAS) while N bound at 4,500 feet 5 nnw bos.No evasive action taken.No leo notification reported.",2023-12-13T12:00:00Z,42.4333,-71.0833,4500.0,medium
12395,2023-12-13,Everett,Washington,"Prelim information (INFO) from federal aviation administration (FAA) operations (OPS): everett, wa / unmanned aircraft systems (UAS) sighting/1040p/seattle terminal radar approach control facility (TRACON) advised, e75l, geg-sea, reported a small unmanned aircraft systems (UAS) with a red light at the 3 of the clock position while W bound at 6,700 feet 5 S pae.No evasive action taken.No leo notification reported.",2023-12-13T22:40:00Z,47.8075,-122.2847,6700.0,medium
12396,2023-12-13,Atlanta,Georgia,"Prelim information (INFO) from federal aviation administration (FAA) operations (OPS): atlanta, general aviation (GA) / unmanned aircraft systems (UAS) sighting/late report-1640e/atlanta terminal radar approach control facility (TRACON) advised, b739, pns-atl, reported unmanned aircraft systems (UAS) at the 2 of the clock position while N bound at 4,500 feet 15 wsw atl.No evasive action taken.Douglas county sheriff notified.",2023-12-13T16:40:00Z,33.6389,-84.6275,4500.0,medium
12397,2023-12-13,Pontiac,Michigan,"Prelim information (INFO) from federal aviation administration (FAA) operations (OPS): pontiac, mile (MI) / unmanned aircraft systems (UAS) sighting/1739e/pontiac airport traffic control tower (ATCT) advised, cessna c172, reported unmanned aircraft systems (UAS) at 100 feet 1 sw pdk. Acft was on the ground at pdk.Leo notification not reported.",2023-12-13T17:39:00Z,42.6654,-83.4214,100.0,medium
12398,2023-12-13,Erie,Pennsylvania,"Prelim information (INFO) from federal aviation administration (FAA) operations (OPS): erie, public address (PA) / unmanned aircraft systems (UAS) sighting/1740e/buffalo airport traffic control tower (ATCT) advised, eurocopter ec35, reported a unmanned aircraft systems (UAS) with red and green lights below them while S bound at 1,100 feet 4 ene erie very high frequency omnidirectional range (VOR).No evasive action taken.Erie city pd notified.",2023-12-13T17:40:00Z,42.1833,-79.9333,1100.0,medium
12399,2023-12-13,Phoenix,Arizona,"Prelim information (INFO) from federal aviation administration (FAA) operations (OPS): phoenix, az / unmanned aircraft systems (UAS) sighting/1642m/deer valley airport traffic control tower (ATCT) advised, balloon, reported a gray unmanned aircraft systems (UAS) while northwest (NW) bound at 2,500 feet 2 se dvt.No evasive action taken. Phoenix pd air asset notified.",2023-12-13T16:42:00Z,33.7033,-112.0689,2500.0,medium
12400,2023-12-14,Jefferson city,Missouri,"Prelim information (INFO) from federal aviation administration (FAA) operations (OPS): jefferson city, mo / unmanned aircraft systems (UAS) sighting/1129c/springfield airport traffic control tower (ATCT) advised, cirrus sr22, reported a unmanned aircraft systems (UAS) 600 feet below aircraft (ACFT) while W bound at 2,600 feet 14 E jefferson city.No evasive action.Osage county sheriff notified.",2023-12-14T11:29:00Z,38.5767,-91.9033,2600.0,medium
12401,2023-12-15,Tampa,Florida,"Prelim information (INFO) from federal aviation administration (FAA) operations (OPS): tampa, flight level (FL) / unmanned aircraft systems (UAS) sighting/1128e/tampa airport traffic control tower (ATCT) advised, b38m, toronto, canada (CYYZ)-tpa, reported a red and yellow unmanned aircraft systems (UAS) from the 9 of the clock position while N bound at 1,500 feet 3 ssw tpa.No evasive action taken.Tampa fbi notified.",2023-12-15T11:28:00Z,27.9506,-82.4572,1500.0,medium
12402,2023-12-15,Springfield,Missouri,"Prelim information (INFO) from federal aviation administration (FAA) operations (OPS): springfield, mo / unmanned aircraft systems (UAS) sighting/2045c/kansas city air route traffic control center (ARTCC) advised, dassault f900, bna-vcv, reported a unmanned aircraft systems (UAS) orbiting above aircraft (ACFT) while W bound at fl400.Skw5251 reported similar sighting appearing to be starlink satellites.No evasive action taken.No leo notification.",2023-12-15T20:45:00Z,37.2431,-93.3885,40000.0,medium
12403,2023-12-16,New york,New york,"Prelim information (INFO) from federal aviation administration (FAA) operations (OPS): new york, ny / unmanned aircraft systems (UAS) sighting/0940e/new york terminal radar approach control (TRACON) advised, a20n, atl-lga, reported a black unmanned aircraft systems (UAS) while N bound at 4,500 feet 11 W jfk.No evasive action taken.Nypd aviation unit notified.",2023-12-16T09:40:00Z,40.6013,-73.978,4500.0,medium
12404,2023-12-16,Nashville,Tennessee,"Prelim information (INFO) from federal aviation administration (FAA) operations (OPS): nashville, tn / unmanned aircraft systems (UAS) sighting/0855c/memphis air route traffic control center (ARTCC) advised, lancair lnc4, reported a unmanned aircraft systems (UAS) from the 9 of the clock while se bound at 7,500 feet 63 ese bna.No evasive action taken.Warren county sheriff notified.",2023-12-16T08:55:00Z,35.5833,-85.4167,7500.0,medium
12405,2023-12-16,Portland,Oregon,"Prelim information (INFO) from federal aviation administration (FAA) af operations (OPS): portland, or / unmanned aircraft systems (UAS) sighting/1245p/portland airport traffic control tower (ATCT) advised, b739, msp-pdx, reported a unmanned aircraft systems (UAS) at the 9 of the clock position while E bound at 600 feet 2 W pdx.No evasive action taken. Portland airport (ARPT) pd notified.",2023-12-16T12:45:00Z,45.5897,-122.6307,600.0,medium
12406,2023-12-16,Chantilly,Virginia,"Prelim information (INFO) from federal aviation administration (FAA) af operations (OPS): chantilly, va / unmanned aircraft systems (UAS) sighting/1605e/dulles airport traffic control tower (ATCT) advised, e145, alb-iad, reported a white unmanned aircraft systems (UAS) from the 12 of the clock position while S bound at 2,500 feet on 9.6 final runway 19c.No evasive action taken.Loudon county pd notified.",2023-12-16T16:05:00Z,38.9519,-77.4588,2500.0,medium
12407,2023-12-16,Moline,Illinois,"Prelim information (INFO) from federal aviation administration (FAA) operations (OPS): moline, il / unmanned aircraft systems (UAS) sighting/1803c/chicago air route traffic control center (ARTCC) advised, cessna c68a, ase-mdw, reported a unmanned aircraft systems (UAS) from the 12 of the clock position while E bound at fl240 20 S moline very high frequency omnidirectional range (VOR).No evasive action taken.Fbi notified.",2023-12-16T18:03:00Z,41.3333,-90.5083,24000.0,medium
12408,2023-12-17,Louisville,Kentucky,"Prelim information (INFO) from federal aviation administration (FAA) operations (OPS): louisville, ky / unmanned aircraft systems (UAS) sighting/1835e/bowman field airport traffic control tower (ATCT) advised, bell b06, reported a unmanned aircraft systems (UAS) 200 feet below aircraft (ACFT) from the 12 of the clock position while W bound at 400 feet 1 W lou.No evasive action taken. Louisville metropolitan (METRO) pd notified.",2023-12-17T18:35:00Z,38.228,-85.6774,400.0,medium
12409,2023-12-18,Burbank,California,"Prelim information (INFO) from federal aviation administration (FAA) operations (OPS): burbank, conflict alert (CA) / unmanned aircraft systems (UAS) sighting/0730p/burbank airport traffic control tower (ATCT) advised, b737, bur-sfo, reported a unmanned aircraft systems (UAS) from the 1 of the clock position while on the ground alpha hold area bur.No evasive action reported.Pasadena pd notified.",2023-12-18T19:30:00Z,34.2007,-118.3592,0.0,medium
12410,2023-12-18,Pompano beach,Florida,"Prelim information (INFO) from federal aviation administration (FAA) operations (OPS): pompano beach, flight level (FL) / unmanned aircraft systems (UAS) sighting/1510e/pampano airport traffic control tower (ATCT) advised, daher tbm9, mky-pmp, reported a white unmanned aircraft systems (UAS) at the 3 of the clock position while S bound at 800 feet 2 no earlier (NE) pmp.No evasive action reported.Broward county sheriff notified.",2023-12-18T15:10:00Z,26.2389,-80.1114,800.0,medium
12411,2023-12-18,Portland,Oregon,"Prelim information (INFO) from federal aviation administration (FAA) operations (OPS): portland, or / unmanned aircraft systems (UAS) sighting/1634p/portland-hillsboro airport traffic control tower (ATCT) advised, cessna c172, reported a unmanned aircraft systems (UAS) while northwest (NW) bound at 700 feet 2 se hio.No evasive action taken.Beaverton pd notified.",2023-12-18T16:34:00Z,45.5204,-122.98,700.0,medium
12412,2023-12-19,Denver,Colorado,"Prelim information (INFO) from federal aviation administration (FAA) operations (OPS): denver, co / unmanned aircraft systems (UAS) sighting/1405m/denver terminal radar approach control (TRACON) advised, crj7, maf-den, reported unmanned aircraft systems (UAS) while N bound at 11,000 feet 14 S den.No evasive action taken. Denver international (INTL) airport (ARPT) pd notified.",2023-12-19T14:05:00Z,39.6153,-104.8726,11000.0,medium
12413,2023-12-19,Norfolk,Virginia,"Prelim information (INFO) from federal aviation administration (FAA) operations (OPS): norfolk, va / unmanned aircraft systems (UAS) sighting/1556e/norfolk naval station advised, h53, reported unmanned aircraft systems (UAS) 200 feet above at the 12 of the clock position while S bound at 300 feet 1 S ngu.No evasive action taken. Base operations (OPS) notified.",2023-12-19T15:56:00Z,36.9375,-76.2893,300.0,medium
12414,2023-12-19,New york,New york,"Prelim information (INFO) from federal aviation administration (FAA) operations (OPS): new york, ny / unmanned aircraft systems (UAS) sighting/1635e/la guardia airport traffic control tower (ATCT) advised, helo, reported unmanned aircraft systems (UAS) same altitude from the 12 of the clock position while N bound at 1,400 feet 5 sw lga.No evasive action taken.Nypd notified.",2023-12-19T16:35:00Z,40.7128,-73.8594,1400.0,medium
12415,2023-12-19,Dallas,Texas,"Prelim information (INFO) from federal aviation administration (FAA) af operations (OPS): dallas, tx / unmanned aircraft systems (UAS) sighting/1550c/dallas ft worth terminal radar approach control facility (TRACON) advised, beechcraft be33, reported a unmanned aircraft systems (UAS) at the 11 of the clock while se bound at 3,500 feet 27 N automatic dependent surveillance (ADS).No evasive action taken.No leo notification reported.",2023-12-19T15:50:00Z,32.8968,-97.038,3500.0,medium
12416,2023-12-20,Sarasota-bradenton,Florida,"Prelim information (INFO) from federal aviation administration (FAA) af operations (OPS): sarasota-bradenton, flight level (FL) / unmanned aircraft systems (UAS) sighting/1434e/sarasota airport traffic control tower (ATCT) advised, cessna c172, reported an orange unmanned aircraft systems (UAS) while E bound at 100 feet 2 E srq.No evasive action taken.Sarasota county sheriff notified.",2023-12-20T14:34:00Z,27.395556,-82.524444,100.0,medium
12417,2023-12-21,Orlando,Florida,"Prelim information (INFO) from federal aviation administration (FAA) operations (OPS): orlando, flight level (FL) / unmanned aircraft systems (UAS) sighting/1437e/central florida terminal radar approach control facility (TRACON) advised, hawker beechcraft h25b, reported a grey unmanned aircraft systems (UAS) at same altitude while nne bound at 8,000 feet 16 W ism.No evasive action taken.Polk county sheriff's office notified.",2023-12-21T14:37:00Z,28.2897,-81.7269,8000.0,medium
12418,2023-12-21,Nashville,Tennessee,"Prelim information (INFO) from federal aviation administration (FAA) operations (OPS): nashville, tn / unmanned aircraft systems (UAS) sighting/1341c/nashville airport traffic control tower (ATCT) advised, beech be40, bna-ixd, reported a black unmanned aircraft systems (UAS) while wsw bound at 2,700 feet 2 wsw bna.No evasive action taken.Davidson county sheriff notified.",2023-12-21T13:41:00Z,36.1164,-86.7077,2700.0,medium
12419,2023-12-21,Covington,Kentucky,"Prelim information (INFO) from federal aviation administration (FAA) operations (OPS): covington, ky / unmanned aircraft systems (UAS) sighting/1431e/cincinnati airport traffic control tower (ATCT) advised, a319, vps-cvg, reported a yellow and black unmanned aircraft systems (UAS) at the 1 of the clock position while S bound at 2,000 feet 3 N cvg.No evasive action taken. Cincinnati airport (ARPT) pd notified.",2023-12-21T14:31:00Z,39.0831,-84.6556,2000.0,medium
12420,2023-12-21,New york,New york,"Prelim information (INFO) from federal aviation administration (FAA) operations (OPS): new york, ny / unmanned aircraft systems (UAS) sighting/1755e/la guardia airport traffic control tower (ATCT) advised, e170, lga-eyw, reported a unmanned aircraft systems (UAS) from the 3 of the clock position while N bound at 1,500 feet 1 N lga.No evasive action taken.New york aviation unit notified.",2023-12-21T17:55:00Z,40.79,-73.87,1500.0,medium
12421,2023-12-21,San francisco,California,"Prelim information (INFO) from federal aviation administration (FAA) operations (OPS): san francisco, ca / unmanned aircraft systems (UAS) sighting/1646p/norcal terminal radar approach control (TRACON) advised, b38m, sea-sfo, reported a unmanned aircraft systems (UAS) with blue lights from the 9 of the clock position while E bound at 5,000 feet 13 ese sfo.No evasive action taken.Redwood city pd notified.",2023-12-21T16:46:00Z,37.5506,-122.1569,5000.0,medium
12422,2023-12-22,Atlantic,North carolina,"Prelim information (INFO) from federal aviation administration (FAA) af operations (OPS): atlantic, nc / unmanned aircraft systems (UAS) sighting/late report-12/22 1156e/mcas cherry point advised, av8b, reported a white fixed wing unmanned aircraft systems (UAS) between 12,000 and 13,000 feet vcnty atlantic, nc (12nc), restricted area R-5306a. Closest proximity not reported, but pilot reported incident as near midair collision (NMAC).Evasive action not reported.Range control notified.Woc-7-3333 dd/dj",2023-12-22T11:56:00Z,34.8858,-76.8817,12500.0,medium
12423,2023-12-22,Norfolk,Virginia,"Prelim information (INFO) from federal aviation administration (FAA) operations (OPS): norfolk, va / unmanned aircraft systems (UAS) sighting/1217e/norfolk airport traffic control tower (ATCT) advised, e195, tpa-orf, reported a black unmanned aircraft systems (UAS) from the 3 of the clock position while ene bound at 2,000 feet 6 sw orf.No evasive action taken.Leo notification not reported.",2023-12-22T00:00:00Z,36.8354,-76.201,2000.0,medium
12424,2023-12-23,Fort lauderdale,Florida,"Prelim information (INFO) from federal aviation administration (FAA) af operations (OPS): fort lauderdale, flight level (FL) / unmanned aircraft systems (UAS) sighting/1034e/miami terminal radar approach control (TRACON) advised, b752, atl-fll, reported a red and blue unmanned aircraft systems (UAS) 200 feet above aircraft (ACFT) while E bound at 4,000 feet 20 W fll.No evasive action reported.Broward county sheriff notified.",2023-12-23T10:34:00Z,26.072583,-80.452778,4200.0,medium
12425,2023-12-23,Teterboro,New jersey,"Prelim information (INFO) from federal aviation administration (FAA) operations (OPS): teterboro, nj / unmanned aircraft systems (UAS) sighting/1100e/teterboro airport traffic control tower (ATCT) advised, embraer e55p, reported a black and white unmanned aircraft systems (UAS) 500 feet above while ene bound at 1,500 feet 7 sw teb.No evasive action taken. Teterboro airport (ARPT) operations notified.",2023-12-23T11:00:00Z,40.8069,-74.1234,1500.0,medium
12426,2023-12-23,Fort lauderdale,Florida,"Prelim information (INFO) from federal aviation administration (FAA) af operations (OPS): fort lauderdale, flight level (FL) / unmanned aircraft systems (UAS) sighting/1350e/miami airport traffic control tower (ATCT) advised, a321, bwi-fll, reported a blue unmanned aircraft systems (UAS) from the 3 of the clock position while E bound at 3,600 feet 13 W fll.No evasive action taken.Boward county sheriff notified.",2023-12-23T13:50:00Z,26.072583,-80.372778,3600.0,medium
12427,2023-12-25,Las vegas,Nevada,"Prelim information (INFO) from federal aviation administration (FAA) operations (OPS): las vegas, nv / unmanned aircraft systems (UAS) sighting/2155p/las vegas airport traffic control tower (ATCT) advised, helo, reported unmanned aircraft systems (UAS) while N bound at 3,00 feet 1 N las.No evasive action taken.Las vegas pd notified.",2023-12-25T21:55:00Z,36.084,-115.1537,3000.0,medium
12428,2023-12-26,Orlando,Florida,"Prelim information (INFO) from federal aviation administration (FAA) operations (OPS): orlando, flight level (FL) / unmanned aircraft systems (UAS) sighting/1452e/kissimmee gateway airport traffic control tower (ATCT) advised, robinson r44, reported a small black unmanned aircraft systems (UAS) while northwest (NW) bound at 600 feet 4 W kissimmee gateway airport (ARPT), orlando.No evasive action reported..",2023-12-26T14:52:00Z,28.3089,-81.5158,600.0,medium
12429,2023-12-27,New braunfels,Texas,"Prelim information (INFO) from federal aviation administration (FAA) operations (OPS): new braunfels, transmitter (TX) / unmanned aircraft systems (UAS) sighting/1129c/new braunfels fct advised, cessna c172, baz-baz, reported a black unmanned aircraft systems (UAS) while se bound at 2,500 feet 6 northwest (NW) baz.No evasive action taken.New braunfels pd notified.",2023-12-27T11:29:00Z,29.7803,-98.2289,2500.0,medium
12430,2023-12-27,Chicago,Illinois,"Prelim information (INFO) from federal aviation administration (FAA) af operations (OPS): chicago, il / unmanned aircraft systems (UAS) sighting/1342c/chicago terminal radar approach control (TRACON) advised, b78x, amsterdam, netherlands (EHAM)-ord, reported an unmanned aircraft systems (UAS) while E bound at 5,100 feet 25 W ord.No evasive action reported.Fbi notified.",2023-12-27T13:42:00Z,41.9786,-88.2918,5100.0,medium
12431,2023-12-27,Gulf shores,Alabama,"Prelim information (INFO) from federal aviation administration (FAA) operations (OPS): gulf shores, al / unmanned aircraft systems (UAS) sighting/1430c/gulf shores fct advised, cessna c172, reported a unmanned aircraft systems (UAS) 300 feet below aircraft (ACFT) while W bound at 1,500 feet 3 northwest (NW) jka.No evasive action taken.Gulf shores pd notified.",2023-12-27T14:30:00Z,30.3006,-87.7086,1200.0,medium
12432,2023-12-27,Chicago,Illinois,"Prelim information (INFO) from federal aviation administration (FAA) af operations (OPS): chicago, il / unmanned aircraft systems (UAS) sighting/1737c/chicago terminal radar approach control facility (TRACON) advised, a319, gpi-ord, reported a yellow unmanned aircraft systems (UAS) from the 12 of the clock position while E bound at 5,000 feet 25 W ord.No evasive maneuvers reported.Chicago fbi notified.",2023-12-27T17:37:00Z,41.9786,-88.2486,5000.0,medium
12433,2023-12-28,Salt lake city,Utah,"Prelim information (INFO) from federal aviation administration (FAA) operations (OPS): salt lake city, ut / unmanned aircraft systems (UAS) sighting/1014m/salt lake city artcc advised, gulfstream aerospace glf4, slc-special use airspace (SUA), reported a white unmanned aircraft systems (UAS) from the 1 of the clock position while E bound at fl180 15 no earlier (NE) wasatch vor collocated with tacan (VORTAC) (TCH).No evasive action taken.Davis county pd notified.",2023-12-28T10:14:00Z,41.2636,-112.3075,18000.0,medium
12434,2023-12-28,Palm springs,California,"Prelim information (INFO) from federal aviation administration (FAA) operations (OPS): palm springs, ca / unmanned aircraft systems (UAS) sighting/1005p/palm springs airport traffic control tower (ATCT) advised, a320, sfo-psp, reported a unmanned aircraft systems (UAS) 250 feet off the left side at unkn altitude vcnty psp.No evasive action taken.Leo notification not reported.",2023-12-28T22:05:00Z,33.8303,-116.5067,,medium
12435,2023-12-28,San antonio,Texas,"Prelim information (INFO) from federal aviation administration (FAA) operations (OPS): san antonio, tx / unmanned aircraft systems (UAS) sighting/1205c/san antonio airport traffic control tower (ATCT) advised, diamond da40, ssf-ssf, reported an unmanned aircraft systems (UAS) from the 12 of the clock position while northwest (NW) bound at 2,000 feet 42 S sat.No evasive action taken.Pleasanton pd notified.",2023-12-28T12:05:00Z,28.7519,-98.7242,2000.0,medium
12436,2023-12-28,Anchorage,Alaska,"Prelim information (INFO) from federal aviation administration (FAA) operations (OPS): anchorage, ak / unmanned aircraft systems (UAS) sighting/1142l/anchorage terminal radar approach control facility (TRACON) advised, b739, sea-anc, reported a red unmanned aircraft systems (UAS) 500 feet below while wnw bound at 9,000 feet 10 W anc.No evasive action taken.Apd notified.",2023-12-28T11:42:00Z,61.2180556,-150.1755556,9000.0,medium
12437,2023-12-29,Yardley,Pennsylvania,"Prelim information (INFO) from federal aviation administration (FAA) operations (OPS): yardley, public address (PA) / unmanned aircraft systems (UAS) sighting/0918e/philadelphia terminal radar approach control (TRACON) advised, a21n, mia-phl, reported a black unmanned aircraft systems (UAS) from the 10 of the clock position while W bound at 2,700 feet 21 ssw yrd.No evasive action taken. Phl airport (ARPT) pd notified.",2023-12-29T09:18:00Z,40.0594,-74.9486,2700.0,medium
12438,2023-12-29,Baltimore,Maryland,"Prelim information (INFO) from federal aviation administration (FAA) operations (OPS): baltimore, md / unmanned aircraft systems (UAS) sighting/1538e/potomac terminal radar approach control (TRACON) advised, cessna c82r, reported a black unmanned aircraft systems (UAS) from the 11 of the clock position while W bound at 1,700 feet 15 W bwi.No evasive action taken.Montgomery county pd notified.",2023-12-29T15:38:00Z,39.1666,-76.9166,1700.0,medium
12439,2023-12-29,San francisco,California,"Prelim information (INFO) from federal aviation administration (FAA) operations (OPS): san francisco, ca / unmanned aircraft systems (UAS) sighting/1342p/san francisco airport traffic control tower (ATCT) advised, crj9, edmonton, canada (CYEG)-sfo, reported a white / orange unmanned aircraft systems (UAS) from the 3 of the clock position while S bound at 1,400 feet 4 N sfo.No evasive action reported.Sfpd notified.",2023-12-29T13:42:00Z,37.6611,-122.397,1400.0,medium
12440,2023-12-29,New york,New york,"Prelim information (INFO) from federal aviation administration (FAA) af operations (OPS): new york, ny / unmanned aircraft systems (UAS) sighting/1645e/new york terminal radar approach control (TRACON) advised, a320, rsw-lga, reported an unmanned aircraft systems (UAS) from the 3 of the clock position while no earlier (NE) bound at 4,000 feet 5 S lga.No evasive action taken.Nypd aviation unit notified.",2023-12-29T16:45:00Z,40.7128,-73.8594,4000.0,medium
12441,2023-12-30,San antonio,Texas,"Prelim information (INFO) from federal aviation administration (FAA) operations (OPS): san antonio, tx / unmanned aircraft systems (UAS) incident/1605c/san antonio approach (APCH) advised, pilatus pc12, reported passing a red and white unmanned aircraft systems (UAS) with camera while climbing through 3,000 feet 8 ssw sat.No evasive action reported. Sat airport traffic control tower (ATCT) avoided vectoring aircraft (ACFT) to the west for approximately (APPROX) 30 minutes. San antonio pd notified.",2023-12-30T16:05:00Z,29.2633,-98.4862,3000.0,medium
12442,2023-12-30,Sarasota-bradenton,Florida,"Prelim information (INFO) from federal aviation administration (FAA) operations (OPS): sarasota-bradenton, flight level (FL) / unmanned aircraft systems (UAS) sighting/1812e/sarasota airport traffic control tower (ATCT) advised, robinson r44, srq-srq, reported a red and green unmanned aircraft systems (UAS) from the 12 of the clock position while S bound at 400 feet 4 S srg.No evasive maneuvers reported.Sarasota county sheriff notified.",2023-12-30T18:12:00Z,27.3391,-82.5447,400.0,medium
12443,2023-12-31,Camp springs,Maryland,"Prelim information (INFO) from federal aviation administration (FAA) operations (OPS): camp springs, md / unmanned aircraft systems (UAS) sighting/1239e/adw advised, md500,-adw, reported a unmanned aircraft systems (UAS) while N bound at 1,000 feet 6 N adw.No evasive action taken.Local leo notified.",2023-12-31T12:39:00Z,38.8611,-76.8747,1000.0,medium
12444,2023-12-31,New orleans,Louisiana,"Prelim information (INFO) from federal aviation administration (FAA) operations (OPS): new orleans, la / unmanned aircraft systems (UAS) sighting/1233c/msy airport traffic control tower (ATCT) advised, c55b, reported a gray unmanned aircraft systems (UAS) from the 9 of the clock position while S bound at 1,500 feet 4 S new.No evasive action taken.New orleans pd notified.",2023-12-31T12:33:00Z,29.9533,-90.0777,1500.0,medium
12445,2023-12-31,Miami,Florida,"Prelim information (INFO) from federal aviation administration (FAA) af operations (OPS): miami, flight level (FL) / unmanned aircraft systems (UAS) sighting/1352e/opa-locka airport traffic control tower (ATCT) advised, embraer e550, lrd-opf, reported a unmanned aircraft systems (UAS) from the 9 of the clock position while W bound at 1,000 feet 2 E opf.No evasive action taken.Miami dade pd notified.",2023-12-31T13:52:00Z,25.9072,-80.2522,1000.0,medium
12446,2023-12-31,Houston,Texas,"Prelim information (INFO) from federal aviation administration (FAA) operations (OPS): houston, tx / unmanned aircraft systems (UAS) sighting/1313c/houston terminal radar approach control (TRACON) advised, e145, tul-iah, reported 2 black and white unmanned aircraft systems (UAS) from the 2 O clock position while E bound vcnty iah at 3,000 feet.No evasive action taken.Houston fbi notified.",2023-12-31T13:13:00Z,29.9844,-95.3414,3000.0,medium
15065,2024-04-01,Dallas-fort worth,Texas,"Prelim information (INFO) from federal aviation administration (FAA) operations (OPS): dallas-fort worth, tx / unmanned aircraft systems (UAS) sighting/1857c/dallas-ft worth airport traffic control tower (ATCT) advised, e170, avl-dfw, reported a black unmanned aircraft systems (UAS) from the 9 of the clock position while S bound at 1,400 feet 4.9 nne (TTT) maverick vor collocated with tacan (VORTAC).No evasive action taken.Dfw airport dps notified.",2024-04-01T18:57:00Z,32.9639,-97.0556,1400.0,medium
15066,2024-04-01,Detroit,Michigan,"Prelim information (INFO) from federal aviation administration (FAA) operations (OPS): detroit, mile (MI) / unmanned aircraft systems (UAS) incident/1528e/willow run airport traffic control tower (ATCT) advised, diamond da40, reported a unmanned aircraft systems (UAS) from the 1 of the clock position while S bound at 2,000 feet 3 nnw yip. Pic turned to avoid collision.Canton township pd notified.",2024-04-01T00:00:00Z,42.2678,-83.5644,2000.0,medium
15067,2024-04-01,Los angeles,California,"Prelim information (INFO) from federal aviation administration (FAA) operations (OPS): los angeles, ca / unmanned aircraft systems (UAS) sighting/1349m/socal terminal radar approach control (TRACON) advised, a319, den-lax, reported a unmanned aircraft systems (UAS) from the 12 of the clock position while wsw bound at 6,900 feet 22 ene lax.No evasive action taken. Lapd air division notified.",2024-04-01T13:49:00Z,34.1397,-117.9103,6900.0,medium
15068,2024-04-01,Portland,Oregon,"Prelim information (INFO) from federal aviation administration (FAA) operations (OPS): portland, or / unmanned aircraft systems (UAS) sighting/1144p/portland airport traffic control tower (ATCT) advised, e75l, sts-pdx, reported a white unmanned aircraft systems (UAS) from the 9 of the clock position while ssw bound at 1,300 feet 5 E pdx.No evasive action taken.Port of portland pd notified.",2024-04-01T23:44:00Z,45.5722,-122.5486,1300.0,medium
15069,2024-04-02,Miami,Florida,"Prelim information (INFO) from federal aviation administration (FAA) operations (OPS): miami, flight level (FL) / unmanned aircraft systems (UAS) sighting/1815e/tamiami airport traffic control tower (ATCT) advised, diamond da20, tmb-miami, flight level (FL) (fa35), reported a red unmanned aircraft systems (UAS) while no earlier (NE) bound at 1,000 feet 6 wsw tmb.No evasive action taken.Miami pd notified.",2024-04-02T18:15:00Z,25.6333,-80.5167,1000.0,medium
15070,2024-04-02,Oakland,California,"Prelim information (INFO) from federal aviation administration (FAA) af operations (OPS): oakland, ca / unmanned aircraft systems (UAS) sighting/1828p/norcal terminal radar approach control facility (TRACON) advised, cirrus sr22, reported a unmanned aircraft systems (UAS) from the 10 of the clock position while sw bound at 1,000 feet 13 northwest (NW) oak.No evasive action taken.Tiburon pd notified.",2024-04-02T18:28:00Z,37.9095,-122.5159,1000.0,medium
15071,2024-04-02,Tampa,Florida,"Prelim information (INFO) from federal aviation administration (FAA) operations (OPS): tampa, flight level (FL) / unmanned aircraft systems (UAS) sighting/2003e/tampa approach (APCH) advised, a21n, dtw-tpa, reported unmanned aircraft systems (UAS) from the 3 of the clock position while S bound at 800 feet 2 N tpa.No evasive action taken. Hillsborough county sheriff department (DEPT) notified.",2024-04-02T20:03:00Z,27.9917,-82.3594,800.0,medium
15072,2024-04-02,West palm beach,Florida,"Prelim information (INFO) from federal aviation administration (FAA) operations (OPS): west palm beach, flight level (FL) / unmanned aircraft systems (UAS) sighting/1210e/miami artcc advised, a320, ric-fll, reported unmanned aircraft systems (UAS) while ssw bound at 13,000 feet 15 E pbi.No evasive action taken.Palm beach county sheriff notified.",2024-04-02T12:10:00Z,26.5833,-80.0083,13000.0,medium
15073,2024-04-03,Denver,Colorado,"Prelim information (INFO) from federal aviation administration (FAA) operations (OPS): denver, central office (CO) / unmanned aircraft systems (UAS) sighting/1705m/denver terminal radar approach control (TRACON) advised, embraer e55p, reported a metallic object from the 12 of the clock position while N bound at 8,500 feet 12 S apa.No evasive actions taken. Denver airport (ARPT) pd notified.",2024-04-03T00:00:00Z,39.5701,-104.8494,8500.0,medium
15074,2024-04-03,Lubbock,Texas,"Prelim information (INFO) from federal aviation administration (FAA) operations (OPS): lubbock, tx / unmanned aircraft systems (UAS) sighting/1736c/lubbock airport traffic control tower (ATCT) advised, piper p28a, reported unmanned aircraft systems (UAS) while se bound at 5,000 feet 8 wnw lbb.No evasive action taken.Lubbock county sheriff notified.",2024-04-03T17:36:00Z,33.6944,-102.0831,5000.0,medium
15075,2024-04-05,Birmingham,Alabama,"Prelim information (INFO) from federal aviation administration (FAA) operations (OPS): birmingham, al / unmanned aircraft systems (UAS) sighting/1845c/birmingham airport traffic control tower (ATCT) advised, b738, atl-bhm, reported a green unmanned aircraft systems (UAS) while ene bound at 2,000 feet 7 wsw bhm.No evasive action taken.No leo notification reported.",2024-04-05T18:45:00Z,33.5033,-86.8278,2000.0,medium
15076,2024-04-05,Houston,Texas,"Prelim information (INFO) from federal aviation administration (FAA) operations (OPS): houston, tx / unmanned aircraft systems (UAS) sighting/1254c/houston terminal radar approach control (TRACON) advised, american aa1, hou-hou, reported a unmanned aircraft systems (UAS) 300 feet below the aircraft (ACFT) while W bound at 2,100 feet 3 S hou.No evasive action.Houston fbi notified.",2024-04-05T12:54:00Z,29.6201,-95.2937,2100.0,medium
15077,2024-04-05,Houston,Texas,"Prelim information (INFO) from federal aviation administration (FAA) operations (OPS): houston, tx / unmanned aircraft systems (UAS) sighting/1645c/houston terminal radar approach control facility (TRACON) advised, beech be20, reported a unmanned aircraft systems (UAS) while nne bound at 5,000 feet 10 W hou.No evasive action taken.Fbi notified.",2024-04-05T16:45:00Z,29.8333,-95.5833,5000.0,medium
15078,2024-04-05,Miami,Florida,"Prelim information (INFO) from federal aviation administration (FAA) operations (OPS): miami, flight level (FL) / unmanned aircraft systems (UAS) sighting/0919e/miami terminal radar approach control (TRACON) advised, a319, tpa-mia, reported a blue and black unmanned aircraft systems (UAS) at the 3 of the clock position while northwest (NW) bound at 1,800 feet 4.5 se mia.Miami dade pd notified.",2024-04-05T09:19:00Z,25.7617,-80.1918,1800.0,medium
15079,2024-04-05,New york,New york,"Prelim information (INFO) from federal aviation administration (FAA) operations (OPS): new york, ny / unmanned aircraft systems (UAS) sighting/1557e/new york terminal radar approach control (TRACON) advised, crj9, lga-montreal, canada (CYUL), reported a red and black unmanned aircraft systems (UAS) while N bound at 8,000 feet 5 S lga.No evasive action taken.New york aviation unit notified.",2024-04-05T15:57:00Z,40.7128,-73.978,8000.0,medium
15080,2024-04-06,Byron,California,"Prelim information (INFO) from federal aviation administration (FAA) operations (OPS): byron, conflict alert (CA) / unmanned aircraft systems (UAS) sighting/1100p/norcal terminal radar approach control (TRACON) advised, piper p28a, reported a unmanned aircraft systems (UAS) at the 3 of the clock position while northwest (NW) bound at 3,200 feet 5 W c83.No evasive action taken.Costa county sheriff notified.",2024-04-06T23:00:00Z,37.8283,-121.6967,3200.0,medium
15081,2024-04-06,Chicago,Illinois,"Prelim information (INFO) from federal aviation administration (FAA) operations (OPS): chicago, il / unmanned aircraft systems (UAS) sighting/1525c/midway airport traffic control tower (ATCT) advised, b737, mco-mdw, reported two white unmanned aircraft systems (UAS) at the 3 of the clock position while no earlier (NE) bound at 2,000 feet 5 sw mdw.No evasive action taken.Chicago pd helicopter1 notified.",2024-04-06T15:25:00Z,41.7464,-87.8089,2000.0,medium
15082,2024-04-06,Columbus,Ohio,"Prelim information (INFO) from federal aviation administration (FAA) operations (OPS): columbus, oh / unmanned aircraft systems (UAS) sighting/1605e/columbus airport traffic control tower (ATCT) advised, crj9, toronto, canada (CYYZ)-cmh, reported a unmanned aircraft systems (UAS) at the 12 of the clock position 500 feet below while W bound at 2,500 feet 8 E cmh.No evasive action taken.Ohio state highway patrol notified.",2024-04-06T16:05:00Z,39.9968,-82.7658,2500.0,medium
15083,2024-04-06,Fairfield,California,"Prelim information (INFO) from federal aviation administration (FAA) operations (OPS): fairfield, ca / unmanned aircraft systems (UAS) sighting/1515p/travis air force base (AFB) advised, type unkn, reported a unmanned aircraft systems (UAS) from 200 feet below aircraft (ACFT) while S bound at 2,300 feet 3.9 nnw suu.No evasive action taken.Base security notified.",2024-04-06T15:15:00Z,38.3015,-121.9395,2100.0,medium
15084,2024-04-06,Houston,Texas,"Prelim information (INFO) from federal aviation administration (FAA) operations (OPS): houston, tx / unmanned aircraft systems (UAS) sighting/1215c/houston terminal radar approach control (TRACON) advised, bcs3, montreal, canada (CYUL)-iah, reported a unmanned aircraft systems (UAS) while sw bound at 12,500 feet 35 no earlier (NE) iah.No evasive action taken.Fbi notified.",2024-04-06T12:15:00Z,30.1667,-95.5667,12500.0,medium
15085,2024-04-06,Indianapolis,Indiana,"Prelim information (INFO) from federal aviation administration (FAA) operations (OPS): indianapolis, in / unmanned aircraft systems (UAS) sighting/1508e/indianapolis airport traffic control tower (ATCT) advised, diamond da40, ind-ind, reported a unmanned aircraft systems (UAS) 400 feet below aircraft (ACFT) from the 9 of the clock position while se bound at 2,400 feet 8 se brickyard very high frequency omnidirectional range (VOR).No evasive action reported. Indianapolis airport (ARPT) pd notified.",2024-04-06T15:08:00Z,39.7589,-86.1036,2400.0,medium
15086,2024-04-06,Londonderry,New hampshire,"Prelim information (INFO) from federal aviation administration (FAA) operations (OPS): londonderry, nh / unmanned aircraft systems (UAS) sighting/1622e/manchester airport traffic control tower (ATCT) advised, cessna c68a, apf-mht, reported a black unmanned aircraft systems (UAS) below their 3 of the clock position while N bound at 1,500 feet vcnty londonderry fix (MNTIN).No evasive action taken.New hampshire state pd notified.",2024-04-06T16:22:00Z,42.8713,-71.4356,1500.0,medium
15087,2024-04-06,Nashville,Tennessee,"Prelim information (INFO) from federal aviation administration (FAA) operations (OPS): nashville, tn / unmanned aircraft systems (UAS) sighting/1310c/nashville airport traffic control tower (ATCT) advised, a320, fll-bna, reported a black unmanned aircraft systems (UAS) 500 feet below their 12 of the clock position while nne bound at 1,500 feet 3 ssw bna.No injuries reported. Metro nashville airport (ARPT) authority notified.",2024-04-06T13:10:00Z,36.0839,-86.6917,1000.0,medium
15088,2024-04-06,San jose,California,"Prelim information (INFO) from federal aviation administration (FAA) operations (OPS): san jose, ca / unmanned aircraft systems (UAS) sighting/2127p/socal terminal radar approach control (TRACON) advised, b737, den-sjc, reported a unmanned aircraft systems (UAS) from 100 feet below aircraft (ACFT) while wnw bound at 500 feet 2 se sjc.No evasive action taken. San jose pd notified.",2024-04-06T21:27:00Z,37.3506,-121.9229,500.0,medium
15089,2024-04-06,St louis,Missouri,"Prelim information (INFO) from federal aviation administration (FAA) operations (OPS): st louis, mo / unmanned aircraft systems (UAS) sighting/1535c/st louis terminal radar approach control (TRACON) advised, crj7, bottle (BTL)-stl, reported a lime green unmanned aircraft systems (UAS) while northwest (NW) bound at 4,000 feet 7 N of cardinal distance measuring equipment (DME).No evasive action taken.St louis pd notified.",2024-04-06T15:35:00Z,38.8214,-90.4724,4000.0,medium
15090,2024-04-06,Tucson,Arizona,"Prelim information (INFO) from federal aviation administration (FAA) operations (OPS): tucson, az / unmanned aircraft systems (UAS) sighting/0927m/tucson terminal radar approach control (TRACON) advised, f16, reported a red unmanned aircraft systems (UAS) from their 12 of the clock position while S bound at 8,000 feet 22 ese tus.No evasive action taken.Leo notification not reported.",2024-04-06T09:27:00Z,32.0167,-110.5833,8000.0,medium
15091,2024-04-07,Casanova,Virginia,"Prelim information (INFO) from federal aviation administration (FAA) operations (OPS): casanova, va / unmanned aircraft systems (UAS) incident/2106e/potomac terminal radar approach control (TRACON) advised, b39m, lax-iad, reported a unmanned aircraft systems (UAS) while E bound at 5,000 feet 5 E casanova very high frequency omnidirectional range (VOR).Evasive action was taken.Faquier county sheriff notified.",2024-04-07T00:00:00Z,38.6361,-77.6722,5000.0,medium
15092,2024-04-07,Chantilly,Virginia,"Prelim information (INFO) from federal aviation administration (FAA) af operations (OPS): chantilly, va / unmanned aircraft systems (UAS) sighting/1857e/potomac terminal radar approach control (TRACON) advised, cirrus s22t, reported a white unmanned aircraft systems (UAS) while S bound at 6,000 feet 25 northwest (NW) iad.No evasive action taken.Leo notification not reported.",2024-04-07T18:57:00Z,39.1786,-77.8644,6000.0,medium
15093,2024-04-07,Detroit,Michigan,"Prelim information (INFO) from federal aviation administration (FAA) af operations (OPS): detroit, mile (MI) / unmanned aircraft systems (UAS) sighting/1623e/detroit terminal radar approach control (TRACON) advised, a343, dtw-frankfurt, germany (EDDF), reported unmanned aircraft systems (UAS) while no earlier (NE) bound at 6,600 feet 16 N dtw.No evasive action taken.Michigan state pd notified.",2024-04-07T16:23:00Z,42.5086,-83.0466,6600.0,medium
15094,2024-04-07,Robbinsville,New jersey,"Prelim information (INFO) from federal aviation administration (FAA) operations (OPS): robbinsville, nj / unmanned aircraft systems (UAS) sighting/1250e/new york terminal radar approach control (TRACON) advised, e75s, rdu-lga, reported a unmanned aircraft systems (UAS) while no earlier (NE) bound at 8,000 feet 6 N rbv.No evasive action taken.New jersey state pd notified.",2024-04-07T12:50:00Z,40.2397,-74.5967,8000.0,medium
15095,2024-04-07,Vero beach,Florida,"Prelim information (INFO) from federal aviation administration (FAA) af operations (OPS): vero beach, flight level (FL) / unmanned aircraft systems (UAS) sighting/1700e/miami artcc advised, cirrus sr22, opf-unkn, reported a unmanned aircraft systems (UAS) from the 12 oâ€™clock position while N bound at 6,500 feet 10 sw trv.No evasive action taken.Vero beach sheriff notified.",2024-04-07T17:00:00Z,27.5833,-80.55,6500.0,medium
15096,2024-04-08,Albuquerque,New mexico,"Prelim information (INFO) from federal aviation administration (FAA) operations (OPS): albuquerque, nautical mile (NM) / unmanned aircraft systems (UAS) sighting/2114m/albuquerque airport traffic control tower (ATCT) advised, c130, reported a unmanned aircraft systems (UAS) from the 12 of the clock position while E bound at 6,400 feet 5 E abq.No evasive action taken. Nm state pd notified.",2024-04-08T21:14:00Z,35.0494,-106.5414,6400.0,medium
15097,2024-04-08,Chantilly,Virginia,"Prelim information (INFO) from federal aviation administration (FAA) operations (OPS): chantilly, va / unmanned aircraft systems (UAS) sighting/2032e/potomac terminal radar approach control (TRACON) advised, b38m, charlotte amalie, st. thomas, usvi (TIST)-iad, reported a unmanned aircraft systems (UAS) while W bound at 3,500 feet 15 nne iad.No evasive action taken.Montgomery county pd notified.",2024-04-08T20:32:00Z,39.1786,-77.3756,3500.0,medium
15098,2024-04-08,Fort lauderdale,Florida,"Prelim information (INFO) from federal aviation administration (FAA) operations (OPS): fort lauderdale, flight level (FL) / unmanned aircraft systems (UAS) sighting/1228e/fort lauderdale airport traffic control tower (ATCT) advised, b752, atl-fll, reported a black and white unmanned aircraft systems (UAS) 300 feet above aircraft (ACFT) while W bound at 1,800 feet 5 W fll.No evasive action reported.Broward county sheriff notified.",2024-04-08T12:28:00Z,26.072583,-80.239722,2100.0,medium
15099,2024-04-08,Huguenot,New york,"Prelim information (INFO) from federal aviation administration (FAA) operations (OPS): huguenot, ny / unmanned aircraft systems (UAS) sighting/1945e/new york artcc advised, e75s, lga-toronto, canada (CYYZ), reported a black unmanned aircraft systems (UAS) while N bound at fl190 16 se huguenot very high frequency omnidirectional range (VOR).No evasive action taken.New york state pd notified.",2024-04-08T19:45:00Z,41.3203,-74.5097,19000.0,medium
15100,2024-04-08,Palmdale,California,"Prelim information (INFO) from federal aviation administration (FAA) operations (OPS): palmdale, ca / unmanned aircraft systems (UAS) sighting/1400p/joshua control facility advised, dassault fa7x, reported a black unmanned aircraft systems (UAS) while wsw bound at 8,000 feet 12 wsw palmdale vor collocated with tacan (VORTAC).No evasive action taken.Los angeles county sheriff notified.",2024-04-08T21:00:00Z,34.5214,-118.2856,8000.0,medium
15101,2024-04-08,St louis,Missouri,"Prelim information (INFO) from federal aviation administration (FAA) operations (OPS): st louis, mo / unmanned aircraft systems (UAS) sighting/1750c/st louis terminal radar approach control (TRACON) advised, b737, reported a white and orange unmanned aircraft systems (UAS) while E bound at 1,800 feet 4 E cardinal distance measuring equipment (DME).No evasive action taken.St louis pd notified.",2024-04-08T17:50:00Z,38.7486,-90.3123,1800.0,medium
15102,2024-04-08,Syracuse,New york,"Prelim information (INFO) from federal aviation administration (FAA) operations (OPS): syracuse, ny / unmanned aircraft systems (UAS) sighting/1510e/syracuse airport traffic control tower (ATCT) advised, helo, reported a unmanned aircraft systems (UAS) from the 3 oâ€™clock position while S bound at 1,000 feet 8 S syr.No evasive action taken.Leos notified.",2024-04-08T15:10:00Z,42.9649,-76.1474,1000.0,medium
15103,2024-04-08,Wichita falls,Texas,"Prelim information (INFO) from federal aviation administration (FAA) operations (OPS): wichita falls, tx / unmanned aircraft systems (UAS) incident/1335c/sheppard air force base (AFB) advised, t6, sps-sps, reported a unmanned aircraft systems (UAS) while operating inside the moa at 10,000 feet 28 northwest (NW) sps. Acft took evasive action to avoid the unmanned aircraft systems (UAS).Base security notified.",2024-04-08T13:35:00Z,34.1636,-98.9561,10000.0,medium
15104,2024-04-09,Van nuys,California,"Prelim information (INFO) from federal aviation administration (FAA) operations (OPS): van nuys, conflict alert (CA) / unmanned aircraft systems (UAS) sighting/1654p/socal terminal radar approach control (TRACON) advised, cessna c172, reported a unmanned aircraft systems (UAS) while northwest (NW) bound at 6,500 feet 8 S vny.No evasive action taken. Los angeles air support unit notified.",2024-04-09T16:54:00Z,34.1494,-118.4912,6500.0,medium
15105,2024-04-10,Elizabethtown,North carolina,"Prelim information (INFO) from federal aviation administration (FAA) af operations (OPS): elizabethtown, nc / unmanned aircraft systems (UAS) sighting/1122e/fayetteville airport traffic control tower (ATCT) advised, piper pa46, observed a unmanned aircraft systems (UAS) 100 feet above while southwest bound at 8,500 feet, 3 E elizabethtown.No evasive action reported.No leo notification provided.",2024-04-10T11:22:00Z,34.6281,-78.5453,8500.0,medium
15106,2024-04-10,Miami,Florida,"Prelim information (INFO) from federal aviation administration (FAA) operations (OPS): miami, flight level (FL) / unmanned aircraft systems (UAS) sighting/1947e/miami airport traffic control tower (ATCT) advised, b738, mia-jax, reported a white unmanned aircraft systems (UAS) below their 12 of the clock position while E bound at 1,500 feet 4 E mia.No evasive action taken.Miami-dade pd notified.",2024-04-10T19:47:00Z,25.8058,-80.2076,1500.0,medium
15107,2024-04-10,Oakland,California,"Prelim information (INFO) from federal aviation administration (FAA) operations (OPS): oakland, ca / unmanned aircraft systems (UAS) sighting/1828p/norcal terminal radar approach control (TRACON) advised, cessna c550, fch-oak, reported a white unmanned aircraft systems (UAS) at the 12 of the clock position while wnw bound at 7,000 feet 22 E oak.No evasive action taken.Alameda county sheriff notified.",2024-04-10T18:28:00Z,37.8962,-121.7569,7000.0,medium
15108,2024-04-10,San diego,California,"Prelim information (INFO) from federal aviation administration (FAA) operations (OPS): san diego, ca / unmanned aircraft systems (UAS) sighting/2236p/san diego airport traffic control tower (ATCT) advised, b38m, ewr-san, reported a unmanned aircraft systems (UAS) 200 feet above their 1 of the clock position while W bound at 300 feet 1 E san. Uas reported to have been operating in the vcnty of the balboa air and space museum.No evasive action taken. San diego harbor pd notified.",2024-04-10T22:36:00Z,32.7338,-117.1933,500.0,medium
15109,2024-04-10,St petersburg-clearwater,Florida,"Prelim information (INFO) from federal aviation administration (FAA) operations (OPS): st petersburg-clearwater, flight level (FL) / unmanned aircraft systems (UAS) sighting/1528e/st pete-clearwater airport traffic control tower (ATCT) advised, c700, sav-pie, observed a white unmanned aircraft systems (UAS) from the 3 of the clock position 200 feet below aircraft (ACFT) while eastbound at 1,600 feet 5 N pie.No evasive action reported.Pinellas county sheriff notified.",2024-04-10T15:28:00Z,27.9375,-82.6875,1600.0,medium
15110,2024-04-11,Ontario,California,"Prelim information (INFO) from federal aviation administration (FAA) operations (OPS): ontario, ca / unmanned aircraft systems (UAS) sighting/1734p/ontario airport traffic control tower (ATCT) advised, a321, dfw-ont, reported a silver unmanned aircraft systems (UAS) at the 9 of the clock position while W bound at 3,400 feet 8 E ont.No evasive action taken.Ontario pd notified.",2024-04-11T17:34:00Z,34.0633,-117.4358,3400.0,medium
15111,2024-04-12,Memphis,Tennessee,"Prelim information (INFO) from federal aviation administration (FAA) operations (OPS): memphis, tn / unmanned aircraft systems (UAS) sighting/1522c/memphis terminal radar approach control (TRACON) advised, beech be30, auo-m01, reported a white unmanned aircraft systems (UAS) at the 9 of the clock position while nnw bound at 2,500 feet 13 nnw mem.No evasive action taken.Bartlett pd (operator # 498) notified.",2024-04-12T15:22:00Z,35.2492,-90.0647,2500.0,medium
15112,2024-04-12,Pensacola,Florida,"Prelim information (INFO) from federal aviation administration (FAA) operations (OPS): pensacola, flight level (FL) / unmanned aircraft systems (UAS) sighting/2105c/pensacola terminal radar approach control (TRACON) advised, helo, reported a red and green unmanned aircraft systems (UAS) 150 feet below their 9 of the clock position while nne bound at 500 feet 9 sse pns.No evasive action taken.Escambia county sheriff's office notified.",2024-04-12T21:05:00Z,30.3333,-87.3167,350.0,medium
15113,2024-04-12,Rochester,New york,"Prelim information (INFO) from federal aviation administration (FAA) operations (OPS): rochester, ny / unmanned aircraft systems (UAS) sighting/1950e/rochester airport traffic control tower (ATCT) advised, b752, mem-regional operations center (ROC), reported a blue unmanned aircraft systems (UAS) 500 feet below aircraft (ACFT) while sw bound at 2,500 feet 5 no earlier (NE) regional operations center (ROC).No evasive action taken.Monroe county sheriff notified.",2024-04-12T19:50:00Z,43.1189,-77.6726,2000.0,medium
15114,2024-04-12,Washington,District of columbia,"Prelim information (INFO) from federal aviation administration (FAA) af operations (OPS): washington, dc / unmanned aircraft systems (UAS) sighting/1423e/potomac terminal radar approach control (TRACON) advised, socata tbm7, observed a unmanned aircraft systems (UAS) at 1 of the clock position while northbound at 5,200 feet, 40 no earlier (NE) dca.No evasive action reported.Baltimore county pd notified.",2024-04-12T14:23:00Z,39.0617,-76.9275,5200.0,medium
15115,2024-04-13,Chicago,Illinois,"Prelim information (INFO) from federal aviation administration (FAA) af operations (OPS): chicago, il / unmanned aircraft systems (UAS) sighting/1518c/chicago terminal radar approach control (TRACON) advised, b738, mci-mdw, reported a white unmanned aircraft systems (UAS) 500 feet below from the 12 of the clock position while N bound at 2,800 feet 5 E mdw.No evasive action taken.Leo notified.",2024-04-13T15:18:00Z,41.7667,-87.6667,2800.0,medium
15116,2024-04-13,Daytona beach,Florida,"Prelim information (INFO) from federal aviation administration (FAA) operations (OPS): daytona beach, flight level (FL) / unmanned aircraft systems (UAS) sighting/1226e/daytona beach airport traffic control tower (ATCT) advised, cessna c172, ssi-vqq, reported a unmanned aircraft systems (UAS) from the 9 of the clock position while wsw bound at 3,000 feet 3 ssw dab.No evasive action taken.Volusia county sheriff notified.",2024-04-13T12:26:00Z,29.1544,-81.0851,3000.0,medium
15117,2024-04-13,Fort lauderdale,Florida,"Prelim information (INFO) from federal aviation administration (FAA) operations (OPS): fort lauderdale, flight level (FL) / unmanned aircraft systems (UAS) sighting/1852e/miami airport traffic control tower (ATCT) advised, a321, clt-fll, reported a white unmanned aircraft systems (UAS) from the 3 of the clock position while S bound at 1,800 feet 10 W fll.No evasive action taken.Broward county sheriff notified.",2024-04-13T00:00:00Z,26.072583,-80.290278,1800.0,medium
15118,2024-04-13,Houston,Texas,"Prelim information (INFO) from federal aviation administration (FAA) operations (OPS): houston, tx / unmanned aircraft systems (UAS) sighting/1403c/houston terminal radar approach control facility (TRACON) advised, bombardier cl35, fredericksburg, tx (t82)-hou, reported a white unmanned aircraft systems (UAS) from the 10 of the clock position while E bound at 3,000 feet 12 wnw hou.No evasive action taken.Houston pd notified.",2024-04-13T14:03:00Z,29.8833,-95.7833,3000.0,medium
15119,2024-04-13,Houston,Texas,"Prelim information (INFO) from federal aviation administration (FAA) operations (OPS): houston, tx / unmanned aircraft systems (UAS) sighting/1519c/houston terminal radar approach control (TRACON) advised, cessna t210, new-iws, reported a unmanned aircraft systems (UAS) from 400 feet below the 9 of the clock position while W bound at 2,000 feet 7 northwest (NW) hou.No evasive action taken.Houston pd notified.",2024-04-13T15:19:00Z,29.8189,-95.5555,2000.0,medium
15120,2024-04-13,Leesburg,Florida,"Prelim information (INFO) from federal aviation administration (FAA) operations (OPS): leesburg, flight level (FL) / unmanned aircraft systems (UAS) incident/1827e/jacksonville airport traffic control tower (ATCT) advised, beech be55, [departure]-[arrival], reported a black unmanned aircraft systems (UAS) from the 12 of the clock position while N bound at 7,500 feet 3.5 N lee.Evasive action was taken.Lake county sheriff notified.",2024-04-13T18:27:00Z,28.8554,-81.8089,7500.0,medium
15121,2024-04-14,Atlanta,Georgia,"Prelim information (INFO) from federal aviation administration (FAA) operations (OPS): atlanta, general aviation (GA) / unmanned aircraft systems (UAS) sighting/1245e/atlanta terminal radar approach control facility (TRACON) advised, b739, dab-atl, reported unmanned aircraft systems (UAS) from the 2 of the clock position while wnw bound at 3,000 feet 11 E atl.No evasive action taken.Henry county sheriff notified.",2024-04-14T12:45:00Z,33.749,-84.1894,3000.0,medium
15122,2024-04-14,Atlanta,Georgia,"Prelim information (INFO) from federal aviation administration (FAA) af operations (OPS): atlanta, general aviation (GA) / unmanned aircraft systems (UAS) sighting/1823e/peachtree airport traffic control tower (ATCT) advised, piper p32r, reported a brown unmanned aircraft systems (UAS) from the 2 of the clock position while wsw at 2,600 feet 8 ene pdk.No evasive action taken.Chamblee pd notified.",2024-04-14T18:23:00Z,33.9375,-84.2964,2600.0,medium
15123,2024-04-14,Baltimore,Maryland,"Prelim information (INFO) from federal aviation administration (FAA) operations (OPS): balance (BAL) / unmanned aircraft systems (UAS) sighting/1431e/potomac terminal radar approach control (TRACON) advised, velocity velo, reported a black and silver unmanned aircraft systems (UAS) while S bound at 3,000 feet 10 W balance (BAL).No evasive action taken.Howard county sheriff notified.",2024-04-14T14:31:00Z,39.1754,-76.8684,3000.0,medium
15124,2024-04-14,Glendale,Arizona,"Prelim information (INFO) from federal aviation administration (FAA) af operations (OPS): glendale, az / unmanned aircraft systems (UAS) sighting/1305m/glendale airport traffic control tower (ATCT) advised, experimental van's rv4, geu-dvt, reported a unmanned aircraft systems (UAS) from the 2 oâ€™clock position while N bound at 2,900 feet 3 no earlier (NE) geu.No evasive action taken.Leos notified.",2024-04-14T13:05:00Z,33.5383,-112.2958,2900.0,medium
15125,2024-04-14,Madison,Wisconsin,"Prelim information (INFO) from federal aviation administration (FAA) operations (OPS): madison, wi / unmanned aircraft systems (UAS) sighting/1204c/madison airport traffic control tower (ATCT) advised, cessna c172, reported a unmanned aircraft systems (UAS) from the 7 oâ€™clock position while N bound at 3,000 feet 8 S msn.No evasive action taken.Dane county sheriff notified.",2024-04-14T12:04:00Z,43.0383,-89.3375,3000.0,medium
15126,2024-04-14,Miami,Florida,"Prelim information (INFO) from federal aviation administration (FAA) operations (OPS): miami, flight level (FL) / unmanned aircraft systems (UAS) sighting/1345e/miami terminal radar approach control facility (TRACON) advised, a321, mia-jfk, reported a unmanned aircraft systems (UAS) from the 3 oâ€™clock position while E bound at 1,500 feet 3 E mia.No evasive action taken.Mdpd notified.",2024-04-14T13:45:00Z,25.7932,-80.2906,1500.0,medium
15127,2024-04-14,Newark,New jersey,"Prelim information (INFO) from federal aviation administration (FAA) operations (OPS): newark, nj / unmanned aircraft systems (UAS) sighting/1705e/newark airport traffic control tower (ATCT) advised, b39m, lax-ewr, reported a unmanned aircraft systems (UAS) from the 1 oâ€™clock position while sw bound at 1,800 feet 5 no earlier (NE) ewr.No evasive action taken.Leo notification not reported.",2024-04-14T17:05:00Z,40.7128,-74.1766,1800.0,medium
15128,2024-04-14,Poughkeepsie,New york,"Prelim information (INFO) from federal aviation administration (FAA) operations (OPS): poughkeepsie, ny / unmanned aircraft systems (UAS) sighting/0755e/boston artcc advised, cessna c56x, bos-teb, reported a white unmanned aircraft systems (UAS) from the 3 oâ€™clock position while sw bound at 14,000 feet 12 nne pwl.No evasive action taken.Columbia city pd notified.",2024-04-14T07:55:00Z,41.7833,-73.7667,14000.0,medium
15129,2024-04-14,San diego,California,"Prelim information (INFO) from federal aviation administration (FAA) operations (OPS): san diego, ca / unmanned aircraft systems (UAS) sighting/1843p/montgomery airport traffic control tower (ATCT) advised, cessna c210, reported a unmanned aircraft systems (UAS) from the 9 of the clock position while W bound at 1,500 feet 1 W myf.No evasive action taken.Leo notification not reported.",2024-04-14T18:43:00Z,32.8156,-117.1531,1500.0,medium
15130,2024-04-14,Washington,District of columbia,"Prelim information (INFO) from federal aviation administration (FAA) operations (OPS): washington, dc / unmanned aircraft systems (UAS) sighting/1414e/washington airport traffic control tower (ATCT) advised, e75s, bna-dca, reported a unmanned aircraft systems (UAS) from the 11 oâ€™clock position while se bound at 1,200 feet 4.5 nnw dca.No evasive action taken.Arlington county pd notified.",2024-04-14T14:14:00Z,38.9214,-77.0724,1200.0,medium
15131,2024-04-15,El monte,California,"Prelim information (INFO) from federal aviation administration (FAA) operations (OPS): el monte, ca / unmanned aircraft systems (UAS) sighting/1330p/el monte airport traffic control tower (ATCT) advised, cessna c172, during taxi to runway reported a unmanned aircraft systems (UAS) near the dairy building 1 N field.No evasive action reported.El monte pd notified.",2024-04-15T20:30:00Z,34.0864,-118.0351,296.0,medium
15132,2024-04-15,Lexington,Kentucky,"Prelim information (INFO) from federal aviation administration (FAA) operations (OPS): lexington, ky / unmanned aircraft systems (UAS) sighting/1216e/e-regional operations center (ROC) advised, c17, cha-ffo, reported a small silver object 2000 feet/foot (FT) below while S bound at fl200 65 E lex vortac; no evasive action taken.Leo not notified.",2024-04-15T12:16:00Z,37.9907,-83.5881,18000.0,medium
15133,2024-04-15,Memphis,Tennessee,"Prelim information (INFO) from federal aviation administration (FAA) af operations (OPS): memphis, tn / unmanned aircraft systems (UAS) sighting/0307c/memphis airport traffic control tower (ATCT) advised, b763, mem-queretaro, mexico (MMQT), reported unmanned aircraft systems (UAS) at 300 feet while taxiing to runway 18r. Acft delayed departure until unmanned aircraft systems (UAS) was out of sight then departed without incident.Public use air1 was notified.",2024-04-15T03:07:00Z,35.0424,-89.9767,300.0,medium
15134,2024-04-15,Mesa,Arizona,"Prelim information (INFO) from federal aviation administration (FAA) operations (OPS): mesa, az / unmanned aircraft systems (UAS) incident/late report-1523m/falcon airport traffic control tower (ATCT) advised, piper p28a, ffz-ryn, reported unmanned aircraft systems (UAS) at 3,000 feet 7 se ffz.Evasive action was taken.Mesa pd notified.",2024-04-15T15:23:00Z,33.3636,-111.6278,3000.0,medium
15135,2024-04-15,Ontario,California,"Prelim information (INFO) from federal aviation administration (FAA) operations (OPS): ontario, ca / unmanned aircraft systems (UAS) sighting/1345p/ontario airport traffic control tower (ATCT) advised, airbus helicopters ec35, 30cl-sbd, reported a unmanned aircraft systems (UAS) while ene bound at 1,600 feet 3 S ont.No evasive action taken.Ontario pd notified.",2024-04-15T20:45:00Z,34.0383,-117.6011,1600.0,medium
15136,2024-04-15,Redmond,Oregon,"Prelim information (INFO) from federal aviation administration (FAA) operations (OPS): redmond, or / unmanned aircraft systems (UAS) incident/1205p/redmond fct advised, b738, sea-rdm, reported a white unmanned aircraft systems (UAS) from the 3 oâ€™clock position while sw bound at 6,500 feet 6 no earlier (NE) rdm. Acft climbed in response to tcas resolution advisory (RA).Leo notification not reported.",2024-04-15T12:05:00Z,44.2541,-121.15,6500.0,medium
15137,2024-04-16,Baltimore,Maryland,"Prelim information (INFO) from federal aviation administration (FAA) operations (OPS): baltimore, md / unmanned aircraft systems (UAS) sighting/1901e/potomac terminal radar approach control (TRACON) advised, cessna c172, reported a unmanned aircraft systems (UAS) while E bound at 3,200 feet 6 nne baltimore vor collocated with tacan (VORTAC).No evasive action taken.Baltimore city pd notified.",2024-04-16T19:01:00Z,39.3833,-76.5667,3200.0,medium
15138,2024-04-16,Bedford,Massachusetts,"Prelim information (INFO) from federal aviation administration (FAA) operations (OPS): bedford, ma / unmanned aircraft systems (UAS) sighting/1858e/hanscom airport traffic control tower (ATCT) advised, bombardier cl60, reported a unmanned aircraft systems (UAS) from the 3 of the clock position while S bound at 1,400 feet 4 ene bed.No evasive action taken.Burlington pd notified.",2024-04-16T18:58:00Z,42.5046,-71.2144,1400.0,medium
15139,2024-04-16,Farmingdale,New york,"Prelim information (INFO) from federal aviation administration (FAA) af operations (OPS): farmingdale, ny / unmanned aircraft systems (UAS) sighting/1944e/new york terminal radar approach control (TRACON) advised, b763, lax-jfk, reported a unmanned aircraft systems (UAS) while no earlier (NE) bound at 4,000 feet 5 se frg.No evasive action taken.Nassau county aviation notified.",2024-04-16T19:44:00Z,40.6894,-73.3639,4000.0,medium
15140,2024-04-16,Glendale,Arizona,"Prelim information (INFO) from federal aviation administration (FAA) operations (OPS): glendale, az / unmanned aircraft systems (UAS) sighting/1530m/glendale federal contract tower (FCT) advised, alon erco, reported a small black unmanned aircraft systems (UAS) 100 feet below aircraft (ACFT) while W bound at 1,900 feet 2.5 no earlier (NE) geu.No evasive action taken.Glendale pd notified.",2024-04-16T15:30:00Z,33.5389,-112.2958,1900.0,medium
15141,2024-04-16,Hamilton,Ohio,"Prelim information (INFO) from federal aviation administration (FAA) operations (OPS): hamilton, oh / unmanned aircraft systems (UAS) sighting/1855e/cincinnati approach (APCH) advised, piper p28a, hao-hao, reported a grey quadcopter unmanned aircraft systems (UAS) at the 10 of the clock position while wnw bound at 2,800 feet 1 wnw hao.No evasive action taken. Cvg airport (ARPT) pd notified.",2024-04-16T18:55:00Z,39.3667,-84.5333,2800.0,medium
15142,2024-04-16,Hyannis,Massachusetts,"Prelim information (INFO) from federal aviation administration (FAA) operations (OPS): hyannis, ma / unmanned aircraft systems (UAS) sighting/1413e/hyannis airport traffic control tower (ATCT) advised, cessna c560, ack-hya, observed a unmanned aircraft systems (UAS) while northwest bound at 1,500 feet, 5 se hyannis.No evasive action reported.Massachusetts state pd notified.",2024-04-16T14:13:00Z,41.6336,-70.2636,1500.0,medium
15143,2024-04-16,Los alamitos,California,"Prelim information (INFO) from federal aviation administration (FAA) operations (OPS): los alamitos, ca / unmanned aircraft systems (UAS) sighting/1214p/socal terminal radar approach control (TRACON) advised, beech b350, reported a white-black unmanned aircraft systems (UAS) from the 9 of the clock position while ese bound at 11,000 feet 18 W sli.No evasive action taken.Orange county sheriff ground units notified.",2024-04-16T19:14:00Z,33.7022,-118.3189,11000.0,medium
15144,2024-04-16,New york,New york,"Prelim information (INFO) from federal aviation administration (FAA) operations (OPS): new york, ny / unmanned aircraft systems (UAS) sighting/1700e/jfk airport traffic control tower (ATCT) advised, a321, mdpc-jfk, observed a unmanned aircraft systems (UAS) on left side while southwest bound at 1,500 feet, 6 no earlier (NE) jfk.No injuries reported.Nypd aviation unit notified.",2024-04-16T17:00:00Z,40.6635,-73.8057,1500.0,medium
15145,2024-04-17,Dallas-fort worth,Texas,"Prelim information (INFO) from federal aviation administration (FAA) operations (OPS): dallas-fort worth, tx / unmanned aircraft systems (UAS) sighting/1835c/dallas-fort worth terminal radar approach control (TRACON) advised, a320, dfw-las, reported an orange unmanned aircraft systems (UAS) 500 feet below aircraft (ACFT) while S bound at 3,000 feet 5 S dfw.No evasive action taken.Dfw dps notified.",2024-04-17T18:35:00Z,32.8344,-97.0377,3000.0,medium
15146,2024-04-17,Newark,New jersey,"Prelim information (INFO) from federal aviation administration (FAA) operations (OPS): newark, nj / unmanned aircraft systems (UAS) sighting/0829e/new york air route traffic control center (ARTCC) advised, crj7, ewr-dca, reported a large black and gray unmanned aircraft systems (UAS) at 16,000 feet and almost hit left wing of aircraft (ACFT) in vcnty biggy very high frequency omnidirectional range (VOR).No evasive action was reported.Denver leos notified.Number not provided.",2024-04-17T08:29:00Z,40.7128,-74.006,16000.0,medium
15147,2024-04-17,Sarasota/bradenton,Florida,"Prelim information (INFO) from federal aviation administration (FAA) operations (OPS): sarasota-bradenton, flight level (FL) / unmanned aircraft systems (UAS) incident/1407e/tampa airport traffic control tower (ATCT) advised, cirrus sr20, apf-apf, reported a black unmanned aircraft systems (UAS) while northwest (NW) bound at 4,000 feet 20 se srq. Pic climbed to prevent loss of sepn.Sarasota county sheriff notified.",2024-04-17T14:07:00Z,27.2333,-82.3667,4000.0,medium
15148,2024-04-17,Syracuse,New york,"Prelim information (INFO) from federal aviation administration (FAA) operations (OPS): syracuse, ny / unmanned aircraft systems (UAS) sighting/0915e/boston air route traffic control center (ARTCC) advised, dehavilland dh8d, toronto, canada (CYTZ)-ewr, reported a unmanned aircraft systems (UAS) 1000 feet above from the 12 of the clock position while ese bound at fl250 37 sw syr.No injuries reported.Seneca county sheriff notified.",2024-04-17T09:15:00Z,42.8667,-76.5667,25000.0,medium
15149,2024-04-17,Universal city,Texas,"Prelim information (INFO) from federal aviation administration (FAA) operations (OPS): universal city, tx / unmanned aircraft systems (UAS) sighting/1617c/san antonio terminal radar approach control (TRACON) advised, t38, rnd-rnd, reported a blk unmanned aircraft systems (UAS) while se bound at 1,700 feet 8 se rnd.No evasive action taken. San antonio pd notified.",2024-04-17T00:00:00Z,29.4544,-98.3036,1700.0,medium
15150,2024-04-18,Carrollton,Ohio,"Prelim information (INFO) from federal aviation administration (FAA) af operations (OPS): carrollton, oh / unmanned aircraft systems (UAS) sighting/1335e/cleveland approach (APCH) advised, piper pa30, reported a unmanned aircraft systems (UAS) from the 12 of the clock position while nnw bound at 3,500 feet 5 northwest (NW) technical standard order (TSO). Acft turned to avoid collsision.Ohio state patrol notified.",2024-04-18T13:35:00Z,40.6095,-81.1246,3500.0,medium
15151,2024-04-18,Chicago,Illinois,"Prelim information (INFO) from federal aviation administration (FAA) operations (OPS): chicago, il / unmanned aircraft systems (UAS) sighting/1315c/chicago terminal radar approach control (TRACON) advised, gulfstream aerospace iai galx, mmu-mdw, reported a white unmanned aircraft systems (UAS) while W bound at 3,000 feet 15 S mdw.No evasive action taken.Chicago fbi notified.",2024-04-18T13:15:00Z,41.5089,-87.7525,3000.0,medium
15152,2024-04-18,Lansing,Michigan,"Prelim information (INFO) from federal aviation administration (FAA) operations (OPS): lansing, mile (MI) / unmanned aircraft systems (UAS) sighting/1630e/lansing airport traffic control tower (ATCT) advised, lancair col3, arb-unkn, reported a unmanned aircraft systems (UAS) while S bound at 4,200 feet 5 S lan.No evasive action taken.Ingham county sheriff notified.",2024-04-18T16:30:00Z,42.6783,-84.591,4200.0,medium
15153,2024-04-18,Milton,Florida,"Prelim information (INFO) from federal aviation administration (FAA) operations (OPS): milton, flight level (FL) / unmanned aircraft systems (UAS) sighting/1319c/whiting national airspace system (NAS) advised, t6, reported a black unmanned aircraft systems (UAS) while sw bound at 1,000 feet 3 no earlier (NE) nse.No evasive action taken.No leo notification reported.",2024-04-18T13:19:00Z,30.6324,-87.0397,1000.0,medium
15154,2024-04-18,Orlando,Florida,"Prelim information (INFO) from federal aviation administration (FAA) af operations (OPS): orlando, flight level (FL) / unmanned aircraft systems (UAS) incident/late report-1831e/kissimmee municipal fct advised, cessna c172, ism-ism, reported a black unmanned aircraft systems (UAS) 20 feet from their left wing while wsw bound at 600 feet vcnty ism.No evasive action taken. Atc changed traffic pattern to right traffic due to incident.Kissimmee pd notified.",2024-04-18T18:31:00Z,28.2897,-81.4371,600.0,medium
15155,2024-04-18,Orlando,Florida,"Prelim information (INFO) from federal aviation administration (FAA) operations (OPS): orlando, flight level (FL) / unmanned aircraft systems (UAS) sighting/1220e/orlando airport traffic control tower (ATCT) advised, a20n, phl-mco, reported a unmanned aircraft systems (UAS) from the 3 of the clock position while S bound at 2,200 feet 5 N mco.No evasive action taken.Orlando pd notified.",2024-04-18T12:20:00Z,28.4794,-81.3018,2200.0,medium
15156,2024-04-18,Orlando,Florida,"Prelim information (INFO) from federal aviation administration (FAA) af operations (OPS): orlando, flight level (FL) / unmanned aircraft systems (UAS) sighting/1226e/orlando airport traffic control tower (ATCT) advised, a321, dtw-mco, reported a unmanned aircraft systems (UAS) from the 10 oâ€™clock position while S bound at 1,500 feet 6 N mco.No evasive action taken.Orlando pd notified.",2024-04-18T12:26:00Z,28.5095,-81.3584,1500.0,medium
15157,2024-04-19,New york,New york,"Prelim information (INFO) from federal aviation administration (FAA) operations (OPS): new york, ny / unmanned aircraft systems (UAS) sighting/1551e/jfk airport traffic control tower (ATCT) advised, b38m, phx-jfk, reported white unmanned aircraft systems (UAS) at 2,000 feet from the 2 of the clock position while se bound at same altitude 8 no earlier (NE) jfk.No evasive action taken.Nypd notified.",2024-04-19T15:51:00Z,40.6413,-73.7781,2000.0,medium
15158,2024-04-19,San juan,Puerto rico,"Prelim information (INFO) from federal aviation administration (FAA) operations (OPS): san juan, puerto rico / unmanned aircraft systems (UAS) incident/late report-1820l/san juan artcc advised, a320, mco-san juan, puerto rico (SJU), reported a unmanned aircraft systems (UAS) operating at 300 feet from their 12 of the clock position while E bound at 1,800 feet 3 W of runway 8.No evasive action reported. Atc sent around, held 7 instrument flight rules (IFR) arrivals, then resequenced arrivals to west operations. At 1837l, air traffic control (ATC) resumed normal operations (OPS).Local leos notified.",2024-04-19T18:20:00Z,18.4367,-66.018,1800.0,medium
15159,2024-04-19,St petersburg-clearwater,Florida,"Prelim information (INFO) from federal aviation administration (FAA) operations (OPS): st petersburg-clearwater, flight level (FL) / unmanned aircraft systems (UAS) sighting/1125e/st petersburg airport traffic control tower (ATCT) advised, pilatus pc24, reported unmanned aircraft systems (UAS) while N bound at 500 feet 2 S pie.No injuries reported.Pinellas county sheriff notified.",2024-04-19T11:25:00Z,27.893889,-82.687222,500.0,medium
15160,2024-04-20,Atlanta,Georgia,"Prelim information (INFO) from federal aviation administration (FAA) af operations (OPS): atlanta, general aviation (GA) / unmanned aircraft systems (UAS) sighting/1917e/atlanta terminal radar approach control (TRACON) advised, crj7, clt-atl, reported a unmanned aircraft systems (UAS) at the 12 of the clock position while S bound at 9,000 feet 25 ene atl.No evasive action taken.Walton county sheriff notified.",2024-04-20T19:17:00Z,33.9833,-83.8667,9000.0,medium
15161,2024-04-20,Atlanta,Georgia,"Prelim information (INFO) from federal aviation administration (FAA) af operations (OPS): atlanta, general aviation (GA) / unmanned aircraft systems (UAS) sighting/2105e/dekalb-peachtree airport traffic control tower (ATCT) advised, helo, reported a unmanned aircraft systems (UAS) at the 9 of the clock position while no earlier (NE) bound at 2,300 feet 8 sw pdk.No evasive action taken.Atlanta pd notified.",2024-04-20T21:05:00Z,33.8352,-84.3754,2300.0,medium
15162,2024-04-20,New york,New york,"Prelim information (INFO) from federal aviation administration (FAA) af operations (OPS): new york, ny / unmanned aircraft systems (UAS) sighting/1505e/new york terminal radar approach control (TRACON) advised, e75s, lga-bna, reported white unmanned aircraft systems (UAS) at 200 feet above aircraft (ACFT) while N bound at 1,100 feet 5 N lga.No evasive action taken.Nypd notified.",2024-04-20T15:05:00Z,40.79,-73.87,1300.0,medium
15163,2024-04-21,Houston,Texas,"Prelim information (INFO) from federal aviation administration (FAA) operations (OPS): houston, tx / unmanned aircraft systems (UAS) sighting/1523c/houston airport traffic control tower (ATCT) advised, e75l, maf-iah, reported a unmanned aircraft systems (UAS) while E bound at 2,500 feet.No evasive action taken. Houston pd air unit notified.",2024-04-21T15:23:00Z,29.9902,-95.3368,2500.0,medium
15164,2024-04-21,Las vegas,Nevada,"Prelim information (INFO) from federal aviation administration (FAA) operations (OPS): las vegas, nv / unmanned aircraft systems (UAS) sighting/1108p/north las vegas airport traffic control tower (ATCT) advised, cessna c172, observed a red unmanned aircraft systems (UAS) while westbound at 2,800 feet, 8. 5 northwest (NW) las vegas.No injuries reported.No leo notification provided.",2024-04-21T11:08:00Z,36.2795,-115.3236,2800.0,medium
15165,2024-04-22,Charlotte,North carolina,"Prelim information (INFO) from federal aviation administration (FAA) operations (OPS): charlotte, nc / unmanned aircraft systems (UAS) sighting/1347e/charlotte airport traffic control tower (ATCT) advised, e145, roa-clt, reported a white unmanned aircraft systems (UAS) from the 9 of the clock position while S bound at 7,000 feet.No evasive action taken. Charlotte douglas international (INTL) airport (ARPT) pd notified.",2024-04-22T13:47:00Z,35.2144,-80.9473,7000.0,medium
15166,2024-04-22,Madison,Wisconsin,"Prelim information (INFO) from federal aviation administration (FAA) operations (OPS): madison, wi / unmanned aircraft systems (UAS) sighting/1005c/madison airport traffic control tower (ATCT) advised, crj9, msp-msn, while on visual approach to msn observed a red-black unmanned aircraft systems (UAS) westbound at 3,000 feet 5 no earlier (NE) lone rock. Was vectored around unmanned aircraft systems (UAS). No further impact to operations (OPS).Local leo notified.",2024-04-22T10:05:00Z,43.1389,-90.1956,3000.0,medium
15167,2024-04-22,Raleigh/durham,North carolina,"Prelim information (INFO) from federal aviation administration (FAA) operations (OPS): raleigh / durham, nc / unmanned aircraft systems (UAS) sighting/1845e/raleigh-durham airport traffic control tower (ATCT) advised, crj9, jfk-rdu, reported a black quad-rotor unmanned aircraft systems (UAS) from the 3 of the clock position while no earlier (NE) bound at 1,400 feet 2 wsw rdu.No evasive action taken. Raleigh airport (ARPT) authority notified.",2024-04-22T18:45:00Z,35.8544,-78.8097,1400.0,medium
15168,2024-04-22,Redmond,Oregon,"Prelim information (INFO) from federal aviation administration (FAA) operations (OPS): redmond, or / unmanned aircraft systems (UAS) sighting/1000p/redmond fct advised, cessna c152, reported a unmanned aircraft systems (UAS) from from the 9 of the clock position while no earlier (NE) bound at 4,000 feet 1 wnw rdm.No evasive action taken.Leo notification not reported.",2024-04-22T22:00:00Z,44.2712,-121.1764,4000.0,medium
15169,2024-04-22,San antonio,Texas,"Prelim information (INFO) from federal aviation administration (FAA) af operations (OPS): san antonio, tx / unmanned aircraft systems (UAS) sighting/1940c/san antonio advised, cessna c208, drt-sat, reported a white unmanned aircraft systems (UAS) from the 2 of the clock position while E bound at 3,000 feet 13 sw sat.No evasive action taken.Bexar county sheriff notified.",2024-04-22T19:40:00Z,29.2667,-98.6167,3000.0,medium
15170,2024-04-22,West palm beach,Florida,"Prelim information (INFO) from federal aviation administration (FAA) operations (OPS): west palm beach, flight level (FL) / unmanned aircraft systems (UAS) sighting/1240e/palm beach airport traffic control tower (ATCT) advised, a321, clt-pbi, observed a white quad copter unmanned aircraft systems (UAS) while westbound at 500 feet, 1 E pbi.No evasive action reported.Palm beach sheriff notified.",2024-04-22T12:40:00Z,26.6859,-80.0831,500.0,medium
15171,2024-04-23,Phoenix,Arizona,"Prelim information (INFO) from federal aviation administration (FAA) operations (OPS): phoenix, az / unmanned aircraft systems (UAS) sighting/2336m/phoenix airport traffic control tower (ATCT) advised, eurocopter as50, dvt-dvt, leo helo reported a unmanned aircraft systems (UAS) over runway 26 while orbiting at 2,000 feet 2 N phx.No evasive action taken.No evasive action taken. Atc sent 1 aircraft (ACFT) on final around, closed runway 26, and re-configured traffic pattern to prevent loss of sepn. Leo helo followed and reported unmanned aircraft systems (UAS) down.",2024-04-23T23:36:00Z,33.4638,-112.0117,2000.0,medium
15172,2024-04-23,Wilmington,North carolina,"Prelim information (INFO) from federal aviation administration (FAA) operations (OPS): wilmington, nc / unmanned aircraft systems (UAS) sighting/1908e/wilmington airport traffic control tower (ATCT) advised, piper pa32, ilm-ilm, reported a unmanned aircraft systems (UAS) from the 9 of the clock position while nnw bound at 2,500 feet 9 wsw ilm.No evasive action taken.Brunswick county sheriff notified.",2024-04-23T19:08:00Z,34.1667,-78.1667,2500.0,medium
15173,2024-04-24,New york,New york,"Prelim information (INFO) from federal aviation administration (FAA) af operations (OPS): /uas sighting / late report-1755e/new york terminal radar approach control (TRACON) advised, a319, clt-jfk, reported a unmanned aircraft systems (UAS) from the 9 of the clock position while no earlier (NE) bound at 3,000 feet 15 sse jfk.No evasive action reported.Nassau county pd notified.",2024-04-24T17:55:00Z,40.5089,-73.6594,3000.0,medium
15174,2024-04-24,Chicago,Illinois,"Prelim information (INFO) from federal aviation administration (FAA) operations (OPS): chicago, il / unmanned aircraft systems (UAS) sighting/1853c/chicago terminal radar approach control facility (TRACON) advised, b737, sdf-mdw, reported a unmanned aircraft systems (UAS) from the 2 of the clock position while northwest (NW) bound at 3,500 feet 7 S mdw.No evasive action reported.Fbi notified.",2024-04-24T18:53:00Z,41.7215,-87.7524,3500.0,medium
15175,2024-04-24,Salinas,California,"Prelim information (INFO) from federal aviation administration (FAA) operations (OPS): salinas, ca / unmanned aircraft systems (UAS) sighting/1440p/salinas fct advised, cessna c172, myr-myr, reported a unmanned aircraft systems (UAS) from the 3 of the clock position while E bound at 1,000 feet 1 N sns.No evasive action reported.Salinas pd notified.",2024-04-24T14:40:00Z,36.67,-121.61,1000.0,medium
15176,2024-04-25,Boston,Massachusetts,"Prelim information (INFO) from federal aviation administration (FAA) operations (OPS): boston, ma / unmanned aircraft systems (UAS) sighting/2020e/boston terminal radar approach control (TRACON) advised, e55p, cha-bed, reported a unmanned aircraft systems (UAS) from the 9 oâ€™clock position while sw bound at 2,000 feet12 N bos.No evasive action taken.Massachusetts state pd notified.",2024-04-25T00:00:00Z,42.3656,-71.0096,2000.0,medium
15177,2024-04-25,Cleveland,Ohio,"Prelim information (INFO) from federal aviation administration (FAA) operations (OPS): cleveland, oh / unmanned aircraft systems (UAS) sighting/1140e/cleveland airport traffic control tower (ATCT) advised, a21n, cle-mco, reported a unmanned aircraft systems (UAS) operating between 3,000-3, 800 feet while ssw bound at 3,000 feet 5 ssw cle.No evasive action taken.Fbi notified.",2024-04-25T11:40:00Z,41.3592,-81.8551,3400.0,medium
15178,2024-04-25,Indianapolis,Indiana,"Prelim information (INFO) from federal aviation administration (FAA) operations (OPS): indianapolis, in / unmanned aircraft systems (UAS) sighting/1810e/indianapolis airport traffic control tower (ATCT) advised, diamond da40, ind-ind, reported a unmanned aircraft systems (UAS) from the 6 oâ€™clock position while northwest (NW) bound at feet 3,000 feet 2 northwest (NW) ind.No evasive action taken.Indianapolis metropolitan pd notified.",2024-04-25T18:10:00Z,39.7589,-86.28,3000.0,medium
15179,2024-04-25,Minneapolis,Minnesota,"Prelim information (INFO) from federal aviation administration (FAA) operations (OPS): minneapolis, mn / unmanned aircraft systems (UAS) sighting/1935c/crystal airport traffic control tower (ATCT) advised, piper p28a, lxl-microphone (MIC), reported a unmanned aircraft systems (UAS) from below while S bound at 2,600 feet 5 N microphone (MIC).No evasive action taken.Crystal pd notified.",2024-04-25T19:35:00Z,45.1083,-93.3494,2600.0,medium
15180,2024-04-25,St petersburg-clearwater,Florida,"Prelim information (INFO) from federal aviation administration (FAA) operations (OPS): st petersburg-clearwater, flight level (FL) / unmanned aircraft systems (UAS) sighting/1815e/st petersburg airport traffic control tower (ATCT) advised, socata tamp, pie-pie, reported a unmanned aircraft systems (UAS) from the 9 oâ€™clock position while W bound at 900 feet 3 wsw pie.No evasive action taken.Pinellas county sheriff notified.",2024-04-25T18:15:00Z,27.894722,-82.731111,900.0,medium
15181,2024-04-25,White plains,New york,"Prelim information (INFO) from federal aviation administration (FAA) operations (OPS): white plains, ny / unmanned aircraft systems (UAS) sighting/1744e/new york terminal radar approach control (TRACON) advised, a21n, ewr-dublin, ireland (EIDW), reported a black unmanned aircraft systems (UAS) while ene bound at 9,500 feet 12 sse hpn.No injuries reported.Nypd aviation notified.",2024-04-25T17:44:00Z,40.9463,-73.5722,9500.0,medium
15182,2024-04-26,El paso,Texas,"Prelim information (INFO) from federal aviation administration (FAA) operations (OPS): el paso, tx / unmanned aircraft systems (UAS) sighting/1915m/el paso airport traffic control tower (ATCT) advised, tex2, unk-unk, reported a unmanned aircraft systems (UAS) from the 3 oâ€™clock position while W bound at 8,000 feet 12 no earlier (NE) elp.No evasive action taken.Dps notified.",2024-04-26T19:15:00Z,31.807222,-106.377778,8000.0,medium
15183,2024-04-26,Key west,Florida,"Prelim information (INFO) from federal aviation administration (FAA) operations (OPS): key west, flight level (FL) / unmanned aircraft systems (UAS) sighting/1303e/miami air route traffic control center (ARTCC) advised, cessna c680, mth-vct, reported a unmanned aircraft systems (UAS) at the 9 of the clock position while S bound at 17,000 feet 40 nne eyw.No evasive action taken.Fbi notified.",2024-04-26T13:03:00Z,25.1833,-81.5667,17000.0,medium
15184,2024-04-26,Myrtle beach,South carolina,"Prelim information (INFO) from federal aviation administration (FAA) operations (OPS): myrtle beach, sc / unmanned aircraft systems (UAS) incident/2200e/myrtle beach airport traffic control tower (ATCT) advised, piper pa28, after departure reported white unmanned aircraft systems (UAS) hovering over double tree hotel at 700 feet.Pilot reported evasive manuevers.Myrtle beach pd notified.",2024-04-26T22:00:00Z,33.6797,-78.9288,700.0,medium
15185,2024-04-26,Myrtle beach,South carolina,"Prelim information (INFO) from federal aviation administration (FAA) af operations (OPS): myrtle beach, sc / unmanned aircraft systems (UAS) incident/2320e/myrtle beach airport traffic control tower (ATCT) advised, da40, myr-cre, reported a unmanned aircraft systems (UAS) from the 6 oâ€™clock position while se bound at 800 feet 1 S myr.Lta904 turned left to avoid the drone. Two additional aircraft (ACFT), diamond da40, and n9390j, piper p28a, also requested to make evasive actions to avoid the unmanned aircraft systems (UAS) and both aircraft (ACFT) informed air traffic control (ATC) that the unmanned aircraft systems (UAS) appeared to be chasing them. Arpt fire station (FIRE) department (DEPT) tracked the unmanned aircraft systems (UAS) to a nearby hotel.Horry county dispatch notified.",2024-04-26T23:20:00Z,33.6796,-78.9287,800.0,medium
15186,2024-04-27,Atlantic city,New jersey,"Prelim information (INFO) from federal aviation administration (FAA) operations (OPS): atlantic city, nj / unmanned aircraft systems (UAS) sighting/2008e/atlantic city airport traffic control tower (ATCT) advised, sikorsky s76, reported a unmanned aircraft systems (UAS) 50 feet above aircraft (ACFT) while northwest (NW) bound at 600 feet 5 se acy.No evasive action taken.Atlantic city sheriff notified.",2024-04-27T00:00:00Z,39.4292,-74.5076,650.0,medium
15187,2024-04-27,Columbus,Ohio,"Prelim information (INFO) from federal aviation administration (FAA) af operations (OPS): columbus, oh / unmanned aircraft systems (UAS) sighting/1618e/columbus airport traffic control tower (ATCT) advised, cessna c68a, cle-cmh, reported a black unmanned aircraft systems (UAS) while W bound at 3,000 feet 6 E cmh.No evasive action taken. Columbus airport (ARPT) pd notified.",2024-04-27T16:18:00Z,39.9968,-82.7724,3000.0,medium
15188,2024-04-28,Baltimore,Maryland,"Prelim information (INFO) from federal aviation administration (FAA) operations (OPS): baltimore, md / unmanned aircraft systems (UAS) sighting/1342e/potomac terminal radar approach control (TRACON) advised, crj7, pwm-dca, reported a silver unmanned aircraft systems (UAS) from the 12 of the clock position while sw bound at 8,000 feet 13 sw balance (BAL).No evasive action taken.Leo notification not reported.",2024-04-28T13:42:00Z,39.1352,-76.8189,8000.0,medium
15189,2024-04-28,Charleston,South carolina,"Prelim information (INFO) from federal aviation administration (FAA) operations (OPS): charleston, sc / unmanned aircraft systems (UAS) sighting/2149e/charleston airport traffic control tower (ATCT) advised, e195, plan view display (PVD)-chs, reported a unmanned aircraft systems (UAS) 100 feet above aircraft (ACFT) while sse bound at 2,000 feet 6 nnw chs.No evasive action taken.Mount pleasant pd notified.",2024-04-28T21:49:00Z,32.9742,-80.1042,2100.0,medium
15190,2024-04-28,Charlotte,North carolina,"Prelim information (INFO) from federal aviation administration (FAA) operations (OPS): charlotte, nc / unmanned aircraft systems (UAS) sighting/0937e/charlotte airport traffic control tower (ATCT) advised, crj7, cha-clt, reported a black unmanned aircraft systems (UAS) while E bound at 11,300 feet 34 northwest (NW) clt.No evasive action taken.Cleveland county sheriff dispatch notified.",2024-04-28T09:37:00Z,35.4881,-81.2589,11300.0,medium
15191,2024-04-28,Chicago,Illinois,"Prelim information (INFO) from federal aviation administration (FAA) operations (OPS): chicago, il / unmanned aircraft systems (UAS) sighting/1415c/chicago terminal radar approach control (TRACON) advised, a35k, hong kong, china (VHHH)-ord, reported unmanned aircraft systems (UAS) at the 12 of the clock position 800 feet below while W bound at 2,500 feet 6 W ord.No evasive action taken.Fbi notified.",2024-04-28T14:15:00Z,41.9742,-87.9073,2500.0,medium
15192,2024-04-28,Dallas,Texas,"Prelim information (INFO) from federal aviation administration (FAA) af operations (OPS): dallas, tx / unmanned aircraft systems (UAS) sighting/1200c/dallas love airport traffic control tower (ATCT) advised, b737, stl-dal, reported a unmanned aircraft systems (UAS) from the 9 of the clock positon while se bound at 1,000 feet vcnty dal.No evasive action taken.Dallas-fort worth dps notified.",2024-04-28T12:00:00Z,32.847111,-96.851778,1000.0,medium
15193,2024-04-28,El paso,Texas,"Prelim information (INFO) from federal aviation administration (FAA) operations (OPS): el paso, tx / unmanned aircraft systems (UAS) sighting/1345m/el paso airport traffic control tower (ATCT) advised, b737, lax-elp, reported a white unmanned aircraft systems (UAS) from the 12 of the clock position while E bound at 10,500 feet 17 northwest (NW) elp.No evasive action taken.Texas dps notified.",2024-04-28T13:45:00Z,31.9806,-106.6156,10500.0,medium
15194,2024-04-28,Huntington,West virginia,"Prelim information (INFO) from federal aviation administration (FAA) operations (OPS): huntington, wv / unmanned aircraft systems (UAS) sighting/1422e/huntington airport traffic control tower (ATCT) advised, e145, clt-hts, reported a white unmanned aircraft systems (UAS) while wnw bound at 5,000 feet 3 S hts.No evasive action taken.Wayne county sheriff notified.",2024-04-28T14:22:00Z,38.3519,-82.5738,5000.0,medium
15195,2024-04-28,Los angeles,California,"Prelim information (INFO) from federal aviation administration (FAA) operations (OPS): los angeles, ca / unmanned aircraft systems (UAS) sighting/0958p/socal terminal radar approach control (TRACON) advised, bombardier cl30, reported a white unmanned aircraft systems (UAS) from the 2 of the clock position while northwest (NW) bound at 5,000 feet 7 se lax.No evasive action taken.Los angeles county sheriff notified.",2024-04-28T21:58:00Z,33.8833,-118.2833,5000.0,medium
15196,2024-04-28,Salem,Oregon,"Prelim information (INFO) from federal aviation administration (FAA) operations (OPS): salem, or / unmanned aircraft systems (UAS) sighting/late report-1410p/seattle artcc advised, piper p28a, eug-albany, or (s12), reported a unmanned aircraft systems (UAS) from the 9 of the clock position while S bound at 4,000 feet 8 no earlier (NE) sle.No evasive action taken.Marion county sheriff notified.",2024-04-28T14:10:00Z,44.9095,-123.0025,4000.0,medium
15197,2024-04-29,Burbank,California,"Prelim information (INFO) from federal aviation administration (FAA) af operations (OPS): burbank, conflict alert (CA) / unmanned aircraft systems (UAS) sighting/1731p/burbank airport traffic control tower (ATCT) advised, cessna c172, ajo-ajo, reported a stationary unmanned aircraft systems (UAS) below aircraft (ACFT) while N bound at 1,700 feet 3 se bur.No evasive action taken. Leo air unit notified.",2024-04-29T17:31:00Z,34.1786,-118.3214,1700.0,medium
15198,2024-04-29,Dallas,Texas,"Prelim information (INFO) from federal aviation administration (FAA) af operations (OPS): dallas, tx / unmanned aircraft systems (UAS) sighting/1420c/addison airport traffic control tower (ATCT) advised, piper p28a, automatic dependent surveillance (ADS)-automatic dependent surveillance (ADS), reported a white unmanned aircraft systems (UAS) while wnw bound at 2,500 feet 2 E automatic dependent surveillance (ADS).No evasive action taken.Dallas pd notified.",2024-04-29T14:20:00Z,32.9715,-96.8363,2500.0,medium
15199,2024-04-29,Fort lauderdale,Florida,"Prelim information (INFO) from federal aviation administration (FAA) operations (OPS): fort lauderdale, flight level (FL) / unmanned aircraft systems (UAS) sighting/1017e/miami approach (APCH) advised, cessna c560, rdu-fll, reported a grey unmanned aircraft systems (UAS) from the 3 of the clock position while W bound at 3,000 feet 10 W fll.No evasive action taken.Broward county sheriff notified.",2024-04-29T10:17:00Z,26.072583,-80.342778,3000.0,medium
15200,2024-04-29,New york,New york,"Prelim information (INFO) from federal aviation administration (FAA) af operations (OPS): new york, ny / unmanned aircraft systems (UAS) sighting/1437e/laguardia airport traffic control tower (ATCT) advised, helo, reported a unmanned aircraft systems (UAS) from the 9 of the clock position while sw bound at 1,500 feet 5 wnw lga.No evasive action taken.Nypd notified.",2024-04-29T14:37:00Z,40.79,-73.92,1500.0,medium
15201,2024-04-29,Ontario,California,"Prelim information (INFO) from federal aviation administration (FAA) operations (OPS): ontario, conflict alert (CA) / unmanned aircraft systems (UAS) sighting/1603p/ontario airport traffic control tower (ATCT) advised, b763, sdf-ont, reported a white unmanned aircraft systems (UAS) from the left side while wsw bound at 2,500 feet 5 ene ont.No evasive action taken.Ontario pd notified.",2024-04-29T16:03:00Z,34.0833,-117.55,2500.0,medium
15202,2024-04-30,Erie,Pennsylvania,"Prelim information (INFO) from federal aviation administration (FAA) operations (OPS): erie, public address (PA) / unmanned aircraft systems (UAS) sighting/1455e/erie airport traffic control tower (ATCT) advised, cessna c56x, eri-rdu, reported a white unmanned aircraft systems (UAS) from the 1 of the clock position while wsw bound at 1,500 feet 4 no earlier (NE) eri.No evasive action taken. Erie airport (ARPT) pd notified.",2024-04-30T14:55:00Z,42.0831,-80.1897,1500.0,medium
15203,2024-04-30,Little rock,Arkansas,"Prelim information (INFO) from federal aviation administration (FAA) operations (OPS): little rock, ar / unmanned aircraft systems (UAS) sighting/1600c/little rock airport traffic control tower (ATCT) advised, cessna c25c, mlu-lit, reported a unmanned aircraft systems (UAS) from the 2 of the clock position while S bound at 500 feet 7 nnw lit.No evasive action taken.North little rock pd notified.",2024-04-30T16:00:00Z,34.8561,-92.2815,500.0,medium
15204,2024-04-30,San juan,Puerto rico,"Prelim information (INFO) from federal aviation administration (FAA) af operations (OPS): san juan, puerto rico / unmanned aircraft systems (UAS) sighting/1728l/san juan air route traffic control center (ARTCC) advised, b738, sju-panama city, panama (MPTO), reported a black unmanned aircraft systems (UAS) from the 3 of the clock position while W bound at fl185 30 W sju.No evasive action taken. San juan airport (ARPT) pd notified.",2024-04-30T17:28:00Z,18.4389,-66.5028,18500.0,medium
15205,2024-04-30,Vero beach,Florida,"Prelim information (INFO) from federal aviation administration (FAA) operations (OPS): vero beach, flight level (FL) / unmanned aircraft systems (UAS) sighting/1233e/vero beach airport traffic control tower (ATCT) advised, raytheon be58, rdu-vrb, reported a silver unmanned aircraft systems (UAS) 100 feet below aircraft (ACFT) while ese bound at 1,600 feet on 8 mile final to runway 12r.No evasive action taken.Indian river county sheriff notified.",2024-04-30T12:33:00Z,27.6556,-80.4179,1600.0,medium
15206,2024-05-01,Baltimore,Maryland,"Prelim information (INFO) from federal aviation administration (FAA) operations (OPS): baltimore, md / unmanned aircraft systems (UAS) sighting/2335e/baltimore airport traffic control tower (ATCT) advised, helo, unkn-unkn, reported a unmanned aircraft systems (UAS) while sw bound at 1,000 feet 8 nne bwi.No evasive action taken.Baltimore pd notified.",2024-05-01T23:35:00Z,39.2833,-76.6167,1000.0,medium
15207,2024-05-01,Chicago,Illinois,"Prelim information (INFO) from federal aviation administration (FAA) operations (OPS): chicago, il / unmanned aircraft systems (UAS) sighting/1548c/chicago terminal radar approach control facility (TRACON) advised, a21n, punta cana, dominican republic (MDPC)-ord, reported a white unmanned aircraft systems (UAS) within 200 feet of aircraft (ACFT) while N bound at 15,600 feet 56 ese ord.No evasive action taken.Fbi notified.",2024-05-01T15:48:00Z,41.3833,-86.9167,15600.0,medium
15208,2024-05-01,Dalton,Georgia,"Prelim information (INFO) from federal aviation administration (FAA) operations (OPS): dalton, general aviation (GA) / unmanned aircraft systems (UAS) sighting/0938e/chattanooga approach (APCH) advised, beech be30, dsm-dnn, reported a unmanned aircraft systems (UAS) within 300 feet of the aircraft (ACFT) while se bound at 1,500 feet 3 northwest (NW) dnn.No evasive action taken.Dalton pd notified.",2024-05-01T09:38:00Z,34.7228,-84.9122,1500.0,medium
15209,2024-05-01,Lorain/elyria,Ohio,"Prelim information (INFO) from federal aviation administration (FAA) operations (OPS): lorain-elyria, oh / unmanned aircraft systems (UAS) sighting/1348e/cleveland airport traffic control tower (ATCT) advised, cessna c182, reported a white unmanned aircraft systems (UAS) operating 400 feet below the aircraft (ACFT) while wnw bound at 4,000 feet 1 no earlier (NE) lpr.No evasive action taken.Local fbi notified.",2024-05-01T13:48:00Z,41.3439,-82.1778,3600.0,medium
15210,2024-05-01,Stuart,Florida,"Prelim information (INFO) from federal aviation administration (FAA) operations (OPS): stuart, flight level (FL) / unmanned aircraft systems (UAS) sighting/1145e/stuart-whitham fct advised, cessna c172, fpr-special use airspace (SUA), reported a white unmanned aircraft systems (UAS) from the 1 of the clock position while ese bound at 900 feet 3.5 northwest (NW) special use airspace (SUA).No evasive action taken.Martin county sheriff notified.",2024-05-01T11:45:00Z,27.1917,-80.2611,900.0,medium
15211,2024-05-02,Chicago/waukegan,Illinois,"Prelim information (INFO) from federal aviation administration (FAA) operations (OPS): chicago-waukegan, il / unmanned aircraft systems (UAS) sighting/1835c/chicago terminal radar approach control (TRACON) advised, cessna c182, reported black / yellow unmanned aircraft systems (UAS) from the 12 of the clock position while no earlier (NE) bound at 3,500 feet 6 E ugn.No evasive action taken.Fbi notified.",2024-05-02T18:35:00Z,42.4219,-87.7681,3500.0,medium
15212,2024-05-02,Dallas-fort worth,Texas,"Prelim information (INFO) from federal aviation administration (FAA) operations (OPS): dallas-fort worth, tx / unmanned aircraft systems (UAS) incident/2005c/dallas terminal radar approach control (TRACON) advised, b738, liberia, costa rica (MRLB)-dfw, reported unmanned aircraft systems (UAS) from the 11 of the clock position while wnw bound at 13,500 feet 23 ese dfw. Acft stopped descent to avoid the unmanned aircraft systems (UAS).Dfw dps notified.",2024-05-02T00:00:00Z,32.6181,-96.8089,13500.0,medium
15213,2024-05-02,Dallas-fort worth,Texas,"Prelim information (INFO) from federal aviation administration (FAA) operations (OPS): dallas-fort worth, tx / unmanned aircraft systems (UAS) sighting/1941c/dallas-fort worth terminal radar approach control (TRACON) advised, a321, fll-dfw, reported a unmanned aircraft systems (UAS) from the 9 oâ€™clock position while northwest (NW) bound at 13,000 feet 23 se dfw.No evasive action taken.Dfw dps notified.",2024-05-02T19:41:00Z,32.6042,-96.8281,13000.0,medium
15214,2024-05-02,Indianapolis,Indiana,"Prelim information (INFO) from federal aviation administration (FAA) operations (OPS): indianapolis, in / unmanned aircraft systems (UAS) sighting/1845e/indianapolis terminal radar approach control (TRACON) advised, a321, ewr-ind, reported a unmanned aircraft systems (UAS) from the 12 oâ€™clock position while sw bound at feet 7,500 feet 25 ene vhp.No evasive action taken.Hamilton county sheriff notified.",2024-05-02T18:45:00Z,40.1833,-85.6667,7500.0,medium
15215,2024-05-02,Miami,Florida,"Prelim information (INFO) from federal aviation administration (FAA) operations (OPS): miami, flight level (FL) / unmanned aircraft systems (UAS) incident/1240e/tamiami airport traffic control tower (ATCT) advised, cessna c172, tmb-unkn, reported a black unmanned aircraft systems (UAS) at same altitude while se bound at 1,000 feet 8 sw tmb. Acft turned 10 degrees to the left to avoid unmanned aircraft systems (UAS).Miami dade pd notified.",2024-05-02T12:40:00Z,25.6164,-80.4771,1000.0,medium
15216,2024-05-03,Charleston,South carolina,"Prelim information (INFO) from federal aviation administration (FAA) operations (OPS): charleston, sc / unmanned aircraft systems (UAS) sighting/late report-1300e/e-regional operations center (ROC) advised, cessna c25b, mlb-ilm, reported a box shaped unmanned aircraft systems (UAS) 100 feet from the aircraft (ACFT) at fl180 15 no earlier (NE) chs.No evasive action taken.Charleston pd notified.",2024-05-03T13:00:00Z,32.8986,-80.0407,18000.0,medium
15217,2024-05-03,Mesa,Arizona,"Prelim information (INFO) from federal aviation administration (FAA) operations (OPS): mesa, az / unmanned aircraft systems (UAS) sighting/1612m/falcon field airport traffic control tower (ATCT) advised, piper p28a, reported unmanned aircraft systems (UAS) while nne bound at 2,200 feet 1 W ffz.No evasive action taken.Mesa pd notified.",2024-05-03T16:12:00Z,33.4708,-111.7344,2200.0,medium
15218,2024-05-03,Salt lake city,Utah,"Prelim information (INFO) from federal aviation administration (FAA) operations (OPS): salt lake city, ut / unmanned aircraft systems (UAS) sighting/1042m/salt lake city airport traffic control tower (ATCT) advised, b38m, las-slc, reported a white / black unmanned aircraft systems (UAS) from the 9 of the clock position while sse bound at 6,300 feet 6 S slc.No evasive action taken. Salt lake city airport (ARPT) pd notified.",2024-05-03T10:42:00Z,40.7128,-111.9931,6300.0,medium
15219,2024-05-04,Greenville,South carolina,"Prelim information (INFO) from federal aviation administration (FAA) operations (OPS): greenville, sc / unmanned aircraft systems (UAS) sighting/1440e/greer approach advised, bombardier cl60, reported a unmanned aircraft systems (UAS) while W bound at 5,000 feet vcnty greenville.No evasive action reported.Malden pd notified.",2024-05-04T14:40:00Z,34.8959,-82.2186,5000.0,medium
15220,2024-05-04,Key west,Florida,"Prelim information (INFO) from federal aviation administration (FAA) operations (OPS): key west, flight level (FL) / unmanned aircraft systems (UAS) sighting/1131e/key west airport traffic control tower (ATCT) advised, e75s, dca-eyw, reported a unmanned aircraft systems (UAS) on about a 3 mile final to runway 09 at 1,000 feet passing just below the aircraft (ACFT).No evasive action reported.Key west pd notified.",2024-05-04T11:31:00Z,24.556111,-81.759444,1000.0,medium
15221,2024-05-04,Las vegas,Nevada,"Prelim information (INFO) from federal aviation administration (FAA) operations (OPS): las vegas, nv / unmanned aircraft systems (UAS) sighting/0934p/north las vegas airport traffic control tower (ATCT) advised, diamond da40, vgt-vgt, reported a unmanned aircraft systems (UAS) from the 3 of the clock position while ese bound at 2,500 feet 9 nnw las.No evasive action taken.Leo notification not reported.",2024-05-04T09:34:00Z,36.2807,-115.2619,2500.0,medium
15222,2024-05-04,St louis,Missouri,"Prelim information (INFO) from federal aviation administration (FAA) operations (OPS): st louis, mo / unmanned aircraft systems (UAS) sighting/1820c/st louis terminal radar approach control (TRACON) advised, cessna c77r, reported unmanned aircraft systems (UAS) while S bound at 2,700 feet 13 E stl.No evasive action taken.Stl pd notified.",2024-05-04T18:20:00Z,38.627,-90.1994,2700.0,medium
15223,2024-05-05,Anchorage,Alaska,"Prelim information (INFO) from federal aviation administration (FAA) af operations (OPS): anchorage, ak / unmanned aircraft systems (UAS) sighting/1330l/anchorage airport traffic control tower (ATCT) advised, dehavilland dh8d, nuiqsut, ak (ak15)-anc, reported a unmanned aircraft systems (UAS) at the 9 of the clock position while ene bound at 800 feet 3 wsw anchorage very high frequency omnidirectional range (VOR) (TED).No evasive action taken. Anc airport (ARPT) pd notified.",2024-05-05T21:30:00Z,61.1508,-150.0328,800.0,medium
15224,2024-05-05,Charlotte,North carolina,"Prelim information (INFO) from federal aviation administration (FAA) operations (OPS): charlotte, nc / unmanned aircraft systems (UAS) sighting/1846e/charlotte airport traffic control tower (ATCT) advised, a320, gso-clt, reported a grey / orange unmanned aircraft systems (UAS) at the 12 of the clock position while sw bound at 11,000 feet 20 no earlier (NE) clt.No evasive action taken.Charlotte-mecklenburg pd notified.",2024-05-05T18:46:00Z,35.3833,-80.9333,11000.0,medium
15225,2024-05-05,Dallas-fort worth,Texas,"Prelim information (INFO) from federal aviation administration (FAA) operations (OPS): dallas-fort worth, tx / unmanned aircraft systems (UAS) sighting/2003c/dallas-fort worth terminal radar approach control (TRACON) advised, b738, dfw-boi, reported a quad-copter unmanned aircraft systems (UAS) at the 3 of the clock position while S bound at 4,500 feet 6 sw dfw.No evasive action taken.Dfw dps notified.",2024-05-05T20:03:00Z,32.8481,-97.0667,4500.0,medium
15226,2024-05-05,Minneapolis,Minnesota,"Prelim information (INFO) from federal aviation administration (FAA) operations (OPS): minneapolis, mn / unmanned aircraft systems (UAS) sighting/1242c/minneapolis terminal radar approach control (TRACON) advised, piper p28a, gfk-new england region (ANE), reported a unmanned aircraft systems (UAS) from the 9 of the clock position while ese bound at 4,000 feet 4 wsw new england region (ANE).No evasive action taken.Local county sheriff notified.",2024-05-05T12:42:00Z,44.8547,-93.4588,4000.0,medium
15227,2024-05-05,San francisco,California,"Prelim information (INFO) from federal aviation administration (FAA) operations (OPS): san francisco, ca / unmanned aircraft systems (UAS) sighting/1247p/san francisco airport traffic control tower (ATCT) advised, b748, frankfurt, germany (EDDF)-sfo, reported a unmanned aircraft systems (UAS) from the 9 of the clock position while W bound at 2,900 feet 8 E sfo.No evasive action taken. Pic reported possible balloon. Arpt comms center notified.",2024-05-05T12:47:00Z,37.6594,-122.4889,2900.0,medium
15228,2024-05-05,St paul,Minnesota,"Prelim information (INFO) from federal aviation administration (FAA) operations (OPS): st paul, mn / unmanned aircraft systems (UAS) sighting/1515c/minneapolis terminal radar approach control (TRACON) advised, e190, bos-msp, reported a black unmanned aircraft systems (UAS) 500 feet from the 10 of the clock position while wsw bound at 11,000 feet 5 E stp.No evasive action taken.Washington county sheriff notified.",2024-05-05T15:15:00Z,44.9537,-93.09,11000.0,medium
15229,2024-05-06,Atlanta,Georgia,"Prelim information (INFO) from federal aviation administration (FAA) af operations (OPS): atlanta, general aviation (GA) / unmanned aircraft systems (UAS) sighting/1916e/dekalb-peachtree airport traffic control tower (ATCT) advised, cirrus sr20, pdk-pdk, reported a black unmanned aircraft systems (UAS) while N bound at 3,700 feet 8 N pdk.No evasive action taken.Chamblee pd notified.",2024-05-06T19:16:00Z,33.9752,-84.3016,3700.0,medium
15230,2024-05-06,Atlanta,Georgia,"Prelim information (INFO) from federal aviation administration (FAA) operations (OPS): atlanta, general aviation (GA) / unmanned aircraft systems (UAS) sighting/2105e/dekalb-peachtree airport traffic control tower (ATCT) advised, bell 206, reported a unmanned aircraft systems (UAS) while W bound at 1,500 feet 5 S pdk.Evasive action taken.No leo notification reported.",2024-05-06T21:05:00Z,33.8204,-84.3022,1500.0,medium
15231,2024-05-06,Sacramento,California,"Prelim information (INFO) from federal aviation administration (FAA) operations (OPS): sacramento, ca / unmanned aircraft systems (UAS) sighting/1659p/norcal terminal radar approach control (TRACON) advised, cessna c172, reported a unmanned aircraft systems (UAS) while S bound at 5,200 feet 4 E mcclellan very high frequency omnidirectional range (VOR).No evasive action taken.Sacramento county sheriff notified.",2024-05-06T16:59:00Z,38.6989,-121.3505,5200.0,medium
15232,2024-05-06,Tucson,Arizona,"Prelim information (INFO) from federal aviation administration (FAA) operations (OPS): tucson, az / unmanned aircraft systems (UAS) sighting/1255m/albuquerque air route traffic control center (ARTCC) advised, a10, reported a unmanned aircraft systems (UAS) while sw bound at 14,400 feet 25 no earlier (NE) douglas very high frequency omnidirectional range (VOR).No evasive action taken.Tombstone pd notified.",2024-05-06T12:55:00Z,31.4667,-109.6667,14400.0,medium
15233,2024-05-07,Des moines,Iowa,"Prelim information (INFO) from federal aviation administration (FAA) operations (OPS): des moines, ia / unmanned aircraft systems (UAS) sighting/1507c/des moines airport traffic control tower (ATCT) advised, cessna c172, reported a black and white quad copter came within 300 feet of aircraft (ACFT) while E bound at 3,000 feet vcnty ankeny airport (ARPT).No evasive action reported.Fbi notified.",2024-05-07T15:07:00Z,41.7089,-93.5656,3000.0,medium
15234,2024-05-08,Columbus,Ohio,"Prelim information (INFO) from federal aviation administration (FAA) af operations (OPS): columbus, oh / unmanned aircraft systems (UAS) sighting/2227e/columbus airport traffic control tower (ATCT) advised, eurocopter ec130, reported a unmanned aircraft systems (UAS) at the 12 of the clock position while W bound at 1,500 feet 6 wsw cmh.No evasive action taken.Columbus pd notified.",2024-05-08T22:27:00Z,39.9361,-83.0847,1500.0,medium
15235,2024-05-08,Salt lake city,Utah,"Prelim information (INFO) from federal aviation administration (FAA) operations (OPS): salt lake city, ut / unmanned aircraft systems (UAS) sighting/1242m/salt lake terminal radar approach control (TRACON) advised, e75l, bil-slc, reported unmanned aircraft systems (UAS) from the 12 of the clock position while S bound at 9,000 feet 11 S tch.No evasive action taken.Slc pd notified.",2024-05-08T12:42:00Z,40.5833,-111.9833,9000.0,medium
15236,2024-05-09,Atlanta,Georgia,"Prelim information (INFO) from federal aviation administration (FAA) operations (OPS): atlanta, general aviation (GA) / unmanned aircraft systems (UAS) sighting/1035e/atlanta airport traffic control tower (ATCT) advised, b739, lex-atl, reported unmanned aircraft systems (UAS) from the 12 of the clock position while E bound at 2,400 feet 6 W atl.No evasive action taken.Law enforcement notified.",2024-05-09T10:35:00Z,33.6367,-84.5281,2400.0,medium
15237,2024-05-09,Duluth,Minnesota,"Prelim information (INFO) from federal aviation administration (FAA) operations (OPS): duluth, mn / unmanned aircraft systems (UAS) sighting/1505c/duluth airport traffic control tower (ATCT) advised, cirrus sr22, unkn-unkn, reported a unmanned aircraft systems (UAS) while W bound at 3,100 feet 10 W dlh.No evasive action taken.St louis county sheriff notified.",2024-05-09T15:05:00Z,46.8421,-92.393,3100.0,medium
15238,2024-05-09,Portland,Oregon,"Prelim information (INFO) from federal aviation administration (FAA) operations (OPS): portland, or / unmanned aircraft systems (UAS) sighting/1609p/portland airport traffic control tower (ATCT) advised, pilatus pc12, pacific daylight time (PDT)-pdx, reported a unmanned aircraft systems (UAS) from the 9 of the clock position while S bound at 2,000 feet 3 wnw pdx.No evasive action taken.Clark county pd notified.",2024-05-09T23:09:00Z,45.6095,-122.6644,2000.0,medium
15239,2024-05-09,Raleigh/durham,North carolina,"Prelim information (INFO) from federal aviation administration (FAA) operations (OPS): raleigh / durham, nc / unmanned aircraft systems (UAS) sighting/2000e/raleigh-durham airport traffic control tower (ATCT) advised, cessna c208, ewn-rdu, reported a unmanned aircraft systems (UAS) while northwest (NW) bound at 4,000 feet 20 se rdu.No evasive action taken.Wake county sheriff notified.",2024-05-09T00:00:00Z,35.7333,-78.6167,4000.0,medium
15240,2024-05-09,Santa monica,California,"Prelim information (INFO) from federal aviation administration (FAA) operations (OPS): santa monica, ca / unmanned aircraft systems (UAS) sighting/1330p/socal terminal radar approach control (TRACON) advised, a388, dubai, united arab emirates (OMDB)-lax, reported a unmanned aircraft systems (UAS) while W bound at 5,600 feet 5 W smo.No evasive action taken. Lapd air support notified.",2024-05-09T13:30:00Z,34.0167,-118.5167,5600.0,medium
15241,2024-05-10,Lexington,Kentucky,"Prelim information (INFO) from federal aviation administration (FAA) operations (OPS): lexington, ky / unmanned aircraft systems (UAS) sighting/1820e/lexington airport traffic control tower (ATCT) advised, cessna c172, lex-lex, reported a gray unmanned aircraft systems (UAS) at same altitude while no earlier (NE) bound at 2,000 feet 3 sw lex.No evasive action taken.Lexington pd notified.",2024-05-10T18:20:00Z,37.9735,-84.5957,2000.0,medium
15242,2024-05-10,Sacramento,California,"Prelim information (INFO) from federal aviation administration (FAA) operations (OPS): sacramento, ca / unmanned aircraft systems (UAS) sighting/1126p/norcal terminal radar approach control (TRACON) advised, mooney m20p, unkn-unkn, reported a unmanned aircraft systems (UAS) from the 4 oâ€™clock position while N bound at 6,500 feet 4 E smf.No evasive action taken.Sacramento county sheriff notified.",2024-05-10T23:26:00Z,38.6953,-121.5301,6500.0,medium
15243,2024-05-10,Santa ana,California,"Prelim information (INFO) from federal aviation administration (FAA) operations (OPS): santa ana, conflict alert (CA) / unmanned aircraft systems (UAS) sighting/1430p/socal terminal radar approach control (TRACON) advised, cessna c172, sna-sna, reported a blue unmanned aircraft systems (UAS) 200 feet aboove the aircraft (ACFT) while E bound at 3,500 feet 2 ene el toro very high frequency omnidirectional range (VOR) (ELB).No evasive action taken.Orange county sheriff's office notified.",2024-05-10T21:30:00Z,33.7061,-117.7278,3700.0,medium
15244,2024-05-10,Statesville,North carolina,"Prelim information (INFO) from federal aviation administration (FAA) operations (OPS): statesville, nc / unmanned aircraft systems (UAS) sighting/1130e/atlanta air route traffic control center (ARTCC) advised, cessna c208, reported a black unmanned aircraft systems (UAS) from the 1 of the clock position while N bound at 4,000 feet 2 N svh.No injuries reported.No evasive action taken.Leo notification not reported.",2024-05-10T11:30:00Z,35.77778,-80.95556,4000.0,medium
15245,2024-05-10,Tampa,Florida,"Prelim information (INFO) from federal aviation administration (FAA) operations (OPS): tampa, flight level (FL) / unmanned aircraft systems (UAS) sighting/1650e/tampa approach (APCH) advised, b738, jan-atl, reported unmanned aircraft systems (UAS) from the 1 of the clock position while S bound at 1,600 feet 4 N tpa.No evasive action reported.Fbi notified.",2024-05-10T16:50:00Z,27.9917,-82.3594,1600.0,medium
15246,2024-05-11,Atlanta,Georgia,"Prelim information (INFO) from federal aviation administration (FAA) operations (OPS): atlanta, general aviation (GA) / unmanned aircraft systems (UAS) sighting/1030e/atlanta terminal radar approach control (TRACON) advised, b712, dal-atl, reported unmanned aircraft systems (UAS) from the 3 of the clock position while S bound at 4,800 feet 12 no earlier (NE) atl.No evasive action taken.Dekalb pd notified.",2024-05-11T10:30:00Z,33.749,-84.388,4800.0,medium
15247,2024-05-11,Atlanta,Georgia,"Prelim information (INFO) from federal aviation administration (FAA) operations (OPS): atlanta, general aviation (GA) / unmanned aircraft systems (UAS) sighting/1426e/atlanta terminal radar approach control (TRACON) advised, b752, cancun, mexcio (MMUN)-atl, reported unmanned aircraft systems (UAS) from the 12 of the clock position while northwest (NW) bound at 5,000 feet 25 se atl.No evasive action taken.Henry county sheriff notified.",2024-05-11T14:26:00Z,33.4641,-84.1252,5000.0,medium
15248,2024-05-11,Atlanta,Georgia,"Prelim information (INFO) from federal aviation administration (FAA) operations (OPS): atlanta, general aviation (GA) / unmanned aircraft systems (UAS) sighting/1515e/atlanta terminal radar approach control (TRACON) advised, a319, cha-atl, reported a unmanned aircraft systems (UAS) from the 12 of the clock position while W bound at 2,700 feet 6 E atl.No evasive action taken.Dekalb county sheriff notified.",2024-05-11T15:15:00Z,33.6785,-84.3088,2700.0,medium
15249,2024-05-11,Houston,Texas,"Prelim information (INFO) from federal aviation administration (FAA) af operations (OPS): houston, tx / unmanned aircraft systems (UAS) sighting/1815c/houston terminal radar approach control (TRACON) advised, b737, belize city, belize (MZBZ)-hou, reported a unmanned aircraft systems (UAS) operating 200 feet above their left side while ese bound at 2,000 feet 9 wnw hou.No evasive action taken.Local fbi notified.",2024-05-11T18:15:00Z,29.7589,-95.5269,2000.0,medium
15250,2024-05-11,Miami,Florida,"Prelim information (INFO) from federal aviation administration (FAA) af operations (OPS): miami, flight level (FL) / unmanned aircraft systems (UAS) sighting/1857e/miami airport traffic control tower (ATCT) advised, e545, providenciales, turks and caicos (MBPV)-mia, reported a unmanned aircraft systems (UAS) operating 200 feet below the aircraft (ACFT) while W bound at 3,000 feet 10 E mia.No evasive action taken.Miami dade pd aviation unit notified.",2024-05-11T18:57:00Z,25.8236,-80.1454,3000.0,medium
15251,2024-05-11,Mobile,Alabama,"Prelim information (INFO) from federal aviation administration (FAA) operations (OPS): mobile, al / unmanned aircraft systems (UAS) sighting/1851c/mobile airport traffic control tower (ATCT) advised, e170, dfw-mob, reported a red unmanned aircraft systems (UAS) 500 feet below the aircraft (ACFT) while se bound at 6,000 feet 7 sw semmes vor collocated with tacan (VORTAC) (SJI).No evasive action taken. Mobile county sheriff's office at.",2024-05-11T18:51:00Z,30.6286,-88.2639,5500.0,medium
15252,2024-05-11,New york,New york,"Prelim information (INFO) from federal aviation administration (FAA) operations (OPS): new york, ny / unmanned aircraft systems (UAS) sighting/1745e/laguardia airport traffic control tower (ATCT) advised, helo, reported a white unmanned aircraft systems (UAS) at same altitude from their 3 of the clock position while W bound at 1,500 feet 2 W lga.No evasive action taken.Leo notification not reported.",2024-05-11T17:45:00Z,40.7769,-73.9075,1500.0,medium
15253,2024-05-11,Portland,Oregon,"Prelim information (INFO) from federal aviation administration (FAA) operations (OPS): portland, or / unmanned aircraft systems (UAS) sighting/2251p/portland airport traffic control tower (ATCT) advised, helo, reported a unmanned aircraft systems (UAS) while E bound at 2,600 feet 6 no earlier (NE) pdx.No evasive action taken.Port of portland pd notified.",2024-05-11T22:51:00Z,45.5897,-122.595,2600.0,medium
15254,2024-05-11,Raleigh/durham,North carolina,"Prelim information (INFO) from federal aviation administration (FAA) operations (OPS): raleigh / durham, nc / unmanned aircraft systems (UAS) sighting/1710e/raleigh-durham airport traffic control tower (ATCT) advised, piper p28a, rdu-rdu, reported a metallic colored unmanned aircraft systems (UAS) operating 100 feet below their 9 of the clock position while N bound at 3,000 feet 13 ene rdu.No injuries reported.Wake county sheriff's office notified.",2024-05-11T00:00:00Z,35.9778,-78.5764,3000.0,medium
15255,2024-05-12,Chicago,Illinois,"Prelim information (INFO) from federal aviation administration (FAA) operations (OPS): chicago, il / unmanned aircraft systems (UAS) sighting/1612c/chicago terminal radar approach control facility (TRACON) advised, b38m, sna-ord, reported a white unmanned aircraft systems (UAS) from the 12 of the clock position while W bound at 5,000 feet 19 E ord.No evasive action taken.Fbi notified.",2024-05-12T16:12:00Z,41.9742,-87.5636,5000.0,medium
15256,2024-05-12,Chicago,Illinois,"Prelim information (INFO) from federal aviation administration (FAA) af operations (OPS): chicago, il / unmanned aircraft systems (UAS) sighting/1822c/chicago terminal radar approach control (TRACON) advised, a321, phx-ord, reported a unmanned aircraft systems (UAS) from the 12 of the clock position while W bound at 4,000 feet 11 ese ord.No evasive action taken.Chicago fbi notified.",2024-05-12T18:22:00Z,41.7454,-87.5961,4000.0,medium
15257,2024-05-12,Fort pierce,Florida,"Prelim information (INFO) from federal aviation administration (FAA) operations (OPS): fort pierce, flight level (FL) / unmanned aircraft systems (UAS) sighting/1630e/fort pierce airport traffic control tower (ATCT) advised, eurocopter ec35, reported a white unmanned aircraft systems (UAS) while no earlier (NE) bound at 500 feet 2 sw fpr.No evasive action taken.Saint lucie county sheriff notified.",2024-05-12T16:30:00Z,27.4833,-80.3833,500.0,medium
15258,2024-05-12,Indianapolis,Indiana,"Prelim information (INFO) from federal aviation administration (FAA) operations (OPS): indianapolis, in / unmanned aircraft systems (UAS) sighting/1530e/indianapolis airport traffic control tower (ATCT) advised, a319, phl-ind, reported a unmanned aircraft systems (UAS) from the 3 of the clock position while sw bound at 3,100 feet 8 E brickyard very high frequency omnidirectional range (VOR).No evasive action taken.Marion county sheriff notified.",2024-05-12T15:30:00Z,39.7589,-86.1389,3100.0,medium
15259,2024-05-12,La verne,California,"Prelim information (INFO) from federal aviation administration (FAA) operations (OPS): la verne, conflict alert (CA) / unmanned aircraft systems (UAS) sighting/1115p/brackett airport traffic control tower (ATCT) advised, beech be35, point-of-contact (POC)-point-of-contact (POC), reported a black unmanned aircraft systems (UAS) 500 feet from aircraft (ACFT) while S bound at 2,000 feet 1 wsw point-of-contact (POC).No evasive action taken.Pomona pd notified.",2024-05-12T23:15:00Z,34.0908,-117.7931,2000.0,medium
15260,2024-05-12,Las vegas,Nevada,"Prelim information (INFO) from federal aviation administration (FAA) operations (OPS): las vegas, nv / unmanned aircraft systems (UAS) sighting/1510p/north las vegas airport traffic control tower (ATCT) advised, cessna c172, reported a white unmanned aircraft systems (UAS) at the 9 of the clock position while northwest (NW) bound at 3,000 feet 8 nnw las.No evasive action taken. Las vegas metropolitan (METRO) pd notified.",2024-05-12T15:10:00Z,36.2815,-115.2637,3000.0,medium
15261,2024-05-12,Las vegas,Nevada,"Prelim information (INFO) from federal aviation administration (FAA) operations (OPS): las vegas, nv / unmanned aircraft systems (UAS) sighting/1524p/north las vegas airport traffic control tower (ATCT) advised, extra e300, vgt-vgt, reported 4 white unmanned aircraft systems (UAS) at the 9 of the clock position while W bound at 4,000 feet 9 northwest (NW) las.No evasive action taken. Las vegas metropolitan (METRO) pd notified.",2024-05-12T15:24:00Z,36.2802,-115.3236,4000.0,medium
15262,2024-05-12,Little rock,Arkansas,"Prelim information (INFO) from federal aviation administration (FAA) operations (OPS): little rock, ar / unmanned aircraft systems (UAS) sighting/late report 5-12 1448c/little rock airport traffic control tower (ATCT) advised, hawker beechcraft h25b, unkn-unkn, reported a unmanned aircraft systems (UAS) from the right side while se bound at 3,500 feet 17 northwest (NW) lit.No evasive action taken.Leo notification not reported.",2024-05-12T19:48:00Z,34.9295,-92.4496,3500.0,medium
15263,2024-05-12,Minneapolis,Minnesota,"Prelim information (INFO) from federal aviation administration (FAA) operations (OPS): minneapolis, mn / unmanned aircraft systems (UAS) sighting/1714c/minneapolis terminal radar approach control (TRACON) advised, a306, sdf-msp, reported a unmanned aircraft systems (UAS) from the 12 of the clock position while wnw bound at 4,000 feet 12 ese msp.No evasive action taken.Dakota county sheriff notified.",2024-05-12T17:14:00Z,44.7639,-92.8644,4000.0,medium
15264,2024-05-12,Nashville,Tennessee,"Prelim information (INFO) from federal aviation administration (FAA) af operations (OPS): nashville, tn / unmanned aircraft systems (UAS) sighting/1311c/nashville airport traffic control tower (ATCT) advised, cessna c172, jwn-jwn, reported a unmanned aircraft systems (UAS) 200 feet above the 6 of the clock position while W bound at 3,500 feet 7 W bna.No evasive action taken. Metropolitan nashville airport (ARPT) authority notified.",2024-05-12T13:11:00Z,36.1189,-86.8281,3500.0,medium
15265,2024-05-12,Nashville,Tennessee,"Prelim information (INFO) from federal aviation administration (FAA) operations (OPS): nashville, tn / unmanned aircraft systems (UAS) sighting/1636c/nashville airport traffic control tower (ATCT) advised, b38m, dal-dca, reported a unmanned aircraft systems (UAS) from the 9 of the clock position while S bound at 2,000 feet 4 S bna.No evasive action taken. Nashville airport (ARPT) metropolitan (METRO) notified.",2024-05-12T16:36:00Z,36.0839,-86.67,2000.0,medium
15266,2024-05-12,New york,New york,"Prelim information (INFO) from federal aviation administration (FAA) operations (OPS): new york, ny / unmanned aircraft systems (UAS) sighting/1900e/kennedy airport traffic control tower (ATCT) advised, a388, milan, italy (LIMC)-jfk, reported a unmanned aircraft systems (UAS) at the 12 of the clock position while sw bound at 1,000 feet 4 no earlier (NE) jfk.No evasive action taken. John f. kennedy international (INTL) airport (ARPT) pd notified.",2024-05-12T19:00:00Z,40.6635,-73.7851,1000.0,medium
15267,2024-05-12,Oakland,California,"Prelim information (INFO) from federal aviation administration (FAA) operations (OPS): oakland, ca / unmanned aircraft systems (UAS) sighting/1540p/oakland airport traffic control tower (ATCT) advised, cessna c750, tmb-mod, reported a unmanned aircraft systems (UAS) at the 3 of the clock position while W bound at 1,000 feet 3 E oak.No evasive action taken.No leo notification reported.",2024-05-12T15:40:00Z,37.7214,-122.1703,1000.0,medium
15268,2024-05-12,Phoenix,Arizona,"Prelim information (INFO) from federal aviation administration (FAA) operations (OPS): phoenix, az / unmanned aircraft systems (UAS) sighting/1652m/chandler airport traffic control tower (ATCT) advised, cirrus sr20, reported a unmanned aircraft systems (UAS) at the 9 of the clock position while N bound at 3,200 feet 6 W iwa.No evasive action taken.Gilbert pd notified.",2024-05-12T16:52:00Z,33.2506,-112.0891,3200.0,medium
15269,2024-05-12,Savannah,Georgia,"Prelim information (INFO) from federal aviation administration (FAA) operations (OPS): savannah, general aviation (GA) / unmanned aircraft systems (UAS) sighting/1610e/savannah airport traffic control tower (ATCT) advised, cirrus sr22, pmp-ridgeland, sc (3j1), reported a black unmanned aircraft systems (UAS) 500 feet below the 3 of the clock position while nne bound at 6,500 feet 12 E sav.No evasive action taken. Savannah airport (ARPT) pd notified.",2024-05-12T16:10:00Z,32.1833,-80.8167,6000.0,medium
15270,2024-05-12,St petersburg-clearwater,Florida,"Prelim information (INFO) from federal aviation administration (FAA) operations (OPS): st petersburg-clearwater, flight level (FL) / unmanned aircraft systems (UAS) sighting/1335e/st petersburg airport traffic control tower (ATCT) advised, cessna c68a, teb-pie, reported a white unmanned aircraft systems (UAS) 500 feet from the 11 of the clock position while N bound at 1,000 feet 2 S pie.No evasive action taken.Pinellas county sheriff notified.",2024-05-12T13:35:00Z,27.893889,-82.687222,1000.0,medium
15271,2024-05-13,Boise,Idaho,"Prelim information (INFO) from federal aviation administration (FAA) operations (OPS): boise, identification (ID) / unmanned aircraft systems (UAS) incident/1645m/boise airport traffic control tower (ATCT) advised, e75l, boi-geg, reported a black unmanned aircraft systems (UAS) at the 12 of the clock position while W bound at 4,000 feet 2 W boi. Acft climbed to avoid unmanned aircraft systems (UAS). Ada county sheriff notified.",2024-05-13T16:45:00Z,43.5766,-116.2569,4000.0,medium
15272,2024-05-13,Miami,Florida,"Prelim information (INFO) from federal aviation administration (FAA) operations (OPS): miami, flight level (FL) / unmanned aircraft systems (UAS) sighting/1800e/miami airport traffic control tower (ATCT) advised, b38m, jfk-mia, reported a black unmanned aircraft systems (UAS) 500 feet below aircraft (ACFT) while ese bound at 1,500 feet 3 wnw mia.No evasive action taken.Doral pd notified.",2024-05-13T18:00:00Z,25.8056,-80.3214,1000.0,medium
15273,2024-05-13,Newark,New jersey,"Prelim information (INFO) from federal aviation administration (FAA) operations (OPS): newark, nj / unmanned aircraft systems (UAS) sighting/1910e/new york terminal radar approach control (TRACON) advised, b739, ewr-atl, reported a tan and white unmanned aircraft systems (UAS) while sw bound at 1,700 feet 2 sw ewr.No evasive action taken.New jersey homeland security notified.",2024-05-13T19:10:00Z,40.6795,-74.1802,1700.0,medium
15274,2024-05-13,Sacramento,California,"Prelim information (INFO) from federal aviation administration (FAA) operations (OPS): sacramento, ca / unmanned aircraft systems (UAS) sighting/1357p/sacramento executive airport traffic control tower (ATCT) advised, cessna c172, obseved a unmanned aircraft systems (UAS) while northbound at 1,000 feet, 5 nn3 strategic air command (SAC).No ecasive action reported.No leo notification provided.",2024-05-13T13:57:00Z,38.5038,-121.4957,1000.0,medium
15275,2024-05-13,Teterboro,New jersey,"Prelim information (INFO) from federal aviation administration (FAA) operations (OPS): teterboro, nj / unmanned aircraft systems (UAS) sighting/2015e/teterboro airport traffic control tower (ATCT) advised, british aerospace h25b, reported a black and green unmanned aircraft systems (UAS) while S bound at 900 feet 4 S teb.No evasive action taken.Port authority police department notified.",2024-05-13T00:00:00Z,40.7769,-74.0831,900.0,medium
15276,2024-05-13,Washington,District of columbia,"Prelim information (INFO) from federal aviation administration (FAA) operations (OPS): washington, dc / unmanned aircraft systems (UAS) sighting/1821e/potomac terminal radar approach control (TRACON) advised, crj9, dca-montreal, canada (CYUL), reported a black and red unmanned aircraft systems (UAS) while no earlier (NE) bound at 4,000 feet 5.73 sse dca.No evasive action taken.Prince george's county pd notified.",2024-05-13T18:21:00Z,38.7984,-77.0021,4000.0,medium
15277,2024-05-14,Boston,Massachusetts,"Prelim information (INFO) from federal aviation administration (FAA) operations (OPS): boston, ma / unmanned aircraft systems (UAS) sighting/1720e/boston terminal radar approach control (TRACON) advised, dh8d, halifax, canada (CYHZ)-bos, reported a unmanned aircraft systems (UAS) while sw bound at 4,000 feet 20 no earlier (NE) bos.No evasive action taken.Ma state pd notified.",2024-05-14T17:20:00Z,42.3656,-71.0096,4000.0,medium
15278,2024-05-14,Bridgeport,Connecticut,"Prelim information (INFO) from federal aviation administration (FAA) af operations (OPS): bridgeport, ct / unmanned aircraft systems (UAS) sighting/1125e/bridgeport fct advised, piper p28a, bdr-bdr, reported a unmanned aircraft systems (UAS) from the 3 oâ€™clock position while W bound at 4,000 feet 8 W bdr.No evasive action taken.Bridgeport pd notified.",2024-05-14T11:25:00Z,41.1634,-73.2967,4000.0,medium
15279,2024-05-14,Colorado springs,Colorado,"Prelim information (INFO) from federal aviation administration (FAA) operations (OPS): colorado springs, central office (CO) / unmanned aircraft systems (UAS) sighting/2106m/colorado springs airport traffic control tower (ATCT) advised, h60, reported a white unmanned aircraft systems (UAS) from the 2 of the clock position while E bound at 6,800 feet 3 S cos. no evasive action taken.El paso pd notified.",2024-05-14T00:00:00Z,38.7819,-104.7208,6800.0,medium
15280,2024-05-14,Sacramento,California,"Prelim information (INFO) from federal aviation administration (FAA) operations (OPS): sacramento, ca / unmanned aircraft systems (UAS) sighting/2015p/sacramento airport traffic control tower (ATCT) advised, b739, msp-smf, reported a large unmanned aircraft systems (UAS) from the 9 of the clock position while S bound at unkn altitude 19 nnw strategic air command (SAC).No evasive action taken.Communication center notified.",2024-05-14T00:00:00Z,38.795,-121.59,,medium
15281,2024-05-14,Santa monica,California,"Prelim information (INFO) from federal aviation administration (FAA) af operations (OPS): santa monica, ca / unmanned aircraft systems (UAS) sighting/1850p/socal terminal radar approach control (TRACON) advised, e75l, eug-lax, reported a unmanned aircraft systems (UAS) at the 12 of the clock position while sw bound at 11,300 feet 18 W smo.No evasive action taken.Lost hills sheriff notified.",2024-05-14T18:50:00Z,34.0522,-118.6428,11300.0,medium
15282,2024-05-14,Tampa,Florida,"Prelim information (INFO) from federal aviation administration (FAA) operations (OPS): tampa, flight level (FL) / unmanned aircraft systems (UAS) sighting/0955e/tampa airport traffic control tower (ATCT) advised, b752, atl-tpa, reported a unmanned aircraft systems (UAS) from the 3 oâ€™clock position while S bound at 800 feet 3 N tpa.No evasive action taken.Tampa fbi notified.",2024-05-14T09:55:00Z,27.9917,-82.5369,800.0,medium
15283,2024-05-14,White plains,New york,"Prelim information (INFO) from federal aviation administration (FAA) operations (OPS): white plains, ny / unmanned aircraft systems (UAS) sighting/1803e/new york terminal radar approach control (TRACON) advised, bombardier cl35, teb-hpn, reported a black unmanned aircraft systems (UAS) while W bound at 6,500 feet 8 W hpn.No evasive action taken.Westchester pd notified.",2024-05-14T18:03:00Z,41.0672,-73.8517,6500.0,medium
15284,2024-05-15,Chicago,Illinois,"Prelim information (INFO) from federal aviation administration (FAA) operations (OPS): chicago, il / unmanned aircraft systems (UAS) sighting/1305c/chicago terminal radar approach control facility (TRACON) advised, b739, ord-iah, reported silver unmanned aircraft systems (UAS) 500 feet below aircraft (ACFT) from while S bound at 6,000 feet 8 S ord.No evasive action taken.Chicago fbi notified.",2024-05-15T13:05:00Z,41.7089,-87.809,6000.0,medium
15285,2024-05-15,Kansas city,Missouri,"Prelim information (INFO) from federal aviation administration (FAA) operations (OPS): kansas city, mo / unmanned aircraft systems (UAS) sighting/1645c/downtown airport traffic control tower (ATCT) advised, beechcraft prm1, ind-mka, reported a black and white quad-copter unmanned aircraft systems (UAS) at the 9 of the clock position while S bound at 1,500 feet 2 N mkc.No evasive action taken.Kansas city pd notified.",2024-05-15T16:45:00Z,39.1397,-94.5917,1500.0,medium
15286,2024-05-15,Renton,Washington,"Prelim information (INFO) from federal aviation administration (FAA) af operations (OPS): renton, wa / unmanned aircraft systems (UAS) sighting/1955p/renton airport traffic control tower (ATCT) advised, cessna c525, reported 2 unmanned aircraft systems (UAS) at the 9 of the clock position while northwest (NW) bound at 1,200 feet 2 se rnt. Acft altered course to avoid the unmanned aircraft systems (UAS).Valley communications notified.",2024-05-15T19:55:00Z,47.4833,-122.2167,1200.0,medium
15287,2024-05-16,Chicago,Illinois,"Prelim information (INFO) from federal aviation administration (FAA) operations (OPS): chicago, il / unmanned aircraft systems (UAS) sighting/1803c/chicago airport traffic control tower (ATCT) advised, crj2, grb-ord, reported a unmanned aircraft systems (UAS) from the 3 of the clock position while W bound at 1,300 feet 1 ene ord.No evasive action taken.Cook county sheriff notified.",2024-05-16T18:03:00Z,41.9897,-87.8081,1300.0,medium
15288,2024-05-16,Dothan,Alabama,"Prelim information (INFO) from federal aviation administration (FAA) operations (OPS): dothan, al / unmanned aircraft systems (UAS) sighting/0828c/dothan fct advised, beech be20, unkn-unkn, reported a unmanned aircraft systems (UAS) while no earlier (NE) bound at 1,700 feet vcnty dhn.No evasive action taken.Leo notification not reported.",2024-05-16T08:28:00Z,31.3213,-85.4496,1700.0,medium
15289,2024-05-16,Las vegas,Nevada,"Prelim information (INFO) from federal aviation administration (FAA) operations (OPS): las vegas, nv / unmanned aircraft systems (UAS) sighting/1743p/las vegas terminal radar approach control facility (TRACON) advised, a320, las-dfw, reported a white unmanned aircraft systems (UAS) while E bound at 8,000 feet 14 ene las.No evasive action taken. Las vegas metropolitan (METRO) pd notified.",2024-05-16T17:43:00Z,36.2875,-114.7236,8000.0,medium
15290,2024-05-16,Memphis,Tennessee,"Prelim information (INFO) from federal aviation administration (FAA) operations (OPS): memphis, tn / unmanned aircraft systems (UAS) sighting/2055c/memphis airport traffic control tower (ATCT) advised, a320, lax-mem, reported unmanned aircraft systems (UAS) at the 12 of the clock position while N bound at 1,500 feet 3 S mem.No evasive action taken.Southaven pd notified.",2024-05-16T20:55:00Z,35.0222,-89.9792,1500.0,medium
15291,2024-05-16,Orlando,Florida,"Prelim information (INFO) from federal aviation administration (FAA) operations (OPS): orlando, flight level (FL) / unmanned aircraft systems (UAS) sighting/0750e/central florida terminal radar approach control (TRACON) advised, pilatus pc12, unkn-unkn, reported a unmanned aircraft systems (UAS) from the 3 oâ€™clock position while E bound at 3,900 feet 8 no earlier (NE) sfb.No evasive action taken.Seminole county aviation notified.",2024-05-16T07:50:00Z,28.7767,-81.2356,3900.0,medium
15292,2024-05-16,Orlando,Florida,"Prelim information (INFO) from federal aviation administration (FAA) operations (OPS): orlando, flight level (FL) / unmanned aircraft systems (UAS) sighting/0759e/sanford airport traffic control tower (ATCT) advised, pilatus pc12, unkn-unkn, reported a black unmanned aircraft systems (UAS) while W bound at 1,500 feet 2 E sfb.No evasive action taken.Seminole county aviation unit notified.",2024-05-16T07:59:00Z,28.7833,-81.2,1500.0,medium
15293,2024-05-16,San jose,California,"Prelim information (INFO) from federal aviation administration (FAA) operations (OPS): san jose, ca / unmanned aircraft systems (UAS) sighting/1923p/norcal terminal radar approach control (TRACON) advised, b763, sjc-sdf, reported a unmanned aircraft systems (UAS) while ese bound at 8,000 feet 6 ene sjc.Leo notification not reported.",2024-05-16T19:23:00Z,37.4029,-121.7944,8000.0,medium
15294,2024-05-16,Washington,District of columbia,"Prelim information (INFO) from federal aviation administration (FAA) operations (OPS): washington, dc / unmanned aircraft systems (UAS) sighting/2019e/washington airport traffic control tower (ATCT) advised, helo uh60, reported a unmanned aircraft systems (UAS) while ene bound at 1,000 feet 5.7 ene dca.No evasive action taken. Dc metropolitan (METRO) pd notified.",2024-05-16T00:00:00Z,38.9072,-76.9651,1000.0,medium
15295,2024-05-17,Las vegas,Nevada,"Prelim information (INFO) from federal aviation administration (FAA) operations (OPS): las vegas, nv / unmanned aircraft systems (UAS) sighting/1510p/las vegas terminal radar approach control facility (TRACON) advised, gulfstream glf5, reported a unmanned aircraft systems (UAS) while sse bound at 5,500 feet 2 no earlier (NE) las.No evasive action taken. Las vegas metropolitan (METRO) pd notified.",2024-05-17T15:10:00Z,36.08,-115.1522,5500.0,medium
15296,2024-05-17,Philadelphia,Pennsylvania,"Prelim information (INFO) from federal aviation administration (FAA) operations (OPS): philadelphia, public address (PA) / unmanned aircraft systems (UAS) sighting/2000e/philadelphia airport traffic control tower (ATCT) advised, e145, myr-phl, reported a unmanned aircraft systems (UAS) from the 1 of the clock position while S bound at 2,500 feet 10 N phl.No evasive action taken. Philadelphia international (INTL) airport (ARPT) dispatch notified.",2024-05-17T00:00:00Z,40.0793,-75.0636,2500.0,medium
15297,2024-05-17,Tampa,Florida,"Prelim information (INFO) from federal aviation administration (FAA) operations (OPS): tampa, flight level (FL) / unmanned aircraft systems (UAS) sighting/1517e/tampa airport traffic control tower (ATCT) advised, cessna c560, teb-tpa, reported a silver unmanned aircraft systems (UAS) while ssw bound at 3,500 feet 15 nne tpa.No evasive action taken.Fbi notified.",2024-05-17T15:17:00Z,28.1833,-82.4,3500.0,medium
15298,2024-05-17,Tyler,Texas,"Prelim information (INFO) from federal aviation administration (FAA) operations (OPS): tyler, tx / unmanned aircraft systems (UAS) sighting/0731c/fort worth air route traffic control center (ARTCC) advised, beech be55, jxi-maf, reported a unmanned aircraft systems (UAS) from the 9 of the clock position while wsw bound at 8,000 feet 15 W tyr.No evasive action taken.Van zandt county constable notified.",2024-05-17T07:31:00Z,32.3543,-95.6064,8000.0,medium
15299,2024-05-18,Lansing,Michigan,"Prelim information (INFO) from federal aviation administration (FAA) operations (OPS): lansing, mile (MI) / unmanned aircraft systems (UAS) sighting/1528e/kalamazoo airport traffic control tower (ATCT) advised, piper p28a, reported a silver unmanned aircraft systems (UAS) while ssw bound at 4,500 feet 10 ese lan.No evasive action taken.Michigan state pd notified.",2024-05-18T15:28:00Z,42.6167,-84.3833,4500.0,medium
15300,2024-05-18,New york,New york,"Prelim information (INFO) from federal aviation administration (FAA) operations (OPS): new york, ny / unmanned aircraft systems (UAS) sighting/0938e/la guardia airport traffic control tower (ATCT) advised, crj9, ind-lga, reported a unmanned aircraft systems (UAS) 100 feet above aircraft (ACFT) while no earlier (NE) bound at 2,000 feet 5 sw lga.No evasive action taken.New york pd aviation unit notified.",2024-05-18T09:38:00Z,40.7128,-73.8594,2100.0,medium
15301,2024-05-18,New york,New york,"Prelim information (INFO) from federal aviation administration (FAA) operations (OPS): new york, ny / unmanned aircraft systems (UAS) sighting/1230e/new york terminal radar approach control (TRACON) advised, e75s, dca-lga, reported a unmanned aircraft systems (UAS) from the 10 of the clock position while no earlier (NE) bound at 4,700 feet 70 sw lga.No evasive action taken.New york pd aviation unit notified.",2024-05-18T12:30:00Z,40.5789,-74.1825,4700.0,medium
15302,2024-05-18,New york,New york,"Prelim information (INFO) from federal aviation administration (FAA) operations (OPS): new york, ny / unmanned aircraft systems (UAS) sighting/1541e/la guardia airport traffic control tower (ATCT) advised, crj9, cle-lga, reported a unmanned aircraft systems (UAS) while no earlier (NE) bound at 2,900 feet 5 sw lga.No evasive action taken.New york pd aviation unit notified.",2024-05-18T15:41:00Z,40.7128,-73.8594,2900.0,medium
15303,2024-05-18,Santa ana,California,"Prelim information (INFO) from federal aviation administration (FAA) operations (OPS): santa ana, ca / unmanned aircraft systems (UAS) sighting/1226p/socal terminal radar approach control (TRACON) advised, b38m, ord-sna, reported a yellow unmanned aircraft systems (UAS) from the 10 of the clock position while S bound at 2,000 feet 2 se sna.No evasive action taken.Orange county sheriff notified.",2024-05-18T19:26:00Z,33.6667,-117.8667,2000.0,medium
15304,2024-05-18,Tulsa,Oklahoma,"Prelim information (INFO) from federal aviation administration (FAA) operations (OPS): tulsa, ok / unmanned aircraft systems (UAS) sighting/1055c/tulsa airport traffic control tower (ATCT) advised, cessna c206, reported a black unmanned aircraft systems (UAS) from the 9 of the clock position while S bound at 1,000 feet 5 W tul.No evasive action taken.Tulsa pd notified.",2024-05-18T10:55:00Z,36.1984,-96.0667,1000.0,medium
15305,2024-05-19,Atlanta,Georgia,"Prelim information (INFO) from federal aviation administration (FAA) operations (OPS): atlanta, general aviation (GA) / unmanned aircraft systems (UAS) sighting/1532e/dekalb-peachtree airport traffic control tower (ATCT) advised, piper pa46, pdk-dzj, reported a silver unmanned aircraft systems (UAS) from the 9 of the clock position while ssw bound at 2,500 feet 4 ssw pdk.No evasive action taken.Chamblee pd notified.",2024-05-19T15:32:00Z,33.8403,-84.3213,2500.0,medium
15306,2024-05-19,Chicago,Illinois,"Prelim information (INFO) from federal aviation administration (FAA) operations (OPS): chicago, il / unmanned aircraft systems (UAS) sighting/1929c/chicago terminal radar approach control (TRACON) advised, b737, cos-mdw, reported a unmanned aircraft systems (UAS) from the 12 oâ€™clock position while no earlier (NE) bound at 4,000 feet 15 sw mdw.No evasive action taken.Fbi notified.",2024-05-19T19:29:00Z,41.6667,-87.9167,4000.0,medium
15307,2024-05-19,Dallas,Texas,"Prelim information (INFO) from federal aviation administration (FAA) operations (OPS): dallas, tx / unmanned aircraft systems (UAS) sighting/1241c/dallas love airport traffic control tower (ATCT) advised, beech be20, reported a silver unmanned aircraft systems (UAS) at the 3 of the clock position while se bound at 2,000 feet 1 se dal.No evasive action taken.Dfw dps notified.",2024-05-19T12:41:00Z,32.8378,-96.8378,2000.0,medium
15308,2024-05-19,Fort worth,Texas,"Prelim information (INFO) from federal aviation administration (FAA) operations (OPS): fort worth, tx / unmanned aircraft systems (UAS) sighting/1810c/meacham airport traffic control tower (ATCT) advised, cessna c560, olv-ftw, reported a unmanned aircraft systems (UAS) from the 12 oâ€™clock position while sse bound at 2,000 feet vcnty ftw.No evasive action taken.Dps notified.",2024-05-19T18:10:00Z,32.819722,-97.362778,2000.0,medium
15309,2024-05-19,Gary,Indiana,"Prelim information (INFO) from federal aviation administration (FAA) operations (OPS): gary, in / unmanned aircraft systems (UAS) sighting/1725c/chicago terminal radar approach control (TRACON) advised, diamond da40, unkn-unkn, reported unmanned aircraft systems (UAS) from the 12 of the clock position while E bound at 5,000 feet 5 W gyy.No evasive action taken.Fbi notified.",2024-05-19T17:25:00Z,41.6153,-87.4128,5000.0,medium
15310,2024-05-19,Indianapolis,Indiana,"Prelim information (INFO) from federal aviation administration (FAA) operations (OPS): indianapolis, in / unmanned aircraft systems (UAS) sighting/1815e/indianapolis approach (APCH) advised, diamond da40, ind-ind, reported unmanned aircraft systems (UAS) from the 3 of the clock position while W bound at 2,700 feet 4 no earlier (NE) ind.No evasive action taken.Marion county sheriff notified.",2024-05-19T18:15:00Z,39.717,-86.2944,2700.0,medium
15311,2024-05-19,Louisville,Kentucky,"Prelim information (INFO) from federal aviation administration (FAA) operations (OPS): louisville, ky / unmanned aircraft systems (UAS) sighting/1543e/standiford airport traffic control tower (ATCT) advised, taxilane (TL) ultralight tl20, mwc-sdf, reported a black and silver unmanned aircraft systems (UAS) from the 9 of the clock position while se bound at 2,000 feet 6 W sdf.No evasive action taken. Louisville metropolitan (METRO) pd notified.",2024-05-19T15:43:00Z,38.1441,-85.8962,2000.0,medium
15312,2024-05-19,Orlando,Florida,"Prelim information (INFO) from federal aviation administration (FAA) operations (OPS): orlando, flight level (FL) / unmanned aircraft systems (UAS) sighting/0940e/orlando airport traffic control tower (ATCT) advised, a320, abe-mco, reported a unmanned aircraft systems (UAS) while N bound at 1,400 feet 4 S mco.No evasive action taken.Orange county sheriff notified.",2024-05-19T09:40:00Z,28.3696,-81.3089,1400.0,medium
15313,2024-05-19,Seattle,Washington,"Prelim information (INFO) from federal aviation administration (FAA) af operations (OPS): seattle, wa / unmanned aircraft systems (UAS) sighting/0222p/boeing airport traffic control tower (ATCT) advised, eurocopter ec35, reported a unmanned aircraft systems (UAS) at the 11 of the clock position while northwest (NW) bound at 700 feet 4.5 W bfi.No evasive action taken.No leo notification reported.",2024-05-19T02:22:00Z,47.5099,-122.3715,700.0,medium
15314,2024-05-20,Akron,Ohio,"Prelim information (INFO) from federal aviation administration (FAA) operations (OPS): akron, oh / unmanned aircraft systems (UAS) sighting/1300e/cleveland airport traffic control tower (ATCT) advised, crj2, ord-cak, reported a grey unmanned aircraft systems (UAS) from the 1 of the clock position while ese bound at 5,000 feet 16 N cak.No evasive action taken.Cleveland fbi notified.",2024-05-20T13:00:00Z,41.1375,-81.2667,5000.0,medium
15315,2024-05-20,Atlanta,Georgia,"Prelim information (INFO) from federal aviation administration (FAA) operations (OPS): atlanta, general aviation (GA) / unmanned aircraft systems (UAS) sighting/0856e/atlanta terminal radar approach control (TRACON) advised, a321, lga-atl, reported a unmanned aircraft systems (UAS) from the 10 of the clock position while S bound at 4,000 feet 10 wnw atl.No evasive action taken.Fulton county pd notified.",2024-05-20T08:56:00Z,33.8321,-84.5997,4000.0,medium
15316,2024-05-20,Burbank,California,"Prelim information (INFO) from federal aviation administration (FAA) operations (OPS): burbank, conflict alert (CA) / unmanned aircraft systems (UAS) sighting/1749p/burbank airport traffic control tower (ATCT) advised, b737, oak-bur, reported possible unmanned aircraft systems (UAS) or balloon from the 3 of the clock position while E bound at 1,800 feet 2 W bur.No evasive action reported.Lapd notified.",2024-05-20T17:49:00Z,34.2016,-118.3859,1800.0,medium
15317,2024-05-20,Detroit,Michigan,"Prelim information (INFO) from federal aviation administration (FAA) operations (OPS): detroit, mile (MI) / unmanned aircraft systems (UAS) sighting/0715e/c-regional operations center (ROC) advised, a321, dtw-rsw, reported a box-shaped unmanned aircraft systems (UAS) with green and red lights at unkn altitude 17 se dtw.No evasive action taken.Leo notification not reported.",2024-05-20T07:15:00Z,42.1033,-83.1446,,medium
15318,2024-05-20,Montgomery,Alabama,"Prelim information (INFO) from federal aviation administration (FAA) operations (OPS): montgomery, al / unmanned aircraft systems (UAS) sighting/2010c/dannelly airport traffic control tower (ATCT) advised, piper p28a, sav-mgm, reported a unmanned aircraft systems (UAS) while E bound at 500 feet 5 nne mgm.No evasive action taken.Alabama st pd notified.",2024-05-20T00:00:00Z,32.3667,-86.3,500.0,medium
15319,2024-05-20,New york,New york,"Prelim information (INFO) from federal aviation administration (FAA) operations (OPS): new york, ny / unmanned aircraft systems (UAS) sighting/1325e/new york terminal radar approach control facility (TRACON) advised, crj9, ind-lga, reported a red unmanned aircraft systems (UAS) at same altitude from their 3 of the clock position while no earlier (NE) bound at 3,000 feet 5 W lga.No evasive action reported.Nypd notified.",2024-05-20T13:25:00Z,40.7569,-73.9028,3000.0,medium
15320,2024-05-20,Portland,Maine,"Prelim information (INFO) from federal aviation administration (FAA) af operations (OPS): portland, me / unmanned aircraft systems (UAS) sighting/0930e/portland airport traffic control tower (ATCT) advised, augusta a109, reported a unmanned aircraft systems (UAS) at the 9 of the clock position while E bound at 300 feet 2 E pwm.No evasive action taken.Portland pd notified.",2024-05-20T09:30:00Z,43.6591,-70.2568,300.0,medium
15321,2024-05-20,Raleigh/durham,North carolina,"Prelim information (INFO) from federal aviation administration (FAA) operations (OPS): raleigh / durham, nc / unmanned aircraft systems (UAS) sighting/2029e/raleigh-durham airport traffic control tower (ATCT) advised, cessna c172, rdu-rdu, reported a unmanned aircraft systems (UAS) from the 10 oâ€™clock position while wnw bound at 3,500 feet 10 nne rdu.No evasive action taken.Orange county sheriff notified.",2024-05-20T00:00:00Z,36.0331,-78.7752,3500.0,medium
15322,2024-05-20,Savannah,Georgia,"Prelim information (INFO) from federal aviation administration (FAA) af operations (OPS): savannah, general aviation (GA) / unmanned aircraft systems (UAS) incident/1311e/savannah airport traffic control tower (ATCT) advised, cessna c56x, fxe-hxd, reported a black unmanned aircraft systems (UAS) at same altitude while nne bound at 1,100 feet 35 S sav. Acft turned to avoid unmanned aircraft systems (UAS). Arpt pd notified.",2024-05-20T13:11:00Z,31.7969,-81.1897,1100.0,medium
15323,2024-05-21,Charlotte,North carolina,"Prelim information (INFO) from federal aviation administration (FAA) operations (OPS): charlotte, nc / unmanned aircraft systems (UAS) sighting/1147e/charlotte airport traffic control tower (ATCT) advised, e145, phf-clt, reported a black unmanned aircraft systems (UAS) at the 11 of the clock position while wsw bound at 11,000 feet 14 E clt.No evasive action taken.Kannapolis pd notified.",2024-05-21T11:47:00Z,35.3136,-80.5681,11000.0,medium
15324,2024-05-21,Denver,Colorado,"Prelim information (INFO) from federal aviation administration (FAA) operations (OPS): denver, central office (CO) / unmanned aircraft systems (UAS) sighting/1012m/denver terminal radar approach control (TRACON) advised, e145, hob-den, reported a unmanned aircraft systems (UAS) while northwest (NW) bound at 11,000 feet 25 S den.No evasive action taken. Dia pd notified.",2024-05-21T00:00:00Z,39.5614,-104.8491,11000.0,medium
15325,2024-05-21,Grand junction,Colorado,"Prelim information (INFO) from federal aviation administration (FAA) operations (OPS): grand junction, central office (CO) / unmanned aircraft systems (UAS) sighting/1400m/grand junction federal contract tower (FCT) advised, piper p28a, gjt-gjt, reported a yellow and orange unmanned aircraft systems (UAS) from the 3 of the clock position while wnw bound at 5,600 feet vcnty gjt.No evasive action taken.Leo notification not reported.",2024-05-21T14:00:00Z,39.1225,-108.5267,5600.0,medium
15326,2024-05-21,Washington,District of columbia,"Prelim information (INFO) from federal aviation administration (FAA) af operations (OPS): washington, dc / unmanned aircraft systems (UAS) sighting/1357e/washington national airport traffic control tower (ATCT) advised, uh60, reported a unmanned aircraft systems (UAS) while no earlier (NE) bound at 700 feet 10 no earlier (NE) dca.No evasive action taken.Pg county pd notified.",2024-05-21T13:57:00Z,38.8719,-77.0563,700.0,medium
15327,2024-05-21,Windsor locks,Connecticut,"Prelim information (INFO) from federal aviation administration (FAA) operations (OPS): windsor locks, ct / unmanned aircraft systems (UAS) sighting/1745e/boston air route traffic control center (ARTCC) advised, b38m, dfw-bdl, reported silver unmanned aircraft systems (UAS) 155 feet below aircraft (ACFT) while northwest (NW) bound at 16,000 feet 10 se bdl.No evasive action reported.Suffolk county pd notified.",2024-05-21T17:45:00Z,41.8667,-72.5667,16000.0,medium
15328,2024-05-22,Baltimore,Maryland,"Prelim information (INFO) from federal aviation administration (FAA) operations (OPS): baltimore, md / unmanned aircraft systems (UAS) sighting/0723e/potomac terminal radar approach control (TRACON) advised, bombardier cl60, reported a unmanned aircraft systems (UAS) while N bound at 6,700 feet 9 ene baltimore vor collocated with tacan (VORTAC) (BAL).No evasive action taken.Baltimore county pd notified.",2024-05-22T07:23:00Z,39.3333,-76.4167,6700.0,medium
15329,2024-05-22,Chicago,Illinois,"Prelim information (INFO) from federal aviation administration (FAA) operations (OPS): chicago, il / unmanned aircraft systems (UAS) sighting/0646c/chicago terminal radar approach control (TRACON) advised, e170, orf-ord, reported white unmanned aircraft systems (UAS) at 5,100 feet from the 12 of the clock position while W bound at 5,100 feet 15 E ord.No evasive action taken.Chicago fbi notified.",2024-05-22T06:46:00Z,41.9742,-87.6861,5100.0,medium
15330,2024-05-22,Fairhope,Alabama,"Prelim information (INFO) from federal aviation administration (FAA) operations (OPS): fairhope, al / unmanned aircraft systems (UAS) incident/1308c/pensacola approach (APCH) advised, cessna c172, bay st louis, ms (HSA)-pns, reported a black unmanned aircraft systems (UAS) at the 12 of the clock position while E bound at 5,000 feet 7 E cqf. Acft climbed 300 feet to avoid unmanned aircraft systems (UAS).Baldwin county sheriff notified.",2024-05-22T13:08:00Z,30.4627,-87.7772,5000.0,medium
15331,2024-05-22,Indianapolis,Indiana,"Prelim information (INFO) from federal aviation administration (FAA) operations (OPS): indianapolis, in / unmanned aircraft systems (UAS) sighting/2052e/indianapolis airport traffic control tower (ATCT) advised, eurocopter ec45, indianapolis, in (8a4)-huf, reported a unmanned aircraft systems (UAS) from the 1 of the clock position while sw bound at 1,700 feet 8 se brickyard very high frequency omnidirectional range (VOR).No evasive action taken.Marion county sheriff notified.",2024-05-22T20:52:00Z,39.7589,-86.1522,1700.0,medium
15332,2024-05-22,Las vegas,Nevada,"Prelim information (INFO) from federal aviation administration (FAA) operations (OPS): las vegas, nv / unmanned aircraft systems (UAS) sighting/0725p/north las vegas airport traffic control tower (ATCT) advised, cessna c206, observed a quad-copter unmanned aircraft systems (UAS) while southwest bound at 4,000 feet, 10 nnw vgt. Uas was approximately 1,000 feet below.No evasive action reported.No leo notification information provided.",2024-05-22T19:25:00Z,36.2812,-115.2611,4000.0,medium
15333,2024-05-22,Milwaukee,Wisconsin,"Prelim information (INFO) from federal aviation administration (FAA) operations (OPS): milwaukee, wi / unmanned aircraft systems (UAS) sighting/1944c/milwaukee airport traffic control tower (ATCT) advised, cessna c208, imt-mke, reported a unmanned aircraft systems (UAS) 200 feet off the left side while S bound at 3,800 feet 13.45 N mke.No evasive action taken.Milwaukee county sheriff notified.",2024-05-22T19:44:00Z,43.1067,-87.9958,3800.0,medium
15334,2024-05-22,New york,New york,"Prelim information (INFO) from federal aviation administration (FAA) af operations (OPS): new york, ny / unmanned aircraft systems (UAS) sighting/1810e/kennedy airport traffic control tower (ATCT) advised, e75l, ord-jfk, reported a unmanned aircraft systems (UAS) at the 11 of the clock position while ssw bound at 400 feet 1 mile final to runway 22l.No evasive action taken.New york port authority notified.",2024-05-22T18:10:00Z,40.6397,-73.7789,400.0,medium
15335,2024-05-22,Tucson,Arizona,"Prelim information (INFO) from federal aviation administration (FAA) af operations (OPS): tucson, az / unmanned aircraft systems (UAS) sighting/1854m/tucson terminal radar approach control (TRACON) advised, piper p28a, avq-avq, reported a unmanned aircraft systems (UAS) from the 1 of the clock position while E bound at 4,000 feet 7 N tus.No evasive action taken.Local leo notified.",2024-05-22T18:54:00Z,32.1833,-110.9167,4000.0,medium
15336,2024-05-23,Detroit,Michigan,"Prelim information (INFO) from federal aviation administration (FAA) operations (OPS): detroit, mile (MI) / unmanned aircraft systems (UAS) sighting/1123e/detroit airport traffic control tower (ATCT) advised, e75l, mdw-dtw, reported unmanned aircraft systems (UAS) at the 12 of the clock position while sw bound at 3,000 feet 8 N detroit very high frequency omnidirectional range (VOR)-distance measuring equipment (DME).No evasive action taken. Detroit airport (ARPT) pd notified.",2024-05-23T11:23:00Z,42.4833,-83.2167,3000.0,medium
15337,2024-05-23,El monte,California,"Prelim information (INFO) from federal aviation administration (FAA) operations (OPS): el monte, conflict alert (CA) / unmanned aircraft systems (UAS) sighting/1519p/el monte airport traffic control tower (ATCT) advised, diamond da40, emt-emt, reported a unmanned aircraft systems (UAS) from the 3 of the clock position while E bound at 3,000 feet 3 nnw emt.No evasive action taken.Arcadia pd notified.",2024-05-23T15:19:00Z,34.0936,-118.0575,3000.0,medium
15338,2024-05-23,Indianapolis,Indiana,"Prelim information (INFO) from federal aviation administration (FAA) operations (OPS): indianapolis, in / unmanned aircraft systems (UAS) sighting/1858e/indianapolis approach (APCH) advised, diamond da40, ind-ind, reported a red unmanned aircraft systems (UAS) at the 3 of the clock position while se bound at 2,500 feet 4 ese brickyard vor collocated with tacan (VORTAC).No evasive action taken.Marion county sheriff notified.",2024-05-23T18:58:00Z,39.7589,-86.2389,2500.0,medium
15339,2024-05-23,Moses lake,Washington,"Prelim information (INFO) from federal aviation administration (FAA) operations (OPS): moses lake, wa / unmanned aircraft systems (UAS) sighting/1444p/moses lake approach (APCH) advised, c17, tcm-tcm, reported metallic quad-copter unmanned aircraft systems (UAS) 400 feet below aircraft (ACFT) while wnw bound at 3,300 feet 5 northwest (NW) mwh.No evasive action taken.Grant county sheriff notified.",2024-05-23T14:44:00Z,47.2291,-119.4042,3300.0,medium
15340,2024-05-23,Raleigh/durham,North carolina,"Prelim information (INFO) from federal aviation administration (FAA) operations (OPS): raleigh-durham, nc / unmanned aircraft systems (UAS) sighting/1917e/washington air route traffic control center (ARTCC) advised, b39m, rdu-sfo, reported a black unmanned aircraft systems (UAS) at the 3 of the clock position while wsw bound at 14,100 feet 18 W rdu.No evasive action taken.Leo notification not provided.",2024-05-23T19:17:00Z,35.8722,-79.0559,14100.0,medium
15341,2024-05-24,Chicago,Illinois,"Prelim information (INFO) from federal aviation administration (FAA) operations (OPS): chicago, il / unmanned aircraft systems (UAS) sighting/1637c/chicago terminal radar approach control (TRACON) advised, b748, anc-ord, reported a white unmanned aircraft systems (UAS) while E bound at 3,800 feet 7 W ord.No evasive action taken.Chicago fbi notified.",2024-05-24T16:37:00Z,41.9796,-87.9045,3800.0,medium
15342,2024-05-24,Denver,Colorado,"Prelim information (INFO) from federal aviation administration (FAA) operations (OPS): denver, central office (CO) / unmanned aircraft systems (UAS) sighting/1950m/denver terminal radar approach control (TRACON) advised, a20n, las-den, reported a white unmanned aircraft systems (UAS) while N bound at 11,000 feet 7 wnw den.No evasive action reported. Denver airport (ARPT) pd notified.",2024-05-24T19:50:00Z,39.8611,-105.0828,11000.0,medium
15343,2024-05-24,New york,New york,"Prelim information (INFO) from federal aviation administration (FAA) operations (OPS): new york, ny / unmanned aircraft systems (UAS) sighting/1245e/kennedy airport traffic control tower (ATCT) advised, cessna c68a, jfk-wwd, reported a black unmanned aircraft systems (UAS) while sw bound at 2,700 feet vcnty jfk.No evasive action taken.Port authority of ny-nj notified.",2024-05-24T12:45:00Z,40.6413,-73.7781,2700.0,medium
15344,2024-05-24,Pittsburgh,Pennsylvania,"Prelim information (INFO) from federal aviation administration (FAA) af operations (OPS): pittsburgh, public address (PA) / unmanned aircraft systems (UAS) sighting/0750e/alleghany airport traffic control tower (ATCT) advised, cessna c172, reported a yellow unmanned aircraft systems (UAS) while S bound at 2,200 feet 1 sw agc.No evasive action taken.Local leos notified.",2024-05-24T07:50:00Z,40.3481,-79.9347,2200.0,medium
15345,2024-05-24,Pittsburgh,Pennsylvania,"Prelim information (INFO) from federal aviation administration (FAA) operations (OPS): pittsburgh, public address (PA) / unmanned aircraft systems (UAS) sighting/0750e/alleghany airport traffic control tower (ATCT) advised, cessna c172, reported a yellow unmanned aircraft systems (UAS) while S bound at 2,200 feet 1 sw agc.No evasive action taken.Local leos notified.",2024-05-24T07:50:00Z,40.3481,-79.9347,2200.0,medium
15346,2024-05-24,Pittsburgh,Pennsylvania,"Prelim information (INFO) from federal aviation administration (FAA) operations (OPS): pittsburgh, public address (PA) / unmanned aircraft systems (UAS) sighting/0750e/allegheny airport traffic control tower (ATCT) advised, cessna c172, reported a yellow unmanned aircraft systems (UAS) while S bound at 2,200 feet 1 sw agc.No evasive action taken.Local leos notified.",2024-05-24T07:50:00Z,40.3481,-79.9347,2200.0,medium
15347,2024-05-24,Washington,District of columbia,"Prelim information (INFO) from federal aviation administration (FAA) operations (OPS): washington, dc / unmanned aircraft systems (UAS) sighting/0735e/potomac terminal radar approach control (TRACON) advised, a319, rdu-dca, reported a blue unmanned aircraft systems (UAS) from the 12 of the clock position while S bound at 6,000 feet 4 ese dca.No evasive action taken.Prince george county pd notified.",2024-05-24T07:35:00Z,38.8214,-76.9097,6000.0,medium
15348,2024-05-25,Anchorage,Alaska,"Prelim information (INFO) from federal aviation administration (FAA) operations (OPS): anchorage, ak / unmanned aircraft systems (UAS) sighting/1800l/anchorage airport traffic control tower (ATCT) advised, cessna c172, reported a unmanned aircraft systems (UAS) while wnw bound at 1,800 feet 9 nnw anchorage very high frequency omnidirectional range (VOR).No evasive action taken.Matcom dispatch notified.",2024-05-25T18:00:00Z,61.3333,-150.1667,1800.0,medium
15349,2024-05-25,Chicago,Illinois,"Prelim information (INFO) from federal aviation administration (FAA) operations (OPS): chicago, il / unmanned aircraft systems (UAS) sighting/2242c/midway airport traffic control tower (ATCT) advised, b737, mco-mdw, reported an amber-lighted unmanned aircraft systems (UAS) from their 9 of the clock position while no earlier (NE) bound at 1,000 feet 2 sw mdw.No evasive action taken.Police2, helo, was notified.",2024-05-25T22:42:00Z,41.7731,-87.7594,1000.0,medium
15350,2024-05-25,Los angeles,California,"Prelim information (INFO) from federal aviation administration (FAA) operations (OPS): los angeles, ca / unmanned aircraft systems (UAS) sighting/1618p/socal terminal radar approach control (TRACON) advised, b744, findel, luxembourg (ELLX)-lax, reported a brown unmanned aircraft systems (UAS) 150 feet from their 9 of the clock position while wsw bound at 3,100 feet 18 ene lax.No evasive action reported. Lapd air support division notified.",2024-05-25T16:18:00Z,34.0522,-118.2437,3100.0,medium
15351,2024-05-25,Los angeles,California,"Prelim information (INFO) from federal aviation administration (FAA) operations (OPS): los angeles, ca / unmanned aircraft systems (UAS) sighting/1706p/socal terminal radar approach control (TRACON) advised, b38m, bzn-lax, reported a black unmanned aircraft systems (UAS) from the 3 of the clock position while wsw bound at 9,500 feet 35 ene lax.No evasive action taken.Riverside county sheriff notified.",2024-05-25T17:06:00Z,34.2833,-117.7167,9500.0,medium
15352,2024-05-25,Los angeles,California,"Prelim information (INFO) from federal aviation administration (FAA) operations (OPS): los angeles, ca / unmanned aircraft systems (UAS) sighting/1707p/socal terminal radar approach control facility (TRACON) advised, b38m, phx-lax, reported a unmanned aircraft systems (UAS) from the 3 of the clock position while wsw bound at 9,300 feet 35 ene lax.No evasive action taken.Riverside county sheriff notified.",2024-05-25T17:07:00Z,34.2833,-117.7167,9300.0,medium
15353,2024-05-25,Madison,Mississippi,"Prelim information (INFO) from federal aviation administration (FAA) operations (OPS): madison, ms / unmanned aircraft systems (UAS) sighting/1232c/jackson airport traffic control tower (ATCT) advised, beech be35, reported a silver unmanned aircraft systems (UAS) off right side while northwest (NW) bound at 4,400 feet 13 se magnolia vor collocated with tacan (VORTAC).No evasive action taken.Rankin county sheriff notified.",2024-05-25T12:32:00Z,32.2167,-90.0667,4400.0,medium
15354,2024-05-25,Nashville,Tennessee,"Prelim information (INFO) from federal aviation administration (FAA) operations (OPS): nashville, tn / unmanned aircraft systems (UAS) sighting/1041c/nashville approach advised, cessna c172, while westbound at 2,000 feet observed a unmanned aircraft systems (UAS) 500 feet below.No evasive action reported.Airborne police asset notified.",2024-05-25T10:41:00Z,36.1263,-86.6774,2000.0,medium
15355,2024-05-25,Philadelphia,Pennsylvania,"Prelim information (INFO) from federal aviation administration (FAA) af operations (OPS): philadelphia, public address (PA) / unmanned aircraft systems (UAS) sighting/1605e/philadelphia approach advised, crj9, ric-phl, observed a unmanned aircraft systems (UAS) while westbound at 5,000 feet, 9 se phl.No evasive action reported.No leo notification provided.",2024-05-25T16:05:00Z,39.8087,-75.0502,5000.0,medium
15356,2024-05-25,Portland,Oregon,"Prelim information (INFO) from federal aviation administration (FAA) operations (OPS): portland, or / unmanned aircraft systems (UAS) sighting/1804p/portland airport traffic control tower (ATCT) advised, cessna c182, reported a unmanned aircraft systems (UAS) from the 3 of the clock position while W bound at 2,000 feet 5 sse pdx.No evasive action taken.Port of portland pd notified.",2024-05-25T18:04:00Z,45.4641,-122.5957,2000.0,medium
15357,2024-05-25,Sarasota-bradenton,Florida,"Prelim information (INFO) from federal aviation administration (FAA) operations (OPS): sarasota-bradenton, flight level (FL) / unmanned aircraft systems (UAS) sighting/1235e/sarasota airport traffic control tower (ATCT) advised, pilatus pc12, reported a black unmanned aircraft systems (UAS) at the 12 of the clock position while northwest (NW) bound at 100 feet 1 se srq.No evasive action taken.Sarasota county sheriff notified.",2024-05-25T12:35:00Z,27.3954,-82.5543,100.0,medium
15358,2024-05-25,Worcester,Massachusetts,"Prelim information (INFO) from federal aviation administration (FAA) operations (OPS): worcester, ma / unmanned aircraft systems (UAS) sighting/1010e/worcester fct advised, cessna c172, orh-orh, observed a unmanned aircraft systems (UAS) while west-northwest bound at 1,600 feet, 1.5 E worcester. Uas was 50 feet above.No evasive action reported.No leo notification provided.",2024-05-25T10:10:00Z,42.2759,-71.8544,1650.0,medium
15359,2024-05-25,Worcester,Massachusetts,"Prelim information (INFO) from federal aviation administration (FAA) operations (OPS): worcester, ma / unmanned aircraft systems (UAS) sighting/1108e/worcester airport traffic control tower (ATCT) advised, cessna c172, reported a unmanned aircraft systems (UAS) 50 feet above aircraft (ACFT) while 1,500 feet 1 N worcester.No evasive action reported. Mass state pd notified.",2024-05-25T11:08:00Z,42.2796,-71.8705,1550.0,medium
15360,2024-05-26,Detroit,Michigan,"Prelim information (INFO) from federal aviation administration (FAA) operations (OPS): detroit, mile (MI) / unmanned aircraft systems (UAS) sighting/1415e/detroit terminal radar approach control (TRACON) advised, a320, msp-dtw, reported a blue unmanned aircraft systems (UAS) at the 12 of the clock position while sw bound at 1,500 feet 3 no earlier (NE) detroit very high frequency omnidirectional range (VOR) (DXO).No evasive action taken. Detroit metropolitan (METRO) airport (ARPT) pd notified.",2024-05-26T14:15:00Z,42.3314,-83.0458,1500.0,medium
15361,2024-05-26,Detroit,Michigan,"Prelim information (INFO) from federal aviation administration (FAA) operations (OPS): detroit, mile (MI) / unmanned aircraft systems (UAS) sighting/1810e/detroit terminal radar approach control (TRACON) advised, b712, stl-dtw, reported a dark colored, basketball sized unmanned aircraft systems (UAS) while W bound at 8,500 feet 25 nnw detroit very high frequency omnidirectional range (VOR) (DXO).No evasive action taken.Oakland county sheriff notified.",2024-05-26T18:10:00Z,42.8833,-83.4167,8500.0,medium
15362,2024-05-26,Las vegas,Nevada,"Prelim information (INFO) from federal aviation administration (FAA) af operations (OPS): las vegas, nv / unmanned aircraft systems (UAS) sighting/1554p/las vegas airport traffic control tower (ATCT) advised, a20n, slc-las, reported a unmanned aircraft systems (UAS) while W bound at 3,500 feet 3 E las.No evasive action taken.Lvmpd notified.",2024-05-26T15:54:00Z,36.08,-115.1522,3500.0,medium
15363,2024-05-26,Orlando,Florida,"Prelim information (INFO) from federal aviation administration (FAA) operations (OPS): orlando, flight level (FL) / unmanned aircraft systems (UAS) sighting/1106e/orlando airport traffic control tower (ATCT) advised, b739, ord-mco, reported a black quad-copter unmanned aircraft systems (UAS) 200 feet below aircraft (ACFT) while S bound at 1,500 feet 4 mile final to runway 18r.No evasive cation taken.Orange county sheriff notified.",2024-05-26T11:06:00Z,28.4311,-81.3081,1500.0,medium
15364,2024-05-26,Pontiac,Michigan,"Prelim information (INFO) from federal aviation administration (FAA) operations (OPS): pontiac, mile (MI) / unmanned aircraft systems (UAS) sighting/1352e/detroit terminal radar approach control (TRACON) advised, crj9, atw-dtw, reported a dark colored, basketball sized unmanned aircraft systems (UAS) while W bound at 8,500 feet 25 nnw detroit very high frequency omnidirectional range (VOR) (DXO).No evasive action taken.Oakland county sheriff notified.",2024-05-26T13:52:00Z,42.9167,-83.3333,8500.0,medium
15365,2024-05-27,Chicago,Illinois,"Prelim information (INFO) from federal aviation administration (FAA) operations (OPS): chicago, il / unmanned aircraft systems (UAS) sighting/0752c/midway airport traffic control tower (ATCT) advised, b38m, mdw-msp, reported a yellow unmanned aircraft systems (UAS) at the 12 of the clock position while sw bound at 600 feet 1 sw mdw.No evasive action taken.Leo notification not reported.",2024-05-27T07:52:00Z,41.7789,-87.7594,600.0,medium
15366,2024-05-27,Gary,Indiana,"Prelim information (INFO) from federal aviation administration (FAA) operations (OPS): gary, in / unmanned aircraft systems (UAS) sighting/1852c/gary fct advised, cessna c56x, ssi-gyy, reported a unmanned aircraft systems (UAS) from 100 feet above while northwest (NW) bound at 2,500 feet 9 se gyy.No evasive action taken.Leo notified.",2024-05-27T00:00:00Z,41.5361,-87.3464,2500.0,medium
15367,2024-05-27,Las vegas,Nevada,"Prelim information (INFO) from federal aviation administration (FAA) operations (OPS): las vegas, nv / unmanned aircraft systems (UAS) sighting/1425p/las vegas terminal radar approach control (TRACON) advised, b737, las-okc, reported a white unmanned aircraft systems (UAS) from the 9 of the clock position while S bound at 4,100 feet 5 wsw las.No evasive action taken. Las vegas metropolitan (METRO) pd notified.",2024-05-27T14:25:00Z,36.0522,-115.2194,4100.0,medium
15368,2024-05-27,Las vegas,Nevada,"Prelim information (INFO) from federal aviation administration (FAA) operations (OPS): las vegas, nv / unmanned aircraft systems (UAS) sighting/1525p/north las vegas airport traffic control tower (ATCT) advised, pilatus pc12, vgt-f70, reported unmanned aircraft systems (UAS) while wsw bound at 3,000 feet 1 wsw vgt.No evasive action taken.Lvmpd notified.",2024-05-27T15:25:00Z,36.2097,-115.2108,3000.0,medium
15369,2024-05-27,San antonio,Texas,"Prelim information (INFO) from federal aviation administration (FAA) operations (OPS): san antonio, tx / unmanned aircraft systems (UAS) sighting/1335c/san antonio airport traffic control tower (ATCT) advised, a319, lax-sat, reported a black unmanned aircraft systems (UAS) while se bound at 1,000 feet 1 se sat.No evasive action taken. San antonio pd notified.",2024-05-27T13:35:00Z,29.5236,-98.4636,1000.0,medium
15370,2024-05-28,Modesto,California,"Prelim information (INFO) from federal aviation administration (FAA) operations (OPS): modesto, conflict alert (CA) / unmanned aircraft systems (UAS) sighting/1628p/norcal terminal radar approach control (TRACON) advised, beech be95, hhr-mpi, reported a unmanned aircraft systems (UAS) from the 9 of the clock position while E bound at 7,500 feet 10 E mod.No evasive action taken.Stanislaus county sheriff notified.",2024-05-28T16:28:00Z,37.6241,-120.6865,7500.0,medium
15371,2024-05-29,Charleston,South carolina,"Prelim information (INFO) from federal aviation administration (FAA) operations (OPS): charleston, sc / unmanned aircraft systems (UAS) sighting/1830e/charleston airport traffic control tower (ATCT) advised, piper p28a, chs-chs, reported white unmanned aircraft systems (UAS) while E bound at 2,000 feet 10 W rbw.No evasive action taken.Colleton county sherrif notified.",2024-05-29T18:30:00Z,32.8968,-80.6401,2000.0,medium
15372,2024-05-29,New york,New york,"Prelim information (INFO) from federal aviation administration (FAA) operations (OPS): new york, ny / unmanned aircraft systems (UAS) sighting/1600e/laguardia airport traffic control tower (ATCT) advised, cessna c208, reported a white unmanned aircraft systems (UAS) from the 12 of the clock position while no earlier (NE) bound at 500 feet 5 wsw lga.No evasive action taken.New york pd aviation unit notified.",2024-05-29T16:00:00Z,40.7328,-73.9259,500.0,medium
15373,2024-05-29,Red bluff,California,"Prelim information (INFO) from federal aviation administration (FAA) operations (OPS): red bluff, ca / unmanned aircraft systems (UAS) sighting/1315p/oakland air route traffic control center (ARTCC) advised, k35r, reported a black unmanned aircraft systems (UAS) while sse bound at 11,000 feet 10 sse rbl.No evasive action taken.Red bluff pd notified.",2024-05-29T13:15:00Z,39.9833,-122.3333,11000.0,medium
15374,2024-05-29,San francisco,California,"Prelim information (INFO) from federal aviation administration (FAA) af operations (OPS): san francisco, ca / unmanned aircraft systems (UAS) sighting/1217p/san francisco airport traffic control tower (ATCT) advised, a321, dfw-sfo, reported unmanned aircraft systems (UAS) off right side while W bound at 3,000 feet 11.6 E sfo.No evasive action taken.Leo notification not reported.",2024-05-29T12:17:00Z,37.6389,-122.1944,3000.0,medium
15375,2024-05-29,Tucson,Arizona,"Prelim information (INFO) from federal aviation administration (FAA) operations (OPS): tucson, az / unmanned aircraft systems (UAS) sighting/1255m/tuscon terminal radar approach control facility (TRACON) advised, f16, reported a white unmanned aircraft systems (UAS) while S bound at 7,000 feet 1 E davis monthan tacan (DMA).No evasive action taken.Tucson pd notified.",2024-05-29T12:55:00Z,32.1656,-110.8778,7000.0,medium
15376,2024-05-29,Washington,District of columbia,"Prelim information (INFO) from federal aviation administration (FAA) operations (OPS): washington, dc / unmanned aircraft systems (UAS) sighting/2000e/potomac terminal radar approach control (TRACON) advised, b737, tpa-dca, reported a unmanned aircraft systems (UAS) from the 3 of the clock position while S bound at 5,000 feet 19 S dca.No evasive action taken.Charles county sheriff notified.",2024-05-29T00:00:00Z,38.6294,-77.0401,5000.0,medium
15377,2024-05-30,Atlanta,Georgia,"Prelim information (INFO) from federal aviation administration (FAA) af operations (OPS): atlanta, general aviation (GA) / unmanned aircraft systems (UAS) sighting/2004e/atlanta terminal radar approach control facility (TRACON) advised, b752, tpa-atl, reported a unmanned aircraft systems (UAS) from the 1 of the clock position while E bound at 6,200 feet 12 se of atl.No evasive action taken.Henry county sheriff notified.",2024-05-30T00:00:00Z,33.5833,-84.2167,6200.0,medium
15378,2024-05-30,Los angeles,California,"Prelim information (INFO) from federal aviation administration (FAA) operations (OPS): los angeles, ca / unmanned aircraft systems (UAS) sighting/1855p/socal terminal radar approach control (TRACON) advised, cessna t206, reported a silver unmanned aircraft systems (UAS) while ese bound at 11,500 feet 8 no earlier (NE) lax.No evasive action taken. Los angeles county air operations notified.",2024-05-30T18:55:00Z,33.9425,-118.4081,11500.0,medium
15379,2024-05-30,Madison,Wisconsin,"Prelim information (INFO) from federal aviation administration (FAA) operations (OPS): madison, wi / unmanned aircraft systems (UAS) sighting/1423c/madison airport traffic control tower (ATCT) advised, beech be36, reported a black unmanned aircraft systems (UAS) while northwest (NW) bound at 5,850 feet 25 se msn.No evasive action taken.Jefferson county sheriff notified.",2024-05-30T14:23:00Z,42.9959,-89.1776,5850.0,medium
15380,2024-05-30,Milwaukee,Wisconsin,"Prelim information (INFO) from federal aviation administration (FAA) af operations (OPS): milwaukee, wi / unmanned aircraft systems (UAS) sighting/2100c/milwaukee airport traffic control tower (ATCT) advised, short sh36, msn-simplified direction finding (SDF), reported a unmanned aircraft systems (UAS) 100 feet from below aircraft (ACFT) while wnw bound at 6,000 feet 10 wnw mke.No evasive action taken.Waukesha county sheriff notified.",2024-05-30T21:00:00Z,43.1167,-88.1833,6000.0,medium
15381,2024-05-30,Olympia,Washington,"Prelim information (INFO) from federal aviation administration (FAA) operations (OPS): olympia, wa / unmanned aircraft systems (UAS) sighting/1800p/olympia fct advised, cessna c172, olm-olm, reported a unmanned aircraft systems (UAS) while N bound at 500 feet 1 S olm.No evasive action taken.Turnwater pd notified.",2024-05-30T18:00:00Z,46.9633,-122.9025,500.0,medium
15382,2024-05-30,Ormond beach,Florida,"Prelim information (INFO) from federal aviation administration (FAA) operations (OPS): ormond beach, flight level (FL) / unmanned aircraft systems (UAS) sighting/0925e/ormond beach fct advised, cessna c172, [departure]-[arrival], reported a black unmanned aircraft systems (UAS) from the 11 of the clock position while E bound at 400 feet 1 E omn.No evasive action taken.Ormond beach pd notified.",2024-05-30T09:25:00Z,29.2992,-81.1079,400.0,medium
15383,2024-05-30,Phoenix,Arizona,"Prelim information (INFO) from federal aviation administration (FAA) operations (OPS): phoenix, az / unmanned aircraft systems (UAS) sighting/1850m/chandler federal contract tower (FCT) advised, cessna c172, ryn-chd, reported a circular unmanned aircraft systems (UAS) while wsw bound at 2,800 feet 11 wsw iwa.No evasive action taken.Serce emergency hotline number not provided.",2024-05-30T18:50:00Z,33.2089,-112.0576,2800.0,medium
15384,2024-05-30,Washington,District of columbia,"Prelim information (INFO) from federal aviation administration (FAA) operations (OPS): washington, dc / unmanned aircraft systems (UAS) sighting/0808e/potomac terminal radar approach control (TRACON) advised, crj9, toronto, canada (CYYZ)-dca, reported a unmanned aircraft systems (UAS) while S bound at 5,000 feet 5 ese dca.No evasive action taken.Prince george's county pd notified.",2024-05-30T08:08:00Z,38.8089,-76.9208,5000.0,medium
15385,2024-05-31,Atlanta,Georgia,"Prelim information (INFO) from federal aviation administration (FAA) operations (OPS): atlanta, general aviation (GA) / unmanned aircraft systems (UAS) sighting/1352e/atlanta terminal radar approach control (TRACON) advised, crj9, clt-atl, reported a unmanned aircraft systems (UAS) at the 9 of the clock position while S bound at 3,900 feet 9 W atl.No evasive action taken.Fulton county sheriff notified.",2024-05-31T13:52:00Z,33.6404,-84.512,3900.0,medium
15386,2024-05-31,Boston,Massachusetts,"Prelim information (INFO) from federal aviation administration (FAA) af operations (OPS): boston, ma / unmanned aircraft systems (UAS) sighting/1816e/boston terminal radar approach control (TRACON) advised, de havilland dh8d, ottawa, canada (CYOW)-bos, reported a unmanned aircraft systems (UAS) 100 feet below aircraft (ACFT) from the 11 of the clock position while S bound at 5,000 feet 15 N bos.No evasive action taken.Massachusetts state pd notified.",2024-05-31T18:16:00Z,42.5636,-70.9989,5000.0,medium
15387,2024-05-31,Chantilly,Virginia,"Prelim information (INFO) from federal aviation administration (FAA) operations (OPS): chantilly, va / unmanned aircraft systems (UAS) sighting/1402e/potomac terminal radar approach control facility (TRACON) advised, e545, apf-iad, reported a small black unmanned aircraft systems (UAS) at the 12 of the clock position while no earlier (NE) bound at 4,000 feet 27 S armel very high frequency omnidirectional range (VOR).No evasive action taken. Marine corp base quantico security battalion notified.",2024-05-31T14:02:00Z,38.3333,-77.5833,4000.0,medium
15388,2024-05-31,Columbus,Ohio,"Prelim information (INFO) from federal aviation administration (FAA) operations (OPS): columbus, oh / unmanned aircraft systems (UAS) sighting/1912e/columbus airport traffic control tower (ATCT) advised, e170, ord-cmh, reported a white unmanned aircraft systems (UAS) while E bound at 3,000 feet 2.5 W cmh.No evasive action taken.Cmh airport police notified.",2024-05-31T19:12:00Z,39.9968,-83.0469,3000.0,medium
15389,2024-05-31,Dallas,Texas,"Prelim information (INFO) from federal aviation administration (FAA) af operations (OPS): dallas, tx / unmanned aircraft systems (UAS) sighting/0903c/addison airport traffic control tower (ATCT) advised, piper p28a, reported a white unmanned aircraft systems (UAS) from the 8 of the clock position at same altitude while W bound at 2,400 feet 2 nne automatic dependent surveillance (ADS).No evasive action taken.Leo notification not reported.",2024-05-31T09:03:00Z,32.9833,-96.8333,2400.0,medium
15390,2024-05-31,Los angeles,California,"Prelim information (INFO) from federal aviation administration (FAA) operations (OPS): los angeles, ca / unmanned aircraft systems (UAS) sighting/1215p/los angeles airport traffic control tower (ATCT) advised, a321, cancun, mexico (MMUN)-dtw, reported a unmanned aircraft systems (UAS) from the 12 of the clock position while holding short runway 24r 2 ene lax.No evasive action taken.Los angeles pd notified.",2024-05-31T19:15:00Z,33.9425,-118.3652,0.0,medium
15391,2024-05-31,Modesto,California,"Prelim information (INFO) from federal aviation administration (FAA) operations (OPS): modesto, conflict alert (CA) / unmanned aircraft systems (UAS) sighting/0950p/norcal terminal radar approach control (TRACON) advised, cessna c172, mer-mer, reported a green unmanned aircraft systems (UAS) from their 12 of the clock position at same altitude while se bound at 3,400 feet 14 sse modesto very high frequency omnidirectional range (VOR) (MOD).No evasive action taken. Merced county sheriff's department (DEPT) notified.",2024-05-31T21:50:00Z,37.4833,-120.7167,3400.0,medium
15392,2024-05-31,Nashville,Tennessee,"Prelim information (INFO) from federal aviation administration (FAA) af operations (OPS): nashville, tn / unmanned aircraft systems (UAS) sighting/1627c/nashville airport traffic control tower (ATCT) advised, b737, pns-bna, reported a unmanned aircraft systems (UAS) 200 feet above their 12 of the clock position while nne bound at 5,000 feet 5 ese bna.No evasive action taken. Bna arff notified.",2024-05-31T16:27:00Z,36.0839,-86.6089,5200.0,medium
15393,2024-05-31,Newark,New jersey,"Prelim information (INFO) from federal aviation administration (FAA) operations (OPS): newark, nj / unmanned aircraft systems (UAS) sighting/1848e/new york terminal radar approach control (TRACON) advised, e75s, bos-lga, reported a blue unmanned aircraft systems (UAS) from the 12 of the clock position while se bound at 4,000 feet 5 W ewr.No evasive action taken.Nypd aviation unit notified.",2024-05-31T18:48:00Z,40.7178,-74.2486,4000.0,medium
15394,2024-05-31,Phoenix,Arizona,"Prelim information (INFO) from federal aviation administration (FAA) operations (OPS): phoenix, az / unmanned aircraft systems (UAS) sighting/1207m/albuquerque air route traffic control center (ARTCC) advised, piper p28a, reported a unmanned aircraft systems (UAS) while N bound at 3,600 feet 10 W dvt.No evasive action taken.Maricopa county sheriff notified.",2024-05-31T12:07:00Z,33.7083,-112.1667,3600.0,medium
15395,2024-05-31,Richmond,Virginia,"Prelim information (INFO) from federal aviation administration (FAA) operations (OPS): richmond, va / unmanned aircraft systems (UAS) sighting/1532e/potomac terminal radar approach control (TRACON) advised, cirrus sr22, hef-mqi, reported a red unmanned aircraft systems (UAS) 500 feet below the aircraft (ACFT) while S bound at 5,000 feet 11 wsw ric.No evasive action taken.Leo notification not reported.",2024-05-31T15:32:00Z,37.4069,-77.6753,5000.0,medium
15396,2024-05-31,Sarasota/bradenton,Florida,"Prelim information (INFO) from federal aviation administration (FAA) operations (OPS): sarasota-bradenton, flight level (FL) / unmanned aircraft systems (UAS) sighting/1220e/sarasota airport traffic control tower (ATCT) advised, piper p46t, reported a black unmanned aircraft systems (UAS) at the 9 of the clock position while sw bound at 2,500 feet 7 N srq.No evasive action taken.Manatee county sheriff notified.",2024-05-31T12:20:00Z,27.4314,-82.5748,2500.0,medium
15397,2024-05-31,St louis,Missouri,"Prelim information (INFO) from federal aviation administration (FAA) af operations (OPS): st louis, mo / unmanned aircraft systems (UAS) sighting/1630c/st. Louis airport traffic control tower (ATCT) advised, a21n, cancun, mexico (MMUN)-stl, reported a blue and black unmanned aircraft systems (UAS) while ese bound at 3,000 feet 7 wnw stl.No evasive action taken.St. charles pd notified.",2024-05-31T16:30:00Z,38.7786,-90.5247,3000.0,medium
15398,2024-05-31,St louis,Missouri,"Prelim information (INFO) from federal aviation administration (FAA) af operations (OPS): st louis, mo / unmanned aircraft systems (UAS) sighting/1940c/st louis airport traffic control tower (ATCT) advised, embraer e55p, stl-pwk, reported a red unmanned aircraft systems (UAS) over aircraft (ACFT) while ese bound at 600 feet over runway 12l.No evasive action taken. Atc cancelled runway 12l departures and re-routed for runway 11.",2024-05-31T19:40:00Z,38.7487,-90.37,600.0,medium
15399,2024-05-31,St louis,Missouri,"Prelim information (INFO) from federal aviation administration (FAA) operations (OPS): st louis, mo / unmanned aircraft systems (UAS) sighting/2119c/st. Louis airport traffic control tower (ATCT) advised, crj7, ord-stl, reported a triangular unmanned aircraft systems (UAS) 200 feet above aircraft (ACFT) while taxiing taxiway (TWY) c. no evasive action taken. St louis airport (ARPT) pd notified.",2024-05-31T21:19:00Z,38.7487,-90.37,800.0,medium
15400,2024-05-31,Washington,District of columbia,"Prelim information (INFO) from federal aviation administration (FAA) operations (OPS): washington, dc / unmanned aircraft systems (UAS) sighting/0838e/potomac terminal radar approach control (TRACON) advised, cessna c172, vkx-vkx, reported a unmanned aircraft systems (UAS) from their 2 of the clock position at same altitude while sw bound at 2,700 feet 24 S dca.No evasive action taken. Charles county sheriff's department (DEPT) notified.",2024-05-31T08:38:00Z,38.5833,-77.1667,2700.0,medium
15401,2024-05-31,White plains,New york,"Prelim information (INFO) from federal aviation administration (FAA) af operations (OPS): white plains, ny / unmanned aircraft systems (UAS) sighting/1700e/new york terminal radar approach control (TRACON) advised, cessna c172, reported a white and red unmanned aircraft systems (UAS) from the 9 of the clock position while sw bound at 6,500 feet 8 W hpn.No evasive action taken.New york pd aviation unit notified.",2024-05-31T17:00:00Z,41.0672,-73.8517,6500.0,medium
15402,2024-05-31,Worcester,Massachusetts,"Prelim information (INFO) from federal aviation administration (FAA) operations (OPS): worcester, ma / unmanned aircraft systems (UAS) sighting/1127e/worcester airport traffic control tower (ATCT) advised, cirrus sr22, bed-bed, reported a unmanned aircraft systems (UAS) from their 3 of the clock position at same altitude while nnw bound at 1,000 feet 2 E orh.No evasive action reported.Massachusetts state pd notified.",2024-05-31T11:27:00Z,42.2796,-71.8373,1000.0,medium
15403,2024-06-01,Bridgeport,Connecticut,"Prelim information (INFO) from federal aviation administration (FAA) operations (OPS): bridgeport, ct / unmanned aircraft systems (UAS) sighting/1829e/new york terminal radar approach control (TRACON) advised, piper p28a, reported a green unmanned aircraft systems (UAS) from the 9 of the clock position while W bound at 7,500 feet 3 E bdr.No evasive action taken.Connecticut state police notified.",2024-06-01T18:29:00Z,41.1633,-73.0967,7500.0,medium
15404,2024-06-01,Burlington,North carolina,"Prelim information (INFO) from federal aviation administration (FAA) operations (OPS): burlington, nc / unmanned aircraft systems (UAS) sighting/1136e/greensboro airport traffic control tower (ATCT) advised, cessna c207, reported a unmanned aircraft systems (UAS) from the 12 of the clock position while ese bound at 6,500 feet 20 N buy.No evasive action taken.Caswell county sheriff notified.",2024-06-01T11:36:00Z,36.2167,-79.2833,6500.0,medium
15405,2024-06-01,Cleveland,Ohio,"Prelim information (INFO) from federal aviation administration (FAA) operations (OPS): cleveland, oh / unmanned aircraft systems (UAS) sighting/1515e/burke lakefront federal contract tower (FCT) advised, beech be36, bkl-unkn, reported a unmanned aircraft systems (UAS) while ese bound at 2,300 feet 4 northwest (NW) bkl.No evasive action taken.Leo notification not reported.",2024-06-01T15:15:00Z,41.5375,-81.7486,2300.0,medium
15406,2024-06-01,El paso,Texas,"Prelim information (INFO) from federal aviation administration (FAA) operations (OPS): el paso, tx / unmanned aircraft systems (UAS) sighting/1526m/el paso airport traffic control tower (ATCT) advised, h47, reported a black and yellow unmanned aircraft systems (UAS) while E bound at 4,500 feet 5 wnw elp.No evasive action taken.Dfw dps notified.",2024-06-01T15:26:00Z,31.8519,-106.4806,4500.0,medium
15407,2024-06-01,Los angeles,California,"Prelim information (INFO) from federal aviation administration (FAA) operations (OPS): los angeles, ca / unmanned aircraft systems (UAS) sighting/1155p/los angeles airport traffic control tower (ATCT) advised, b763, mem-lax, reported a unmanned aircraft systems (UAS) while wsw bound at 1,500 feet 7 ene lax.No evasive action taken.Los angeles county sheriff notified.",2024-06-01T23:55:00Z,33.9833,-118.2167,1500.0,medium
15408,2024-06-01,Minneapolis,Minnesota,"Prelim information (INFO) from federal aviation administration (FAA) operations (OPS): minneapolis, mn / unmanned aircraft systems (UAS) sighting/1620c/minneapolis airport traffic control tower (ATCT) advised, piper p28a, reported a unmanned aircraft systems (UAS) 5 W microphone (MIC).No evasive action taken.Hennepin county pd notified.",2024-06-01T16:20:00Z,44.8848,-93.3491,1000.0,medium
15409,2024-06-01,Minneapolis,Minnesota,"Prelim information (INFO) from federal aviation administration (FAA) operations (OPS): minneapolis, mn / unmanned aircraft systems (UAS) sighting/1620c/minneapolis airport traffic control tower (ATCT) advised, piper p46t, reported a unmanned aircraft systems (UAS) while sse bound at 2,000 feet 1 sw gopher very high frequency omnidirectional range (VOR).No evasive action taken.Leo notified.",2024-06-01T16:20:00Z,44.8683,-93.228,2000.0,medium
15410,2024-06-01,New york,New york,"Prelim information (INFO) from federal aviation administration (FAA) operations (OPS): new york, ny / unmanned aircraft systems (UAS) sighting/1533e/new york terminal radar approach control (TRACON) advised, a321, jfk-aus, reported a black unmanned aircraft systems (UAS) from the 1 of the clock position while sse bound at 8,500 feet 2 sse jfk.No evasive action taken.New york pd aviation unit notified.",2024-06-01T15:33:00Z,40.5963,-73.7534,8500.0,medium
15411,2024-06-01,Providence,Rhode island,"Prelim information (INFO) from federal aviation administration (FAA) operations (OPS): providence, ri / unmanned aircraft systems (UAS) sighting/1805e/providence airport traffic control tower (ATCT) advised, crj9, lga-plan view display (PVD), reported a yellow and black unmanned aircraft systems (UAS) from the 2 of the clock position while no earlier (NE) bound at 3,000 feet 5 N plan view display (PVD).No evasive action taken.Law enforcement notification not provided.",2024-06-01T18:05:00Z,41.7484,-71.4281,3000.0,medium
15412,2024-06-01,Sacramento,California,"Prelim information (INFO) from federal aviation administration (FAA) operations (OPS): sacramento, ca / unmanned aircraft systems (UAS) sighting/0755p/northern california terminal radar approach control (TRACON) advised, north american navi, aun-strategic air command (SAC), reported a black unmanned aircraft systems (UAS) from the 12 of the clock position while nne bound at 5,500 feet 5 E maintenance control center (MCC).No evasive action taken.Sacramento sheriff notified.",2024-06-01T19:55:00Z,38.6683,-121.4008,5500.0,medium
15413,2024-06-01,Sacramento,California,"Prelim information (INFO) from federal aviation administration (FAA) operations (OPS): sacramento, ca / unmanned aircraft systems (UAS) sighting/late report 6-1 0755p/norcal terminal radar approach control (TRACON) advised, cirrus sr22, reported a black unmanned aircraft systems (UAS) at the 12 of the clock position 100 feet below while N bound at 5,400 feet 5 ene maintenance control center (MCC).No evasive action taken.Sacramento county sheriff notified.",2024-06-01T19:55:00Z,38.6683,-121.3272,5400.0,medium
15414,2024-06-02,Boston,Massachusetts,"Prelim information (INFO) from federal aviation administration (FAA) operations (OPS): boston, ma / unmanned aircraft systems (UAS) sighting/1920e/boston terminal radar approach control (TRACON) advised, bcs1, dfw-bos, reported a unmanned aircraft systems (UAS) from the 9 of the clock position while no earlier (NE) bound at 3,000 feet 10 ssw bos.No evasive action taken.Massachusetts state pd notified.",2024-06-02T19:20:00Z,42.2833,-71.1167,3000.0,medium
15415,2024-06-02,Chicago,Illinois,"Prelim information (INFO) from federal aviation administration (FAA) af operations (OPS): chicago, il / unmanned aircraft systems (UAS) sighting/1025c/chicago terminal radar approach control (TRACON) advised, b38m, mdw-msy, reported a unmanned aircraft systems (UAS) from the 7 of the clock position while S bound at 6,000 feet 10 S mdw.No evasive action taken.Fbi notified.",2024-06-02T10:25:00Z,41.6294,-87.7416,6000.0,medium
15416,2024-06-02,Chicago,Illinois,"Prelim information (INFO) from federal aviation administration (FAA) af operations (OPS): chicago, il / unmanned aircraft systems (UAS) sighting/1235c/chicago terminal radar approach control (TRACON) advised, e170, gsp-ord, reported a unmanned aircraft systems (UAS) from the 5 of the clock position while W bound at 6,500 feet 6 sw ord.No evasive action taken fbi notified.",2024-06-02T12:35:00Z,41.7453,-87.8528,6500.0,medium
15417,2024-06-02,Chicago-prospect heights-wheeling,Illinois,"Prelim information (INFO) from federal aviation administration (FAA) af operations (OPS): chicago-prospect heights-wheeling, il / unmanned aircraft systems (UAS) sighting/1811c/chicago executive airport traffic control tower (ATCT) advised, cessna c177, reported a unmanned aircraft systems (UAS) from the 10 of the clock position while sse at 800 feet.5 E pwk.No evasive action taken.Wheeling pd notified.",2024-06-02T18:11:00Z,42.1039,-87.8456,800.0,medium
15418,2024-06-02,Groton (new london),Connecticut,"Prelim information (INFO) from federal aviation administration (FAA) operations (OPS): groton (new london), ct / unmanned aircraft systems (UAS) sighting/1930e/providence approach (APCH) advised, cessna c206, reported an orange and red unmanned aircraft systems (UAS) while E bound at 2,500 feet 6 S gon.No evasive action taken.Leo notification not reported.",2024-06-02T19:30:00Z,41.2667,-72.0486,2500.0,medium
15419,2024-06-02,Groton (new london),Connecticut,"Prelim information (INFO) from federal aviation administration (FAA) af operations (OPS): groton (new london), ct / unmanned aircraft systems (UAS) sighting/late report 6-2 0800e/boston terminal radar approach control (TRACON) advised, piper p28a, unkn-unkn, reported a unmanned aircraft systems (UAS) from the 12 of the clock position while no earlier (NE) bound at 4,500 feet vcnty gon.No evasive action taken.Leo notification not reported.",2024-06-02T08:00:00Z,41.3279,-72.0454,4500.0,medium
15420,2024-06-02,Peoria,Illinois,"Prelim information (INFO) from federal aviation administration (FAA) af operations (OPS): peoria, il / unmanned aircraft systems (UAS) sighting/1640c/st louis terminal radar approach control (TRACON) advised, piper pa32, unkn-unkn, reported a unmanned aircraft systems (UAS) from the 12 of the clock position while W bound at 5,000 feet 15 sse pia.No evasive action taken.Laswell county sheriff notified.",2024-06-02T16:40:00Z,40.5667,-89.6833,5000.0,medium
15421,2024-06-02,Wilmington,North carolina,"Prelim information (INFO) from federal aviation administration (FAA) operations (OPS): wilmington, nc / unmanned aircraft systems (UAS) sighting/1230e/wilmington airport traffic control tower (ATCT) advised, piper p28a, ilm-ilm, reported a unmanned aircraft systems (UAS) from the 9 of the clock position while bound at 1,000 feet 1 sw ilm.No evasive action taken.New hanover county sheriff notified.",2024-06-02T12:30:00Z,34.2605,-77.9147,1000.0,medium
15422,2024-06-03,Charleston,South carolina,"Prelim information (INFO) from federal aviation administration (FAA) operations (OPS): charleston, sc / unmanned aircraft systems (UAS) sighting/1205e/charleston approach (APCH) advised, e170, ord-chs, reported a unmanned aircraft systems (UAS) from the 1 of the clock position while sse bound at 1,600 feet 5 northwest (NW) chs.No evasive action reported.Chs county pd notified.Woc 7-3333",2024-06-03T12:05:00Z,32.9486,-80.1089,1600.0,medium
15423,2024-06-03,Chicago,Illinois,"Prelim information (INFO) from federal aviation administration (FAA) operations (OPS): chicago, il / unmanned aircraft systems (UAS) sighting/1336c/chicago airport traffic control tower (ATCT) advised, e170, alb-ord, reported a unmanned aircraft systems (UAS) from the 3 of the clock position while W bound at 2,700 feet vcnty ord.No evasive action taken.Chiacgo pd notified.",2024-06-03T13:36:00Z,41.9742,-87.9073,2700.0,medium
15424,2024-06-03,Northbrook,Illinois,"Prelim information (INFO) from federal aviation administration (FAA) operations (OPS): northbrook, il / unmanned aircraft systems (UAS) sighting/1416c/chicago air route traffic control center (ARTCC) advised, crj7, operational readiness demonstration (ORD)-avp, reported a unmanned aircraft systems (UAS) from the 12 of the clock position while E bound at fl200 41 wnw obk.No evasive action taken.Leo notification not reported..",2024-06-03T14:16:00Z,42.2961,-88.5011,20000.0,medium
15425,2024-06-03,Raleigh/durham,North carolina,"Prelim information (INFO) from federal aviation administration (FAA) operations (OPS): raleigh-durham, nc / unmanned aircraft systems (UAS) sighting/1130e/raleigh-durham airport traffic control tower (ATCT) advised, piper p28a, rdu-rdu, reported a unmanned aircraft systems (UAS) from the 3 of the clock position while wnw bound at 2,500 feet 6 wnw rdu.No evasive action taken.Durham county sheriff notified.",2024-06-03T11:30:00Z,35.9333,-79.0667,2500.0,medium
15426,2024-06-04,Los banos,California,"Prelim information (INFO) from federal aviation administration (FAA) operations (OPS): los banos, ca / unmanned aircraft systems (UAS) sighting/2040p/norcal terminal radar approach control (TRACON) advised, c27j, reported a unmanned aircraft systems (UAS) from the 12 of the clock position while nnw bound at 15,700 feet 20 sse lsn.No evasive action taken.Merced county sheriff notified.",2024-06-04T20:40:00Z,36.8453,-120.2692,15700.0,medium
15427,2024-06-04,Milwaukee,Wisconsin,"Prelim information (INFO) from federal aviation administration (FAA) operations (OPS): milwaukee, wi / unmanned aircraft systems (UAS) sighting/1740c/milwaukee approach (APCH) advised, b39m, (BIKF)-ord, reported unmanned aircraft systems (UAS) 1,000 feet below while sse bound at 13,000 feet 35 ese badger very high frequency omnidirectional range (VOR)-distance measuring equipment (DME).No evasive action taken.Milwaukee county sheriff notified.",2024-06-04T17:40:00Z,42.7083,-87.4167,13000.0,medium
15428,2024-06-04,Milwaukee,Wisconsin,"Prelim information (INFO) from federal aviation administration (FAA) operations (OPS): milwaukee, wi / unmanned aircraft systems (UAS) sighting/1837c/milwaukee approach (APCH) advised, crj2, grb-ord, reported unmanned aircraft systems (UAS) at the 12 of the clock position 1,000 feet above while N bound at 12,000 feet 20 E badger very high frequency omnidirectional range (VOR)-distance measuring equipment (DME).No evasive action taken.Milwaukee county sheriff notified.",2024-06-04T18:37:00Z,43.1667,-87.9,12000.0,medium
15429,2024-06-04,New york,New york,"Prelim information (INFO) from federal aviation administration (FAA) operations (OPS): new york, ny / unmanned aircraft systems (UAS) sighting/1735e/new york terminal radar approach control (TRACON) advised, e75s, lga-toronto, canada (CYYZ), reported a silver unmanned aircraft systems (UAS) while se bound at 1,300 feet 3 se lga.No evasive action taken.Nypd aviation unit notified.",2024-06-04T17:35:00Z,40.7589,-73.8519,1300.0,medium
15430,2024-06-04,Orlando,Florida,"Prelim information (INFO) from federal aviation administration (FAA) operations (OPS): orlando, flight level (FL) / unmanned aircraft systems (UAS) sighting/1620e/sanford airport traffic control tower (ATCT) advised, a320, sdf-sfb, reported a unmanned aircraft systems (UAS) from the 2 of the clock position while E bound at 2,000 feet 8 W sfb.No evasive action taken.Seminole county sheriff notified.",2024-06-04T16:20:00Z,28.7917,-81.3728,2000.0,medium
15431,2024-06-04,Philadelphia,Pennsylvania,"Prelim information (INFO) from federal aviation administration (FAA) operations (OPS): philadelphia, public address (PA) / unmanned aircraft systems (UAS) sighting/0942e/philadelphia airport traffic control tower (ATCT) advised, a319, stl-phl, reported a unmanned aircraft systems (UAS) from the 12 of the clock position while W bound at 5,000 feet 14 wnw phl.No evasive action taken. Arpt pd notified.",2024-06-04T09:42:00Z,40.0789,-75.3894,5000.0,medium
15432,2024-06-04,Sacramento,California,"Prelim information (INFO) from federal aviation administration (FAA) operations (OPS): sacramento, ca / unmanned aircraft systems (UAS) sighting/1015p/norcal terminal radar approach control (TRACON) advised, cessna c182, obserevd a silver unmanned aircraft systems (UAS) while northwest bound at 2,500 feet, 15 nne strategic air command (SAC).No evasive action reported.",2024-06-04T22:15:00Z,38.8095,-121.3161,2500.0,medium
15433,2024-06-05,Atlanta,Georgia,"Prelim information (INFO) from federal aviation administration (FAA) operations (OPS): atlanta, general aviation (GA) / unmanned aircraft systems (UAS) sighting/0815e/atlanta air route traffic control center (ARTCC) advised, pilatus pc12, fty-luk, reported a unmanned aircraft systems (UAS) from the 2 of the clock position while N bound at 11,000 feet 40 N atl.No evasive action taken.Cherokee county sheriff notified.",2024-06-05T08:15:00Z,33.8333,-84.3667,11000.0,medium
15434,2024-06-05,Concord,California,"Prelim information (INFO) from federal aviation administration (FAA) operations (OPS): concord, conflict alert (CA) / unmanned aircraft systems (UAS) sighting/1120p/concord airport traffic control tower (ATCT) advised, piper p28a, ccr-strategic air command (SAC), reported a unmanned aircraft systems (UAS) from below aircraft (ACFT) while N bound at 1,800 feet 2 nne ccr.No evasive action taken.Concord pd notified.",2024-06-05T23:20:00Z,38.0069,-122.0489,1800.0,medium
15435,2024-06-05,El paso,Texas,"Prelim information (INFO) from federal aviation administration (FAA) operations (OPS): el paso, tx / unmanned aircraft systems (UAS) sighting/2225m/el paso airport traffic control tower (ATCT) advised, helo, reported a white unmanned aircraft systems (UAS) at the 12 of the clock position while N bound at 500 feet 6 se elp.Evasive action was taken.El paso dps was notified.",2024-06-05T22:25:00Z,31.7069,-106.3245,500.0,medium
15436,2024-06-05,Las vegas,Nevada,"Prelim information (INFO) from federal aviation administration (FAA) af operations (OPS): las vegas, nv / unmanned aircraft systems (UAS) sighting/1907p/las vegas terminal radar approach control (TRACON) advised, a321, las-sea, reported a unmanned aircraft systems (UAS) 100 feet above their 12 of the clock position while sw bound at 8,500 feet 13 E las.No evasive action taken. Las vegas metropolitan (METRO) pd notified.",2024-06-05T19:07:00Z,36.2135,-114.8901,8500.0,medium
15437,2024-06-05,Norwood,Massachusetts,"Prelim information (INFO) from federal aviation administration (FAA) operations (OPS): norwood, ma / unmanned aircraft systems (UAS) sighting/0800e/boston terminal radar approach control (TRACON) advised, piper p28a, reported a black and silver unmanned aircraft systems (UAS) while no earlier (NE) bound at 3,000 feet vcnty mansfield, ma.No evasive action taken.Law enforcement not notified.",2024-06-05T08:00:00Z,42.1634,-71.2095,3000.0,medium
15438,2024-06-05,Salt lake city,Utah,"Prelim information (INFO) from federal aviation administration (FAA) operations (OPS): salt lake city, ut / unmanned aircraft systems (UAS) sighting/1545m/salt lake city airport traffic control tower (ATCT) advised, bcs3, dfw-slc, reported 4 black and white unmanned aircraft systems (UAS) while nnw bound at 7,100 feet 7 S slc.No evasive action taken.Salt lake city pd notified.",2024-06-05T15:45:00Z,40.7128,-111.9928,7100.0,medium
15439,2024-06-05,Savannah,Georgia,"Prelim information (INFO) from federal aviation administration (FAA) operations (OPS): savannah, general aviation (GA) / unmanned aircraft systems (UAS) sighting/1119e/savannah airport traffic control tower (ATCT) advised, beech b350, reported a white and gray unmanned aircraft systems (UAS) 600 feet below while W bound at 1,500 feet 3 E svn.No evasive action taken. Savannah airport (ARPT) pd notified.",2024-06-05T11:19:00Z,32.1275,-81.1462,1500.0,medium
15440,2024-06-05,Terre haute,Indiana,"Prelim information (INFO) from federal aviation administration (FAA) operations (OPS): terre haute, in / unmanned aircraft systems (UAS) sighting/1850c/terre haute-hulman terminal radar approach control (TRACON) advised, diamond da40, ind-ind, reported a gray unmanned aircraft systems (UAS) while E bound at 7,000 feet 32 northwest (NW) terre haute vor collocated with tacan (VORTAC) (TTH).No evasive action taken.Leo notification not reported.",2024-06-05T18:50:00Z,39.7492,-87.8111,7000.0,medium
15441,2024-06-06,Cleveland,Ohio,"Prelim information (INFO) from federal aviation administration (FAA) af operations (OPS): cleveland, oh / unmanned aircraft systems (UAS) sighting/1300e/cleveland airport traffic control tower (ATCT) advised, pilatus pc12, [departure]-[arrival], reported a unmanned aircraft systems (UAS) while sw bound at 3,000 feet 5 northwest (NW) cle.No evasive action taken.Fbi notified.",2024-06-06T13:00:00Z,41.4436,-81.8997,3000.0,medium
15442,2024-06-06,Los angeles,California,"Prelim information (INFO) from federal aviation administration (FAA) operations (OPS): los angeles, ca / unmanned aircraft systems (UAS) sighting/1738p/socal terminal radar approach control facility (TRACON) advised, b39m, ord-lax, reported a black unmanned aircraft systems (UAS) while W bound at 5,300 feet 18 ene lax.No evasive action taken.Downey pd notified.",2024-06-06T17:38:00Z,34.0522,-118.2437,5300.0,medium
15443,2024-06-06,Miami,Florida,"Prelim information (INFO) from federal aviation administration (FAA) operations (OPS): miami, flight level (FL) / unmanned aircraft systems (UAS) sighting/1904e/miami airport traffic control tower (ATCT) advised, h/a333/l, mia-london, england (EGLL), united kingdom registered virgin atlantic 6 reported a white unmanned aircraft systems (UAS) at the 12 of the clock position while E bound at 4,500 feet 10 ese mia.No evasive action taken.Miami dade pd notified.",2024-06-06T19:04:00Z,25.7032,-80.0707,4500.0,medium
15444,2024-06-06,Montgomery,Alabama,"Prelim information (INFO) from federal aviation administration (FAA) operations (OPS): montgomery, al / unmanned aircraft systems (UAS) sighting/1844c/montgomery airport traffic control tower (ATCT) advised, cessna c172, reported a unmanned aircraft systems (UAS) at the 12 of the clock position while no earlier (NE) bound at 7,000 feet 15 no earlier (NE) mgm.No evasive action taken.No leo notification reported.",2024-06-06T18:44:00Z,32.4167,-86.2667,7000.0,medium
15445,2024-06-07,Atlanta,Georgia,"Prelim information (INFO) from federal aviation administration (FAA) operations (OPS): atlanta, general aviation (GA) / unmanned aircraft systems (UAS) sighting/1810e/atlanta terminal radar approach control (TRACON) advised, crj9, atl-crw, reported a unmanned aircraft systems (UAS) at the 12 of the clock position while S bound at 6,000 feet 15 no earlier (NE) atl.No evasive action taken.Dekalb county sheriff notified.",2024-06-07T18:10:00Z,33.8651,-84.3366,6000.0,medium
15446,2024-06-07,Calverton,New york,"Prelim information (INFO) from federal aviation administration (FAA) operations (OPS): calverton, ny / unmanned aircraft systems (UAS) sighting/0925e/new york terminal radar approach control (TRACON) advised, cessna c56x, bed-frg, reported a purple and red unmanned aircraft systems (UAS) while N bound at 10,500 feet 22 ene calverton very high frequency omnidirectional range (VOR).No evasive action taken. Pilot stated unmanned aircraft systems (UAS) was size of a car.Leo notification not reported.",2024-06-07T09:25:00Z,41.0833,-72.5167,10500.0,medium
15447,2024-06-07,Chicago,Illinois,"Prelim information (INFO) from federal aviation administration (FAA) operations (OPS): chicago, il / unmanned aircraft systems (UAS) sighting/1420c/chicago airport traffic control tower (ATCT) advised, crj7, stl-ord, reported a unmanned aircraft systems (UAS) from 2 of the clock position while W bound at 1,400 feet 2 E ord.No evasive action taken.Chicago pd notified.",2024-06-07T14:20:00Z,41.9742,-87.8484,1400.0,medium
15448,2024-06-07,Denver,Colorado,"Prelim information (INFO) from federal aviation administration (FAA) operations (OPS): denver, central office (CO) / unmanned aircraft systems (UAS) sighting/1909m/denver terminal radar approach control (TRACON) advised, e75l, dro-den, reported a unmanned aircraft systems (UAS) at the 1 of the clock position while N bound at 9,000 feet 11 S den.No evasive action taken. Den airport (ARPT) pd notified.",2024-06-07T00:00:00Z,39.6592,-104.8769,9000.0,medium
15449,2024-06-07,Hartford,Connecticut,"Prelim information (INFO) from federal aviation administration (FAA) operations (OPS): hartford, ct / unmanned aircraft systems (UAS) sighting/0935e/yankee terminal radar approach control (TRACON) advised, pilatus pc12, reported a green, yellow, and blue unmanned aircraft systems (UAS) 100 feet above while se bound at 9,000 feet 7 sse hfd.No evasive action taken. Pilot stated unmanned aircraft systems (UAS) had balloons attached and 3 feet in size.Connecticut state police notified.",2024-06-07T09:35:00Z,41.6667,-72.6167,9000.0,medium
15450,2024-06-07,Las vegas,Nevada,"Prelim information (INFO) from federal aviation administration (FAA) operations (OPS): las vegas, nv / unmanned aircraft systems (UAS) sighting/1550p/las vegas terminal radar approach control (TRACON) advised, b738, las-ord, reported a white, triangular unmanned aircraft systems (UAS) at the 12 of the clock position while E bound at 11,500 feet 9 no earlier (NE) las.No evasive action taken. Metro pd notified.",2024-06-07T15:50:00Z,36.2146,-115.1728,11500.0,medium
15451,2024-06-07,Mesa,Arizona,"Prelim information (INFO) from federal aviation administration (FAA) operations (OPS): mesa, az / unmanned aircraft systems (UAS) sighting/late report-1335m/w-regional operations center (ROC) advised, cessna c172, ffz-ffz, reported a white and black unmanned aircraft systems (UAS) at 500 feet while on short final vcnty ffz.No evasive action taken.Mesa pd notified.",2024-06-07T13:35:00Z,33.4606,-111.7281,500.0,medium
15452,2024-06-07,Milwaukee,Wisconsin,"Prelim information (INFO) from federal aviation administration (FAA) operations (OPS): milwaukee, wi / unmanned aircraft systems (UAS) sighting/2145c/milwaukee airport traffic control tower (ATCT) reported a unmanned aircraft systems (UAS) at 500 feet 1 W mke.Leo notification not reported.No operational impact.",2024-06-07T21:45:00Z,42.9476,-88.0534,500.0,medium
15453,2024-06-07,Tampa,Florida,"Prelim information (INFO) from federal aviation administration (FAA) operations (OPS): tampa, flight level (FL) / unmanned aircraft systems (UAS) sighting/1445e/tampa terminal radar approach control (TRACON) advised, b752, atl-tpa, reported a white unmanned aircraft systems (UAS) from the 1 of the clock position while S bound at 3,000 feet 10 N tpa.No evasive action taken.Fbi notified.",2024-06-07T14:45:00Z,28.0667,-82.4181,3000.0,medium
15454,2024-06-08,Baltimore,Maryland,"Prelim information (INFO) from federal aviation administration (FAA) af operations (OPS): baltimore, md / unmanned aircraft systems (UAS) sighting/1234e/potomac terminal radar approach control (TRACON) advised, b737, myr-bwi, reported a unmanned aircraft systems (UAS) from the 3 of the clock position while N bound at 5,600 feet 21 S bwi.No evasive action taken.Prince george's county pd notified.",2024-06-08T00:00:00Z,39.0617,-76.6683,5600.0,medium
15455,2024-06-08,Hayward,California,"Prelim information (INFO) from federal aviation administration (FAA) operations (OPS): hayward, ca / unmanned aircraft systems (UAS) sighting/1514p/hayward airport traffic control tower (ATCT) advised, pilatus pc12, reported a unmanned aircraft systems (UAS) while W bound at 600 feet 3 E hwd.No evasive action taken.Leo notification not reported.",2024-06-08T15:14:00Z,37.6594,-121.9867,600.0,medium
15456,2024-06-08,New york,New york,"Prelim information (INFO) from federal aviation administration (FAA) operations (OPS): new york, ny / unmanned aircraft systems (UAS) sighting/1959e/boston air route traffic control center (ARTCC) advised, a339, jfk-rome, italy (LIRF), reported a white unmanned aircraft systems (UAS) while E bound at 8,000 feet 20 ese jfk.No evasive action taken.Leo notification not reported.",2024-06-08T19:59:00Z,40.5089,-73.4636,8000.0,medium
15457,2024-06-08,Salt lake city,Utah,"Prelim information (INFO) from federal aviation administration (FAA) operations (OPS): salt lake city, ut / unmanned aircraft systems (UAS) sighting/1222m/slc airport traffic control tower (ATCT) advised, b753, atl-slc, reported unmanned aircraft systems (UAS) below aircraft (ACFT) at the 9 of the clock position while nnw bound at 4,500 feet 5 sse wasatch vor collocated with tacan (VORTAC).No evasive action reported. Pilot reported unmanned aircraft systems (UAS) was operating over the I-80 freeway, between runway 34r and runway 34l. Slc airport (ARPT) operations (OPS) notified.",2024-06-08T12:22:00Z,40.6667,-111.95,4500.0,medium
15458,2024-06-08,Seattle,Washington,"Prelim information (INFO) from federal aviation administration (FAA) af operations (OPS): seattle, wa / unmanned aircraft systems (UAS) sighting/1921p/boeing field airport traffic control tower (ATCT) advised, cessna c172, reported a unmanned aircraft systems (UAS) while northwest (NW) bound at 1,500 feet 5 S bfi.No evasive action taken.King county sheriff notified.",2024-06-08T19:21:00Z,47.4699,-122.3088,1500.0,medium
15459,2024-06-09,Portland,Oregon,"Prelim information (INFO) from federal aviation administration (FAA) operations (OPS): atlanta, general aviation (GA) / unmanned aircraft systems (UAS) sighting/1650e/atlanta terminal radar approach control (TRACON) advised, crj9, hpn-atl, reported a unmanned aircraft systems (UAS) from the 12 of the clock position while se bound at 12,000 feet 40 no earlier (NE) atl.No evasive action taken.Jackson county sheriff notified.",2024-06-09T16:50:00Z,33.8333,-84.3833,12000.0,medium
15460,2024-06-09,Atlanta,Georgia,"Prelim information (INFO) from federal aviation administration (FAA) af operations (OPS): atlanta, general aviation (GA) / unmanned aircraft systems (UAS) sighting/late report 6-9 1650e/atlanta terminal radar approach control (TRACON) advised, crj9, hpn-atl, reported a unmanned aircraft systems (UAS) from the 12 of the clock position while se bound at 12,000 feet 40 no earlier (NE) atl.No evasive action taken.Jackson county sheriff notified.",2024-06-09T16:50:00Z,33.8791,-84.3247,12000.0,medium
15461,2024-06-09,Bridgeport,Connecticut,"Prelim information (INFO) from federal aviation administration (FAA) operations (OPS): bridgeport, ct / unmanned aircraft systems (UAS) sighting/1410e/bridgeport fct advised, fairchild fa24, bdr-bdr, reported a unmanned aircraft systems (UAS) while E bound at 1,000 feet.5 S bdr.No evasive action taken.Bridgeport pd notified.",2024-06-09T14:10:00Z,41.1336,-73.1795,1000.0,medium
15462,2024-06-09,Farmington,Minnesota,"Prelim information (INFO) from federal aviation administration (FAA) operations (OPS): farmington, mn / unmanned aircraft systems (UAS) sighting/0850c/minneapolis terminal radar approach control (TRACON) advised, crj9, dsm-msp, reported a unmanned aircraft systems (UAS) from the 3 of the clock position while W bound at 5,000 feet 7 E fgt.No evasive action taken.Dakota city notified.",2024-06-09T08:50:00Z,44.6833,-92.9667,5000.0,medium
15463,2024-06-09,Herndon,Virginia,"Prelim information (INFO) from federal aviation administration (FAA) operations (OPS): herndon, va / unmanned aircraft systems (UAS) sighting/1105e/potomac terminal radar approach control (TRACON) advised, honda hdjt, reported a unmanned aircraft systems (UAS) from the 1 of the clock position while S bound at 700 feet 1 statute mile (SM) aml.No evasive action reported.Leo notified.",2024-06-09T11:05:00Z,38.9697,-77.3861,700.0,medium
15464,2024-06-09,Houston,Texas,"Prelim information (INFO) from federal aviation administration (FAA) operations (OPS): houston, tx / unmanned aircraft systems (UAS) sighting/1315c/houston airport traffic control tower (ATCT) advised, e75l, aus-iah, reported a unmanned aircraft systems (UAS) from 200 feet above while E bound at 2,200 feet 8 E iah.No evasive action taken.Hpd notified.",2024-06-09T13:15:00Z,29.9902,-95.2517,2200.0,medium
15465,2024-06-09,Jacksonville,Florida,"Prelim information (INFO) from federal aviation administration (FAA) operations (OPS): jacksonville, flight level (FL) / unmanned aircraft systems (UAS) sighting/1427e/jacksonville airport traffic control tower (ATCT) advised, piper pa32, reported a unmanned aircraft systems (UAS) from the 12 of the clock position while S bound at 5,500 feet vcnty jax.No evasive action taken.Leo notification not reported.",2024-06-09T14:27:00Z,30.4941,-81.6879,5500.0,medium
15466,2024-06-09,Portland,Oregon,"Prelim information (INFO) from federal aviation administration (FAA) operations (OPS): portland, or / unmanned aircraft systems (UAS) sighting/1402p/hillsboro airport traffic control tower (ATCT) advised, cessna c172, reported a unmanned aircraft systems (UAS) while sw bound at 700 feet 2 northwest (NW) hio.No evasive action taken.Leo notification not reported.",2024-06-09T14:02:00Z,45.555833,-122.981389,700.0,medium
15467,2024-06-09,San jose,California,"Prelim information (INFO) from federal aviation administration (FAA) operations (OPS): san jose, ca / unmanned aircraft systems (UAS) sighting/1728p/norcal terminal radar approach control (TRACON) advised, e55p, sjc-lgb, reported a white unmanned aircraft systems (UAS) from the 3 of the clock position while ese bound at 12,000 feet 5 E sjc.No evasive action taken.Leo notification not reported.",2024-06-09T17:28:00Z,37.3361,-121.8089,12000.0,medium
15468,2024-06-10,Livermore,California,"Prelim information (INFO) from federal aviation administration (FAA) operations (OPS): livermore, ca / unmanned aircraft systems (UAS) sighting/0915p/livermore airport traffic control tower (ATCT) advised, pilatus pc12, lvk-sbp, reported a unmanned aircraft systems (UAS) 100 feet below aircraft (ACFT) while E bound at 2,000 feet 2 sw lvk.No evasive action taken.Livermore pd notified.",2024-06-10T21:15:00Z,37.681944,-121.837778,2000.0,medium
15469,2024-06-10,Los angeles,California,"Prelim information (INFO) from federal aviation administration (FAA) operations (OPS): los angeles, ca / unmanned aircraft systems (UAS) sighting/1650p/socal terminal radar approach control (TRACON) advised, a339, frankfurt, germany (EDDF)-lax, reported 3 unmanned aircraft systems (UAS) from the 3 of the clock position while sw bound at 3,000 feet 14 ene lax.No evasive action taken.Los angeles pd notified.",2024-06-10T16:50:00Z,34.0522,-118.2437,3000.0,medium
15470,2024-06-10,Macon,Georgia,"Prelim information (INFO) from federal aviation administration (FAA) operations (OPS): macon, general aviation (GA) / unmanned aircraft systems (UAS) sighting/1448e/atlanta terminal radar approach control (TRACON) advised, beech be35, reported a unmanned aircraft systems (UAS) from the 3 of the clock position while wnw bound at 7,500 feet 20 se mcn.No evasive action taken.Wilkinson county sheriff notified.",2024-06-10T14:48:00Z,32.6295,-83.4292,7500.0,medium
15471,2024-06-10,Milwaukee,Wisconsin,"Prelim information (INFO) from federal aviation administration (FAA) af operations (OPS): milwaukee, wi / unmanned aircraft systems (UAS) sighting/2020c/milwaukee approach (APCH) advised, beech b190, mke-lan, reported unmanned aircraft systems (UAS) while S bound at 4,000 feet 8 sw mke.No evasive action taken.Milwaukee county sheriff notified.",2024-06-10T00:00:00Z,42.8889,-88.0506,4000.0,medium
15472,2024-06-10,Minneapolis,Minnesota,"Prelim information (INFO) from federal aviation administration (FAA) operations (OPS): minneapolis, mn / unmanned aircraft systems (UAS) sighting/1815c/minneapolis airport traffic control tower (ATCT) advised, a320, calgary, canada (CYYC)-msp, reported a black and orange unmanned aircraft systems (UAS) 800 feet below while ese bound at 1,500 feet 2 wnw msp.No evasive action taken. Minneapolis airport (ARPT) pd notified.",2024-06-10T18:15:00Z,44.890833,-93.241389,1500.0,medium
15473,2024-06-10,St louis,Missouri,"Prelim information (INFO) from federal aviation administration (FAA) operations (OPS): st louis, mo / unmanned aircraft systems (UAS) sighting/1440c/st louis airport traffic control tower (ATCT) advised, b737, bwi-stl, reported a unmanned aircraft systems (UAS) from the 3 of the clock position while northwest (NW) bound at 1,500 feet 5 se stl.No evasive action taken.St. louis county communication center notified.",2024-06-10T14:40:00Z,38.627,-90.3046,1500.0,medium
15474,2024-06-10,Washington,District of columbia,"Prelim information (INFO) from federal aviation administration (FAA) operations (OPS): washington, dc / unmanned aircraft systems (UAS) sighting/1114e/washington airport traffic control tower (ATCT) advised, helo, unkn-unkn, reported a unmanned aircraft systems (UAS) from the 1 of the clock position while northwest (NW) bound at 1,000 feet 4 no earlier (NE) dca.No evasive action taken.Metropolitan pd notified.",2024-06-10T11:14:00Z,38.8719,-77.0563,1000.0,medium
15475,2024-06-11,Atlanta,Georgia,"Prelim information (INFO) from federal aviation administration (FAA) operations (OPS): atlanta, general aviation (GA) / unmanned aircraft systems (UAS) sighting/0817e/peachtree airport traffic control tower (ATCT) advised, piper p28a, unkn-unkn, reported a unmanned aircraft systems (UAS) from the 10 of the clock position while no earlier (NE) bound at 1,600 feet 1 N pdk.No evasive action taken.Dekalb county sheriff notified.",2024-06-11T08:17:00Z,33.8811,-84.3036,1600.0,medium
15476,2024-06-11,Boston,Massachusetts,"Prelim information (INFO) from federal aviation administration (FAA) operations (OPS): boston, ma / unmanned aircraft systems (UAS) sighting/0810e/boston approach (APCH) advised, cessna c402, aug-bos, reported a unmanned aircraft systems (UAS) from the 12 of the clock position while se bound at 4,000 feet 5 no earlier (NE) bos.No evasive action taken.Massachusetts state pd notified.",2024-06-11T08:10:00Z,42.3656,-71.0096,4000.0,medium
15477,2024-06-11,Charlotte,North carolina,"Prelim information (INFO) from federal aviation administration (FAA) operations (OPS): charlotte, nc / unmanned aircraft systems (UAS) sighting/2049e/atlanta air route traffic control center (ARTCC)-charlotte airport traffic control tower (ATCT) advised, b738, clt-dtw, reported a black unmanned aircraft systems (UAS) from the 12 of the clock position while N bound at 10,000 feet 10 N clt.No evasive action taken. Tsa notified.",2024-06-11T20:49:00Z,35.3136,-80.9785,10000.0,medium
15478,2024-06-11,Detroit,Michigan,"Prelim information (INFO) from federal aviation administration (FAA) operations (OPS): detroit, mile (MI) / unmanned aircraft systems (UAS) sighting/1233e/detroit terminal radar approach control (TRACON) advised, mooney m20p, required navigation performance (RNP)-16g, reported a unmanned aircraft systems (UAS) from the 12 of the clock position while S bound at 11,500 feet 9 sw dxo.No evasive action taken.Michigan state pd notified.",2024-06-11T12:33:00Z,42.1833,-83.4167,11500.0,medium
15479,2024-06-11,Greer,South carolina,"Prelim information (INFO) from federal aviation administration (FAA) operations (OPS): greer, sc / unmanned aircraft systems (UAS) sighting/1700e/greer airport traffic control tower (ATCT) advised, e75s, phl-gsp, reported a unmanned aircraft systems (UAS) 500 feet below aircraft (ACFT) from the 9 of the clock position while no earlier (NE) bound at 1,500 feet 2 sw gsp.No evasive action taken.Leo notification not reported.",2024-06-11T17:00:00Z,34.8833,-82.2333,1500.0,medium
15480,2024-06-11,Salinas,California,"Prelim information (INFO) from federal aviation administration (FAA) operations (OPS): salinas, ca / unmanned aircraft systems (UAS) sighting/1514p/salinas airport traffic control tower (ATCT) advised, cirrus sr22, reported a large, black unmanned aircraft systems (UAS) at the 3 of the clock position while se bound at 900 feet 5 ene sns.No evasive action taken.Salinas pd notified.",2024-06-11T15:14:00Z,36.6783,-121.5464,900.0,medium
15481,2024-06-11,Sea isle,New jersey,"Prelim information (INFO) from federal aviation administration (FAA) af operations (OPS): sea isle, nj / unmanned aircraft systems (UAS) sighting/1220e/atlantic city airport traffic control tower (ATCT) advised, cessna c172, acy-acy, reported a small white unmanned aircraft systems (UAS) at the 3 of the clock position while ene bound at 2,300 feet 2 northwest (NW) sea isle vor collocated with tacan (VORTAC) (SIE).No evasive action taken.Cape may county sheriff notified.",2024-06-11T12:20:00Z,39.1022,-74.8008,2300.0,medium
15482,2024-06-12,Allentown,Pennsylvania,"Prelim information (INFO) from federal aviation administration (FAA) operations (OPS): allentown, public address (PA) / unmanned aircraft systems (UAS) sighting/1513e/allentown airport traffic control tower (ATCT) advised, cessna c152, reported a unmanned aircraft systems (UAS) 200 feet below aircraft (ACFT) while wsw bound at 1,500 feet 4 sse allentown very high frequency omnidirectional range (VOR).No evasive action taken. Allentown airport (ARPT) pd notified.",2024-06-12T15:13:00Z,40.5167,-75.5833,1300.0,medium
15483,2024-06-12,Chantilly,Virginia,"Prelim information (INFO) from federal aviation administration (FAA) af operations (OPS): chantilly, va / unmanned aircraft systems (UAS) sighting/1754e/potomac terminal radar approach control (TRACON) advised, cessna c182, reported a small white unmanned aircraft systems (UAS) at the 3 of the clock position while N bound at 4,500 feet 18 S armel very high frequency omnidirectional range (VOR).No evasive action taken.Fairfax county sheriff notified.",2024-06-12T17:54:00Z,38.5833,-77.7167,4500.0,medium
15484,2024-06-12,Chicago,Illinois,"Prelim information (INFO) from federal aviation administration (FAA) operations (OPS): chicago, il / unmanned aircraft systems (UAS) sighting/1221c/chicago midway international (INTL) airport traffic control tower (ATCT) advised, gulfstream ga5c, reported a blue unmanned aircraft systems (UAS) at 9 of the clock position at 3,000 feet 13 E chicago midway international (INTL) airport (ARPT).No evasive action taken.Leo notification not reported.",2024-06-12T12:21:00Z,41.7286,-87.5231,3000.0,medium
15485,2024-06-12,Chicago,Illinois,"Prelim information (INFO) from federal aviation administration (FAA) operations (OPS): chicago, il / unmanned aircraft systems (UAS) sighting/late report 1221c/chicago terminal radar approach control facility (TRACON) advised, gulfstream ga5c, reported a blue unmanned aircraft systems (UAS) from the 12 of the clock position while E bound at 3,000 feet 9 ese mdw.No evasive action taken.Chicago fbi notified.",2024-06-12T12:21:00Z,41.7089,-87.5789,3000.0,medium
15486,2024-06-12,Grand rapids,Michigan,"Prelim information (INFO) from federal aviation administration (FAA) operations (OPS): grand rapids, mile (MI) / unmanned aircraft systems (UAS) sighting/0021e/chicago artcc advised, b738, ord-grr, reported unmanned aircraft systems (UAS) with red and green lights above them at the 2 of the clock position while W bound on the ground grr.No evasive action taken.Kent county sheriff notified.",2024-06-12T00:00:00Z,42.8814,-85.5229,0.0,medium
15487,2024-06-12,Hyannis,Massachusetts,"Prelim information (INFO) from federal aviation administration (FAA) operations (OPS): hyannis, ma / unmanned aircraft systems (UAS) sighting/1620e/boston terminal radar approach control (TRACON) advised, cessna c402, bos-ack, reported a white unmanned aircraft systems (UAS) at 3,000 feet while S bound 4 S of cape cod gateway (HYA).No evasive action taken.Yarmouth pd notified.",2024-06-12T16:20:00Z,41.6291,-70.2803,3000.0,medium
15488,2024-06-12,Lexington,Kentucky,"Prelim information (INFO) from federal aviation administration (FAA) operations (OPS): lexington, ky / unmanned aircraft systems (UAS) sighting/1941e/lexington airport traffic control tower (ATCT) advised, crj9, dfw-lex, reported a unmanned aircraft systems (UAS) while sw bound at 2,300 feet 5 sw lex.No evasive action taken.Lexington pd notified.",2024-06-12T19:41:00Z,37.9667,-84.5333,2300.0,medium
15489,2024-06-12,New york,New york,"Prelim information (INFO) from federal aviation administration (FAA) operations (OPS): new york, ny / unmanned aircraft systems (UAS) sighting/1948e/laguardia airport traffic control tower (ATCT) advised, cirrus sr22, reported a unmanned aircraft systems (UAS) while no earlier (NE) bound at 1,500 feet 6 W lga.No evasive action taken.Nypd notified.",2024-06-12T19:48:00Z,40.7769,-73.9653,1500.0,medium
15490,2024-06-12,Philadelphia,Pennsylvania,"Prelim information (INFO) from federal aviation administration (FAA) operations (OPS): philadelphia, public address (PA) / unmanned aircraft systems (UAS) sighting/2004e/philadelphia airport traffic control tower (ATCT) advised, a321, phl-mco, reported a unmanned aircraft systems (UAS) from the 9 of the clock position while no earlier (NE) bound at 4,000 feet 21 E phl.No evasive action taken. Philadelphia airport (ARPT) pd notified.",2024-06-12T00:00:00Z,39.9526,-74.8307,4000.0,medium
15491,2024-06-12,Richmond,Virginia,"Prelim information (INFO) from federal aviation administration (FAA) operations (OPS): richmond, va / unmanned aircraft systems (UAS) sighting/1734e/potomac terminal radar approach control (TRACON) advised, beech be55, reported a white unmanned aircraft systems (UAS) at 3,000 feet while sw bound 3 nne ric.No evasive action taken.Henrico county sheriff notified.",2024-06-12T17:34:00Z,37.5508,-77.3231,3000.0,medium
15492,2024-06-12,South bend,Indiana,"Prelim information (INFO) from federal aviation administration (FAA) operations (OPS): south bend, in / unmanned aircraft systems (UAS) sighting/0800e/chicago air route traffic control center (ARTCC) advised, cessna c210, reported a unmanned aircraft systems (UAS) from the 2 of the clock position while W bound at 12,000 feet 5 northwest (NW) plymouth municipal airport (ARPT) (c65).No evasive action taken.Marshall county sheriff notified.",2024-06-12T08:00:00Z,41.4033,-86.4033,12000.0,medium
15493,2024-06-12,Tampa,Florida,"Prelim information (INFO) from federal aviation administration (FAA) operations (OPS): tampa, flight level (FL) / unmanned aircraft systems (UAS) sighting/1048e/tampa airport traffic control tower (ATCT) advised, a320, dca-tpa, reported a white and black unmanned aircraft systems (UAS) at 1,400 feet while S bound 5 N tpa.No evasive action taken.Leo notification not reported.",2024-06-12T10:48:00Z,27.9917,-82.5369,1400.0,medium
15494,2024-06-13,Chicago,Illinois,"Prelim information (INFO) from federal aviation administration (FAA) operations (OPS): chicago, il / unmanned aircraft systems (UAS) sighting/1058c/chicago terminal radar approach control facility (TRACON) advised, crj2, local area network (LAN)-ord, reported a silver unmanned aircraft systems (UAS) from the 3 of the clock position while west bound at 3,500 feet 13 E ord.No evasive action taken.Fbi notified.",2024-06-13T10:58:00Z,41.9742,-87.6861,3500.0,medium
15495,2024-06-13,Farmingdale,New york,"Prelim information (INFO) from federal aviation administration (FAA) af operations (OPS): farmingdale, ny / unmanned aircraft systems (UAS) sighting/1020e/new york terminal radar approach control (TRACON) advised, a320, pbi-jfk, reported a unmanned aircraft systems (UAS) while wnw bound at 3,000 feet 5 N frg.No evasive action taken.Suffolk pd notified.",2024-06-13T10:20:00Z,40.7833,-73.4667,3000.0,medium
15496,2024-06-13,Jacksonville,Florida,"Prelim information (INFO) from federal aviation administration (FAA) operations (OPS): jacksonville, flight level (FL) / unmanned aircraft systems (UAS) sighting/1107e/jacksonville airport traffic control tower (ATCT) advised, cessna c25b, dto-jax, reported 1 blue unmanned aircraft systems (UAS) and 1 white unmanned aircraft systems (UAS) both at 1,700 feet while W bound 7 E jax.No evasive action taken.Duval county sheriff notified.",2024-06-13T11:07:00Z,30.3344,-81.4279,1700.0,medium
15497,2024-06-13,Las vegas,Nevada,"Prelim information (INFO) from federal aviation administration (FAA) operations (OPS): las vegas, nv / unmanned aircraft systems (UAS) sighting/1455p/las vegas airport traffic control tower (ATCT) advised, a20n, las-pit, reported a white unmanned aircraft systems (UAS) from the 9 of the clock position while W bound at 3,200 feet 3 E las.No evasive action taken.Leo notification not reported.",2024-06-13T14:55:00Z,36.08,-115.1522,3200.0,medium
15498,2024-06-13,New york,New york,"Prelim information (INFO) from federal aviation administration (FAA) operations (OPS): new york, ny / unmanned aircraft systems (UAS) sighting/0902e/new york terminal radar approach control (TRACON) advised, a321, clt-lga, reported a unmanned aircraft systems (UAS) at the 12 of the clock position while nne bound at 4,400 feet 8 wsw lga.No evasive action taken.Nypd notified.",2024-06-13T09:02:00Z,40.7128,-74.006,4400.0,medium
15499,2024-06-13,Orlando,Florida,"Prelim information (INFO) from federal aviation administration (FAA) operations (OPS): orlando, flight level (FL) / unmanned aircraft systems (UAS) sighting/1012e/orlando airport traffic control tower (ATCT) advised, cessna c441, orl-orl, reported a gray unmanned aircraft systems (UAS) from the 3 of the clock position at 1,000 feet while wsw bound 3 ene orl.No evasive action taken.Orange county sheriff notified.",2024-06-13T10:12:00Z,28.4453,-81.3089,1000.0,medium
15500,2024-06-13,Robbinsville,New jersey,"Prelim information (INFO) from federal aviation administration (FAA) operations (OPS): robbinsville, nj / unmanned aircraft systems (UAS) sighting/1355e/washington air route traffic control center (ARTCC) advised, cessna c172, gon-mtn, reported an orange unmanned aircraft systems (UAS) while sw bound at 8,500 feet 12 W robbinsville very high frequency omnidirectional range (VOR).No evasive action taken.New jersey state pd notified.",2024-06-13T13:55:00Z,40.1964,-74.7972,8500.0,medium
15501,2024-06-13,Sacramento,California,"Prelim information (INFO) from federal aviation administration (FAA) af operations (OPS): sacramento, ca / unmanned aircraft systems (UAS) sighting/0927p/norcal terminal radar approach control (TRACON) advised, b738, smf-bna, reported a unmanned aircraft systems (UAS) at the 9 of the clock position while E bound at 2,700 feet 5 E smf.No evasive action taken.Sacramento pd notified.",2024-06-13T21:27:00Z,38.6954,-121.4907,2700.0,medium
15502,2024-06-13,Washington,District of columbia,"Prelim information (INFO) from federal aviation administration (FAA) operations (OPS): washington, dc / unmanned aircraft systems (UAS) sighting/1417e/potomac terminal radar approach control (TRACON) advised, crj7, msy-dca, reported a black unmanned aircraft systems (UAS) while se bound at 3,000 feet 10 northwest (NW) washington, d. c. (DCA).No evasive action taken.Montgomery county sheriff notified.",2024-06-13T14:17:00Z,38.995,-77.1644,3000.0,medium
15503,2024-06-13,Washington,District of columbia,"Prelim information (INFO) from federal aviation administration (FAA) operations (OPS): washington, dc / unmanned aircraft systems (UAS) sighting/1417e/potomac terminal radar approach control facility (TRACON) advised, e190, bos-dca, reported a black unmanned aircraft systems (UAS) while se bound at 3,000 feet 10 no earlier (NE) washington, d. c. (DCA).No evasive action taken.Montgomery county sheriff notified.",2024-06-13T14:17:00Z,38.9519,-76.9667,3000.0,medium
15504,2024-06-14,Charleston,South carolina,"Prelim information (INFO) from federal aviation administration (FAA) operations (OPS): charleston, sc / unmanned aircraft systems (UAS) sighting/1145e/charleston airport traffic control tower (ATCT) advised, bombardier cl60, bct-hpn, reported a unmanned aircraft systems (UAS) from the 11 oâ€™clock position while se bound at 3,000 feet 12 S chs.No evasive action taken.Charleston county sheriff notified.",2024-06-14T11:45:00Z,32.7765,-79.9311,3000.0,medium
15505,2024-06-14,Chicago,Illinois,"Prelim information (INFO) from federal aviation administration (FAA) operations (OPS): chicago, il / unmanned aircraft systems (UAS) sighting/1115c/chicago terminal radar approach control (TRACON) advised, b38m, mdw-oma, reported a unmanned aircraft systems (UAS) from the 12 of the clock position while W bound at 3,000 feet 6 W mdw.No evasive action taken.Fbi notified.",2024-06-14T11:15:00Z,41.7667,-87.8833,3000.0,medium
15506,2024-06-14,Chicago,Illinois,"Prelim information (INFO) from federal aviation administration (FAA) operations (OPS): chicago, il / unmanned aircraft systems (UAS) sighting/1346c/chicago terminal radar approach control (TRACON) advised, b739, sea-ord, reported a black unmanned aircraft systems (UAS) 200 feet below while E bound at 4,000 feet 12 W chicago.No evasive action taken.Fbi notified.",2024-06-14T13:46:00Z,41.8781,-88.0369,4000.0,medium
15507,2024-06-14,Columbus/w point/starkville,Mississippi,"Prelim information (INFO) from federal aviation administration (FAA) operations (OPS): columbus/w point / starkville, ms / unmanned aircraft systems (UAS) sighting/0856c/golden triangle airport traffic control tower (ATCT) advised, lj75, cll-gtr, reported a unmanned aircraft systems (UAS) while N bound at 400 feet 1 S gtr.No evasive action taken.Lowndes county sheriff notified.",2024-06-14T08:56:00Z,33.4483,-88.5914,400.0,medium
15508,2024-06-14,Florence,South carolina,"Prelim information (INFO) from federal aviation administration (FAA) operations (OPS): florence, sc / unmanned aircraft systems (UAS) sighting/0939e/jacksonville air route traffic control center (ARTCC) advised, piper pa31, reported a unmanned aircraft systems (UAS) from the 3 of the clock position while N bound at 11,500 feet 45 E flo.No evasive action taken.Leo notification not reported.",2024-06-14T09:39:00Z,34.5053,-78.7264,11500.0,medium
15509,2024-06-14,Norfolk,Virginia,"Prelim information (INFO) from federal aviation administration (FAA) operations (OPS): norfolk, va / unmanned aircraft systems (UAS) sighting/1145e/norfolk airport traffic control tower (ATCT) advised, crj9, orf-lga, reported a unmanned aircraft systems (UAS) while W bound at 4,300 feet 5 sw orf.No evasive action reported.Norfolk pd notified.",2024-06-14T11:45:00Z,36.8354,-76.201,4300.0,medium
15510,2024-06-14,Wichita,Kansas,"Prelim information (INFO) from federal aviation administration (FAA) operations (OPS): wichita, ks / unmanned aircraft systems (UAS) sighting/1400c/wichita airport traffic control tower (ATCT) advised, beech be36, ict-ict, reported a unmanned aircraft systems (UAS) while S bound at 400 feet 1 N ict.No evasive action taken.Wichita airport authority notified.",2024-06-14T14:00:00Z,37.6564,-97.4331,400.0,medium
15511,2024-06-15,Albany,New york,"Prelim information (INFO) from federal aviation administration (FAA) operations (OPS): albany, ny / unmanned aircraft systems (UAS) sighting/2003e/albany airport traffic control tower (ATCT) advised, crj9, lga-alb, reported small unmanned aircraft systems (UAS) at the 3 of the clock position while N bound at 5,500 feet 20 S alb.No evasive action reported.Leos not notified.",2024-06-15T20:03:00Z,42.5486,-73.8063,5500.0,medium
15512,2024-06-15,Chicago,Illinois,"Prelim information (INFO) from federal aviation administration (FAA) operations (OPS): chicago, il / unmanned aircraft systems (UAS) sighting/1945c/ord airport traffic control tower (ATCT) advised, e170, bna-ord, reported unmanned aircraft systems (UAS) at 500 feet while on 2 mile final runway 10c.No evasive action reported.Wooddale pd notified.",2024-06-15T19:45:00Z,41.9742,-87.9073,500.0,medium
15513,2024-06-15,Chino,California,"Prelim information (INFO) from federal aviation administration (FAA) operations (OPS): chino, conflict alert (CA) / unmanned aircraft systems (UAS) sighting/1215p/chino airport traffic control tower (ATCT) advised, piper pa32, reported a unmanned aircraft systems (UAS) from the 3 of the clock position while S bound at 1,000 feet 1 no earlier (NE) cno.no evasive action taken.Pd helo notified.",2024-06-15T19:15:00Z,33.9748,-117.6367,1000.0,medium
15514,2024-06-15,Colts neck,New jersey,"Prelim information (INFO) from federal aviation administration (FAA) operations (OPS): colts neck, nj / unmanned aircraft systems (UAS) sighting/1532e/new york terminal radar approach control (TRACON) advised, a321, jfk-clt, reported a unmanned aircraft systems (UAS) at 11,000 feet while W bound vcnty colts neck.No evasive action taken.Nypd notified.",2024-06-15T15:32:00Z,40.3054,-74.2179,11000.0,medium
15515,2024-06-15,Gary,Indiana,"Prelim information (INFO) from federal aviation administration (FAA) operations (OPS): gary, in / unmanned aircraft systems (UAS) sighting/1710c/chicago terminal radar approach control (TRACON) advised, b738, phl-ord, reported a unmanned aircraft systems (UAS) from the 9 of the clock position while northwest (NW) bound at 11,000 feet 10 northwest (NW) gyy.No evasive action taken.Chicago fbi notified.",2024-06-15T17:10:00Z,41.6167,-87.4167,11000.0,medium
15516,2024-06-15,Houston,Texas,"Prelim information (INFO) from federal aviation administration (FAA) operations (OPS): houston, tx / unmanned aircraft systems (UAS) sighting/1755c/houston terminal radar approach control (TRACON) advised, cessna c172, reported a white unmanned aircraft systems (UAS) from the 3 of the clock position while E bound at 2,000 feet 10 nne hou.No evasive action taken.Houston fbi notified.",2024-06-15T17:55:00Z,30.0636,-95.2544,2000.0,medium
15517,2024-06-15,Jackson,Michigan,"Prelim information (INFO) from federal aviation administration (FAA) af operations (OPS): jackson, mile (MI) / unmanned aircraft systems (UAS) sighting/1338e/kalamazoo airport traffic control tower (ATCT) advised, canadair cl60, lrd-local area network (LAN), reported a unmanned aircraft systems (UAS) at 9,000 feet while N bound 7 northwest (NW) jackson.No evasive action taken.Jackson county dispatch notified.",2024-06-15T13:38:00Z,42.3333,-84.5833,9000.0,medium
15518,2024-06-15,Los angeles,California,"Prelim information (INFO) from federal aviation administration (FAA) operations (OPS): los angeles, ca / unmanned aircraft systems (UAS) sighting/1205p/los angeles airport traffic control tower (ATCT) advised, a321, bos-lax, reported a unmanned aircraft systems (UAS) from the 3 of the clock position while W bound at 900 feet 4 ene lax.No evasive action taken. Lawa airport (ARPT) operations (OPS) notified.",2024-06-15T19:05:00Z,33.9604,-118.3707,900.0,medium
15519,2024-06-15,New york,New york,"Prelim information (INFO) from federal aviation administration (FAA) operations (OPS): new york, ny / unmanned aircraft systems (UAS) sighting/1445e/jfk airport traffic control tower (ATCT) advised, cessna c525, reported a unmanned aircraft systems (UAS) from the 7 of the clock position while nne bound at 1,000 feet 20 nne jfk.No evasive action taken.Port authority notified.",2024-06-15T14:45:00Z,40.8589,-73.7589,1000.0,medium
15520,2024-06-15,New york,New york,"Prelim information (INFO) from federal aviation administration (FAA) operations (OPS): new york, ny / unmanned aircraft systems (UAS) sighting/1750e/new york terminal radar approach control (TRACON) advised, a321, montego bay, jamaica (MKJS)-jfk, reported a unmanned aircraft systems (UAS) whle N bound at 9,000 feet vcnty jfk.No evasive action taken.Leo notification not reported.",2024-06-15T17:50:00Z,40.6413,-73.7781,9000.0,medium
15521,2024-06-15,Niles,Michigan,"Prelim information (INFO) from federal aviation administration (FAA) operations (OPS): niles, mile (MI) / unmanned aircraft systems (UAS) sighting/2048e/chicago air route traffic control center (ARTCC) advised, b38m, mdw-lga, reported a unmanned aircraft systems (UAS) passed 50 feet above aircraft (ACFT) while E bound at 17,000 feet 25 nnw niles.No evasive action reported.Leos not notified.",2024-06-15T20:48:00Z,42.0833,-86.2533,17000.0,medium
15522,2024-06-15,Raleigh/durham,North carolina,"Prelim information (INFO) from federal aviation administration (FAA) operations (OPS): raleigh / durham, nc / unmanned aircraft systems (UAS) sighting/0915e/raleigh airport traffic control tower (ATCT) advised, piper p28a, reported a unmanned aircraft systems (UAS) from the 3 of the clock position while northwest (NW) bound at 300 feet 7 se rdu.No evasive action taken.Wake county sheriff notified.",2024-06-15T09:15:00Z,35.8234,-78.7069,300.0,medium
15523,2024-06-15,Raleigh/durham,North carolina,"Prelim information (INFO) from federal aviation administration (FAA) af operations (OPS): raleigh / durham, nc / unmanned aircraft systems (UAS) sighting/1235e/raleigh airport traffic control tower (ATCT) advised, cirrus sr22, reported a unmanned aircraft systems (UAS) from the 12 of the clock position while nne bound at 800 feet 2 sw rdu.No evasive action taken. Rdu airport (ARPT) authority notified.",2024-06-15T12:35:00Z,35.8544,-78.8097,800.0,medium
15524,2024-06-15,San jose,California,"Prelim information (INFO) from federal aviation administration (FAA) operations (OPS): san jose, ca / unmanned aircraft systems (UAS) sighting/1907p/norcal terminal radar approach control (TRACON) advised, b39m, ewr-sfo, reported a unmanned aircraft systems (UAS) from the 10 of the clock position while wsw bound at 10,800 feet 19 no earlier (NE) sjc.No evasive action taken.Leo notification not reported.",2024-06-15T19:07:00Z,37.3639,-121.9289,10800.0,medium
15525,2024-06-15,Tampa,Florida,"Prelim information (INFO) from federal aviation administration (FAA) af operations (OPS): tampa, flight level (FL) / unmanned aircraft systems (UAS) sighting/1445e/tampa approach (APCH) advised, b738, operational readiness demonstration (ORD)-tpa, reported a unmanned aircraft systems (UAS) from the 1 of the clock position while S bound at 3,800 feet 10 nnw tpa.No evasive action taken.Fbi notified.",2024-06-15T14:45:00Z,28.0667,-82.5167,3800.0,medium
15526,2024-06-15,Teterboro,New jersey,"Prelim information (INFO) from federal aviation administration (FAA) af operations (OPS): teterboro, nj / unmanned aircraft systems (UAS) sighting/1428e/teterboro airport traffic control tower (ATCT) advised, dassault f2th, blm-teb, reported a unmanned aircraft systems (UAS) from the 3 of the clock position while ene bound at 400 feet 1.5 wsw teb.No evasive action taken.Leo notification not reported.",2024-06-15T14:28:00Z,40.8403,-74.0789,400.0,medium
15527,2024-06-15,West palm beach,Florida,"Prelim information (INFO) from federal aviation administration (FAA) af operations (OPS): west palm beach, flight level (FL) / unmanned aircraft systems (UAS) sighting/1459e/palm beach airport traffic control tower (ATCT) advised, gulfstream galx, reported a black and yellow unmanned aircraft systems (UAS) at 3 of the clock position at 4,000 feet while S bound vcnty pbi.No evasive action taken.Leo notified.",2024-06-15T14:59:00Z,26.6832,-80.0956,4000.0,medium
15528,2024-06-16,Atlanta,Georgia,"Prelim information (INFO) from federal aviation administration (FAA) operations (OPS): atlanta, general aviation (GA) / unmanned aircraft systems (UAS) sighting/1035e/atlanta terminal radar approach control (TRACON) advised, a321, lga-atl, reported a black unmanned aircraft systems (UAS) at the 10 of the clock position 100 feet below while sw bound at 14,000 feet 30 no earlier (NE) atl.No evasive action taken.Gwinnett county pd notified.",2024-06-16T10:35:00Z,33.8651,-84.3366,14000.0,medium
15529,2024-06-16,Atlanta,Georgia,"Prelim information (INFO) from federal aviation administration (FAA) operations (OPS): atlanta, general aviation (GA) / unmanned aircraft systems (UAS) sighting/1242e/atlanta airport traffic control tower (ATCT) advised, b752, fll-atl, reported a black and yellow unmanned aircraft systems (UAS) at the 12 of the clock position while E bound at 2,000 feet 2.5 W atl.No evasive action taken.Fulton county 911 emergency services notified.",2024-06-16T12:42:00Z,33.6367,-84.4592,2000.0,medium
15530,2024-06-16,Bloomington,Indiana,"Prelim information (INFO) from federal aviation administration (FAA) operations (OPS): bloomington, in / unmanned aircraft systems (UAS) sighting/1245e/hulman airport traffic control tower (ATCT) advised, diamond da40, reported a white unmanned aircraft systems (UAS) 500 feet below aircraft (ACFT) from the 12 of the clock position while W bound at 3,000 feet 12 S hoosier vor collocated with tacan (VORTAC) (OOM).No evasive action taken.Leo notification not reported.",2024-06-16T12:45:00Z,39.0833,-86.6667,2500.0,medium
15531,2024-06-16,Boston,Massachusetts,"Prelim information (INFO) from federal aviation administration (FAA) operations (OPS): boston, ma / unmanned aircraft systems (UAS) sighting/1145e/boston airport traffic control tower (ATCT) advised, e190, ric-bos, reported a gray unmanned aircraft systems (UAS) while no earlier (NE) bound at 1,000 feet 3 S bos.No evasive action taken.Massachusetts state pd notified.",2024-06-16T11:45:00Z,42.3398,-71.0092,1000.0,medium
15532,2024-06-16,Boston,Massachusetts,"Prelim information (INFO) from federal aviation administration (FAA) af operations (OPS): boston, ma / unmanned aircraft systems (UAS) sighting/1250e/boston airport traffic control tower (ATCT) advised, cessna c172, reported a blue and white unmanned aircraft systems (UAS) 500 feet below while W bound at 1,500 feet 1 W bos.No evasive action taken.Massachusetts state pd notified.",2024-06-16T12:50:00Z,42.3656,-71.0296,1500.0,medium
15533,2024-06-16,Cleveland,Ohio,"Prelim information (INFO) from federal aviation administration (FAA) operations (OPS): cleveland, oh / unmanned aircraft systems (UAS) sighting/2007e/cleveland airport traffic control tower (ATCT) advised, cessna c172, reported a black drone from the 3 of the clock position while sw bound at 3,000 feet 5 se of burke lakefront airport (ARPT) (BKL).No evasive action taken.Leo notification not reported.",2024-06-16T00:00:00Z,41.5033,-81.6331,3000.0,medium
15534,2024-06-16,Dallas,Texas,"Prelim information (INFO) from federal aviation administration (FAA) af operations (OPS): dallas, tx / unmanned aircraft systems (UAS) sighting/1732c/dallas love airport traffic control tower (ATCT) advised, b737, msy-dal, reported a white unmanned aircraft systems (UAS) from the 3 of the clock position while se bound at 1,700 feet 6 northwest (NW) dal.Dallas-fort worth pd notified.",2024-06-16T17:32:00Z,32.8975,-96.9064,1700.0,medium
15535,2024-06-16,Denver,Colorado,"Prelim information (INFO) from federal aviation administration (FAA) af operations (OPS): denver, central office (CO) / unmanned aircraft systems (UAS) sighting/1940m/denver terminal radar approach control facility (TRACON) advised, fairchild sw4, den-aia, reported a black unmanned aircraft systems (UAS) from the 12 of the clock position while north bound at 8,500 feet 8 N den.No evasive action taken. Denver international (INTL) airport (ARPT) pd notified.",2024-06-16T19:40:00Z,39.9397,-104.7092,8500.0,medium
15536,2024-06-16,Houston,Texas,"Prelim information (INFO) from federal aviation administration (FAA) af operations (OPS): houston, tx / unmanned aircraft systems (UAS) sighting/1409c/houston terminal radar approach control facility (TRACON) advised, cessna c700, canouan, vc (TVSC)-iah, reported a white unmanned aircraft systems (UAS) off right side while W bound at 6,000 feet 6 S iah.No evasive action taken.Fbi notified.",2024-06-16T14:09:00Z,29.8847,-95.3475,6000.0,medium
15537,2024-06-16,Houston,Texas,"Prelim information (INFO) from federal aviation administration (FAA) af operations (OPS): houston, tx / unmanned aircraft systems (UAS) sighting/1415c/houston terminal radar approach control (TRACON) advised, b737, veracruz, mexico (MMVR)-iah, reported a white quad copter unmanned aircraft systems (UAS) from the 12 of the clock position while nne bound at 5,500 feet 20 W iah.No evasive action taken.Fbi notified.",2024-06-16T14:15:00Z,29.9902,-95.7364,5500.0,medium
15538,2024-06-16,Louisville,Kentucky,"Prelim information (INFO) from federal aviation administration (FAA) operations (OPS): louisville, ky / unmanned aircraft systems (UAS) sighting/1732e/louisville airport traffic control tower (ATCT) advised, helo, reported 3 drones while se bound at 1,700 feet 3.4 no earlier (NE) sdf.No evasive action taken. Louisville metropolitan (METRO) pd notified.",2024-06-16T17:32:00Z,38.1741,-85.7088,1700.0,medium
15539,2024-06-16,New york,New york,"Prelim information (INFO) from federal aviation administration (FAA) operations (OPS): new york, ny / unmanned aircraft systems (UAS) sighting/1320e/laguardia airport traffic control tower (ATCT) advised, a321, mco-lga, reported unmanned aircraft systems (UAS) off right side while no earlier (NE) bound at 1,800 feet 3 sw lga.No evasive action taken.New york pd aviation unit notified.",2024-06-16T13:20:00Z,40.7589,-73.8925,1800.0,medium
15540,2024-06-16,Newark,New jersey,"Prelim information (INFO) from federal aviation administration (FAA) operations (OPS): newark, nj / unmanned aircraft systems (UAS) sighting/1416e/new york terminal radar approach control (TRACON) advised, cessna c172, reported a white unmanned aircraft systems (UAS) while sw bound at 6,500 feet 4 wsw ewr.No evasive action taken.New jersey state pd aviation unit notified.",2024-06-16T14:16:00Z,40.6785,-74.2307,6500.0,medium
15541,2024-06-16,Poughkeepsie,New york,"Prelim information (INFO) from federal aviation administration (FAA) operations (OPS): poughkeepsie, ny / unmanned aircraft systems (UAS) sighting/1949e/boston artcc advised, e190, bos-lga, reported at black unmanned aircraft systems (UAS) 1,000 feet below aircraft (ACFT) while wsw bound at 14,000 feet 12 se pawling very high frequency omnidirectional range (VOR).No evasive action taken.Newtown pd notified.",2024-06-16T19:49:00Z,41.4833,-73.5667,13000.0,medium
15542,2024-06-16,Washington,District of columbia,"Prelim information (INFO) from federal aviation administration (FAA) operations (OPS): washington, dc / unmanned aircraft systems (UAS) sighting/1044e/potomac terminal radar approach control facility (TRACON) advised, a319, dca-syr, reported a white unmanned aircraft systems (UAS) at the 12 of the clock position 2,000 feet below while nnw bound at 4,000 feet 5 nnw dca.No evasive action taken.Us park police notified.",2024-06-16T10:44:00Z,38.9342,-77.0624,2000.0,medium
15543,2024-06-16,Washington,District of columbia,"Prelim information (INFO) from federal aviation administration (FAA) af operations (OPS): washington, dc / unmanned aircraft systems (UAS) sighting/1352e/washington airport traffic control tower (ATCT) advised, e75s, lga-dca, reported a white unmanned aircraft systems (UAS) while E bound at 2,000 feet vcnty cabin john bridge.No evasive action taken.Montgomery county pd notified.",2024-06-16T13:52:00Z,38.9697,-77.1576,2000.0,medium
15544,2024-06-16,Washington,District of columbia,"Prelim information (INFO) from federal aviation administration (FAA) operations (OPS): washington, dc / unmanned aircraft systems (UAS) sighting/1906e/washington national airport traffic control tower (ATCT) advised, crj7, buf-dca, reported a unmanned aircraft systems (UAS) while S bound at 800 feet 1 N dca.No evasive action taken.Park police notified.",2024-06-16T19:06:00Z,38.8685,-77.0376,800.0,medium
15545,2024-06-16,Worcester,Massachusetts,"Prelim information (INFO) from federal aviation administration (FAA) operations (OPS): worcester, ma / unmanned aircraft systems (UAS) sighting/1340e/worcester airport traffic control tower (ATCT) advised, cessna c172, reported a unmanned aircraft systems (UAS) with red lights at 1,000 feet while wnw bound at 2,000 feet 3 se orh.No evasive action taken.Massachusetts state pd notified.",2024-06-16T13:40:00Z,42.2506,-71.8376,2000.0,medium
15546,2024-06-17,Baltimore,Maryland,"Prelim information (INFO) from federal aviation administration (FAA) operations (OPS): baltimore, md / unmanned aircraft systems (UAS) sighting/0755e/potomac terminal radar approach control (TRACON) advised, embraer e55p, hpn-bwi, reported a white unmanned aircraft systems (UAS) off left side while W bound at 5,600 feet 10 N mtn.No evasive action taken.Baltimore county pd notified.",2024-06-17T07:55:00Z,39.3833,-76.6167,5600.0,medium
15547,2024-06-17,Baltimore,Maryland,"Prelim information (INFO) from federal aviation administration (FAA) operations (OPS): baltimore, md / unmanned aircraft systems (UAS) sighting/1538e/baltimore airport traffic control tower (ATCT) advised, b737, mht-bwi, observed a white quad-copter unmanned aircraft systems (UAS) on right side while eastbound at 2,000 feet, 7 W bwi.No evasive action reported.Howard county pd notified.",2024-06-17T15:38:00Z,39.1754,-76.7967,2000.0,medium
15548,2024-06-17,Baltimore,Maryland,"Prelim information (INFO) from federal aviation administration (FAA) operations (OPS): baltimore, md / unmanned aircraft systems (UAS) sighting/2004e/potomac terminal radar approach control (TRACON) advised, b737, bwi-plan view display (PVD), reported a unmanned aircraft systems (UAS) 200 feet below aircraft (ACFT) while ese bound at 4,700 feet 7 ese baltimore very high frequency omnidirectional range (VOR).No evasive action taken.Anne arundel county pd notified.",2024-06-17T00:00:00Z,39.1666,-76.5333,4500.0,medium
15549,2024-06-17,Charleston,South carolina,"Prelim information (INFO) from federal aviation administration (FAA) operations (OPS): charleston, sc / balloon sighting/1940e/jacksonville air route traffic control center (ARTCC) advised, bcs3, mco-bos, reported a known balloon while no earlier (NE) bound at fl330 10 sw clt.No evasive action taken.No leo notification.",2024-06-17T19:40:00Z,35.1333,-81.0667,33000.0,medium
15550,2024-06-17,Charlotte,North carolina,"Prelim information (INFO) from federal aviation administration (FAA) af operations (OPS): charlotte, nc / unmanned aircraft systems (UAS) sighting/1831e/charlotte airport traffic control tower (ATCT) advised, piper pa24, jqf-standard operating procedure (SOP), reported a unmanned aircraft systems (UAS) from the 9 of the clock position while E bound at 3,000 feet 29 E clt.No evasive action taken.Stanley county sheriff notified.",2024-06-17T18:31:00Z,35.2144,-80.3935,3000.0,medium
15551,2024-06-17,Chicago,Illinois,"Prelim information (INFO) from federal aviation administration (FAA) af operations (OPS): chicago, il / unmanned aircraft systems (UAS) sighting/1235c/chicago terminal radar approach control (TRACON) advised, a319, msp-ord, observed a unmanned aircraft systems (UAS) while eastbound at 7,000 feet, 10 nnw ord.No injuries reported.Law enforcement notified.",2024-06-17T12:35:00Z,42.1083,-87.9845,7000.0,medium
15552,2024-06-17,Chicago,Illinois,"Prelim information (INFO) from federal aviation administration (FAA) operations (OPS): chicago, il / unmanned aircraft systems (UAS) sighting/1344c/chicago terminal radar approach control (TRACON) advised, e170, federal aviation regulation (FAR)-ord, reported a black unmanned aircraft systems (UAS) from the 12 of the clock position while W bound at 2,700 feet 12 E ord.No evasive action taken.Fbi notified.",2024-06-17T13:44:00Z,41.9742,-87.7287,2700.0,medium
15553,2024-06-17,Ontario,California,"Prelim information (INFO) from federal aviation administration (FAA) operations (OPS): ontario, ca / unmanned aircraft systems (UAS) sighting/1720p/socal terminal radar approach control facility (TRACON) advised, b739, bna-lax, reported a unmanned aircraft systems (UAS) from the 12 of the clock position while wsw bound at 7,000 feet 25 E lax.No evasive action taken.Riverside pd notified.",2024-06-17T17:20:00Z,33.9425,-117.6008,7000.0,medium
15554,2024-06-17,San jose,California,"Prelim information (INFO) from federal aviation administration (FAA) operations (OPS): san jose, ca / unmanned aircraft systems (UAS) sighting/1704p/norcal terminal radar approach control (TRACON) advised, b738, las-sfo, reported near midair collision (NMAC) with a black unmanned aircraft systems (UAS) from 400 feet below aircraft (ACFT) while wsw bound at 10,500 feet 18 no earlier (NE) sjc.No evasive action taken.Alameda county sheriff notified.",2024-06-17T17:04:00Z,37.3039,-122.0046,10500.0,medium
15555,2024-06-17,West palm beach,Florida,"Prelim information (INFO) from federal aviation administration (FAA) af operations (OPS): west palm beach, flight level (FL) / unmanned aircraft systems (UAS) sighting/1358e/palm beach approach advised, b738, lga-pbi, observed a unmanned aircraft systems (UAS) while eastbound at 2,000 feet, 6 W pbi.No injuries reported.Palm beach county sheriff notified.",2024-06-17T13:58:00Z,26.6832,-80.2095,2000.0,medium
15556,2024-06-18,Camarillo,California,"Prelim information (INFO) from federal aviation administration (FAA) af operations (OPS): camarillo, conflict alert (CA) / unmanned aircraft systems (UAS) sighting/1245p/camarillo airport traffic control tower (ATCT) advised, pilatus pc12, reported 2 unmanned aircraft systems (UAS) while W bound at 400 feet 1 E cma.No evasive action taken.Venture pd.",2024-06-18T12:45:00Z,34.2138,-119.0871,400.0,medium
15557,2024-06-18,Chicago,Illinois,"Prelim information (INFO) from federal aviation administration (FAA) operations (OPS): chicago, il / unmanned aircraft systems (UAS) sighting/1155c/chicago terminal radar approach control facility (TRACON) advised, crj2, pia-ord, reported a black unmanned aircraft systems (UAS) at the 12 of the clock position while W bound at 7,000 feet 6 se ord.No evasive action taken.Fbi notified.",2024-06-18T11:55:00Z,41.7389,-87.6818,7000.0,medium
15558,2024-06-18,Friendly,Maryland,"Prelim information (INFO) from federal aviation administration (FAA) operations (OPS): friendly, md / unmanned aircraft systems (UAS) sighting/1025e/potomac terminal radar approach control (TRACON) advised, b738, sav-bwi, reported a small, black unmanned aircraft systems (UAS) at the 3 of the clock position while no earlier (NE) bound at 12,000 feet 12 N potomac airfield airport (ARPT) (VKX).No evasive action taken.Charles county pd notified.",2024-06-18T10:25:00Z,38.7485,-76.9697,12000.0,medium
15559,2024-06-18,Jacksonville,Florida,"Prelim information (INFO) from federal aviation administration (FAA) operations (OPS): jacksonville, flight level (FL) / unmanned aircraft systems (UAS) sighting/1120e/jacksonville airport traffic control tower (ATCT) advised, raytheon h25b, reported a small, white unmanned aircraft systems (UAS) at the 1 of the clock position while E bound at 10,000 feet 4 W jax.No evasive action taken.Duval county sheriff notified.",2024-06-18T11:20:00Z,30.3369,-81.6614,10000.0,medium
15560,2024-06-18,Las vegas,Nevada,"Prelim information (INFO) from federal aviation administration (FAA) operations (OPS): las vegas, nv / unmanned aircraft systems (UAS) sighting/1436p/henderson airport traffic control tower (ATCT) advised, evektor ev97, hnd-bvu, reported a grey unmanned aircraft systems (UAS) from the 12 of the clock position while se bound at 3,900 feet 2 se hnd.No evasive action taken.Leo notification not reported.",2024-06-18T14:36:00Z,35.9595,-115.1198,3900.0,medium
15561,2024-06-18,New york,New york,"Prelim information (INFO) from federal aviation administration (FAA) operations (OPS): new york, ny / unmanned aircraft systems (UAS) sighting/1946e/kennedy airport traffic control tower (ATCT) advised, b77w, rome, italy (LIRF)-jfk, reported a unmanned aircraft systems (UAS) from the 3 of the clock position while sw bound at 2,000 feet vcnty jfk.No evasive action taken.Nypd aviation unit notified.",2024-06-18T19:46:00Z,40.6413,-73.7781,2000.0,medium
15562,2024-06-18,Philadelphia,Pennsylvania,"Prelim information (INFO) from federal aviation administration (FAA) operations (OPS): philadelphia, public address (PA) / unmanned aircraft systems (UAS) sighting/0928e/philadelphia airport traffic control tower (ATCT) advised, a319, bdl-phl, reported a black and red unmanned aircraft systems (UAS) while no earlier (NE) bound at 6,000 feet 21 ene woodstown very high frequency omnidirectional range (VOR).No evasive action taken.Philadelphia pd notified.",2024-06-18T09:28:00Z,39.7833,-75.0667,6000.0,medium
15563,2024-06-18,Poughkeepsie,New york,"Prelim information (INFO) from federal aviation administration (FAA) operations (OPS): poughkeepsie, ny / unmanned aircraft systems (UAS) sighting/0753e/new york terminal radar approach control (TRACON) advised, cessna c172, reported unmanned aircraft systems (UAS) 100 feet above while S bound at 3,000 feet 3.5 S poughkeepsie.No evasive action taken.New york state police notified.",2024-06-18T07:53:00Z,41.6063,-73.8824,3100.0,medium
15564,2024-06-18,Tallahassee,Florida,"Prelim information (INFO) from federal aviation administration (FAA) operations (OPS): tallahassee, flight level (FL) / unmanned aircraft systems (UAS) sighting/1008e/tallahassee airport traffic control tower (ATCT) advised, crj9, tlh-atl, reported a blue and white unmanned aircraft systems (UAS) while nne bound at 8,500 feet vcnty seminole vor collocated with tacan (VORTAC).No evasive action taken.Leon county sheriff notified.",2024-06-18T10:08:00Z,30.5975,-84.3733,8500.0,medium
15565,2024-06-18,Teterboro,New jersey,"Prelim information (INFO) from federal aviation administration (FAA) operations (OPS): teterboro, nj / unmanned aircraft systems (UAS) sighting/1932e/teterboro airport traffic control tower (ATCT) advised, beech be40, frg-teb, reported a white unmanned aircraft systems (UAS) from the 3 of the clock position while S bound at 1,000 feet 3 E teb.No evasive action taken.Leo notification not reported.",2024-06-18T19:32:00Z,40.8501,-73.9967,1000.0,medium
15566,2024-06-19,Asheville,North carolina,"Prelim information (INFO) from federal aviation administration (FAA) operations (OPS): asheville, nc / unmanned aircraft systems (UAS) sighting/1740e/asheville airport traffic control tower (ATCT) advised, beech be40, unkn-unkn, reported a unmanned aircraft systems (UAS) from the 9 of the clock position while N bound at 6,000 feet 4 northwest (NW) avl.No evasive action taken.Buncombe county sheriff notified.",2024-06-19T17:40:00Z,35.4961,-82.6084,6000.0,medium
15567,2024-06-19,Daytona beach,Florida,"Prelim information (INFO) from federal aviation administration (FAA) operations (OPS): daytona beach, flight level (FL) / unmanned aircraft systems (UAS) incident/1632e/daytona beach airport traffic control tower (ATCT) advised, cessna c560, orf-dab, reported a unmanned aircraft systems (UAS) 100 feet off the right wing while ene bound at 1,000 feet 1 wsw dab. Pic disabled autopilot and descended to avoid unmanned aircraft systems (UAS).Volusia county sheriff notified.",2024-06-19T16:32:00Z,29.1794,-81.0729,1000.0,medium
15568,2024-06-19,Deland,Florida,"Prelim information (INFO) from federal aviation administration (FAA) af operations (OPS): deland, flight level (FL) / unmanned aircraft systems (UAS) sighting/1515e/daytona beach airport traffic control tower (ATCT) advised, piper p32r, mqi-lee, reported a white unmanned aircraft systems (UAS) while sse bound at 6,000 feet 5 N ded.No evasive action taken.Volusia county sheriff notified.",2024-06-19T15:15:00Z,29.1242,-81.2789,6000.0,medium
15569,2024-06-19,Kenton,Delaware,"Prelim information (INFO) from federal aviation administration (FAA) operations (OPS): kenton, de / unmanned aircraft systems (UAS) sighting/1901e/washington air route traffic control center (ARTCC) advised, crj9, ilm-lga, reported a unmanned aircraft systems (UAS) from the right side while no earlier (NE) bound at fl190 23 no earlier (NE) eno.no evasive action taken.Nj state homeland security notified.",2024-06-19T19:01:00Z,39.2231,-75.6646,19000.0,medium
15570,2024-06-19,New york,New york,"Prelim information (INFO) from federal aviation administration (FAA) operations (OPS): new york, ny / unmanned aircraft systems (UAS) sighting/1045e/new york terminal radar approach control (TRACON) advised, a319, dca-lga, reported a black unmanned aircraft systems (UAS) from the 2 of the clock position while no earlier (NE) bound at 4,000 feet 5 se lga.No evasive action taken.New york pd notified.",2024-06-19T10:45:00Z,40.7447,-73.8517,4000.0,medium
15571,2024-06-19,West milford,New jersey,"Prelim information (INFO) from federal aviation administration (FAA) operations (OPS): west milford, nj / unmanned aircraft systems (UAS) sighting/1717e/boston air route traffic control center (ARTCC) advised, bombardier glex, amsterdam, netherlands (EHAM)-teb, reported a unmanned aircraft systems (UAS) while S bound at 6,000 feet 7.3 N west milford (4n1).No evasive action taken.Orange county sheriff notified.",2024-06-19T17:17:00Z,41.1416,-74.4183,6000.0,medium
15572,2024-06-20,Colorado springs,Colorado,"Prelim information (INFO) from federal aviation administration (FAA) operations (OPS): colorado springs, central office (CO) / unmanned aircraft systems (UAS) sighting/1422m/colorado springs airport traffic control tower (ATCT) advised, cessna c172, cos-cos, reported a white quadcopter unmanned aircraft systems (UAS) 200 feet below the right wing while S bound at 7,200 feet 3 N cos. no evasive action taken.Colorado springs pd notified.",2024-06-20T14:22:00Z,38.8375,-104.7086,7200.0,medium
15573,2024-06-20,Crestview,Florida,"Prelim information (INFO) from federal aviation administration (FAA) operations (OPS): crestview, flight level (FL) / unmanned aircraft systems (UAS) sighting/1527c/jacksonville air route traffic control center (ARTCC) advised, tex2, reported a black unmanned aircraft systems (UAS) from the 12 of the clock position while N bound at 11,500 feet 29 nnw cew.No evasive action taken.Escambia county sheriff notified.",2024-06-20T15:27:00Z,30.9785,-86.5183,11500.0,medium
15574,2024-06-20,Jacksonville,Florida,"Prelim information (INFO) from federal aviation administration (FAA) operations (OPS): jacksonville, flight level (FL) / unmanned aircraft systems (UAS) sighting/1114e/jacksonville airport traffic control tower (ATCT) advised, b738, atl-jax, reported a black and silver unmanned aircraft systems (UAS) from the 9 of the clock position while W bound at 1,300 feet 4 W jax.No evasive action taken. Jacksonville airport (ARPT) pd notified.",2024-06-20T11:14:00Z,30.494,-81.7867,1300.0,medium
15575,2024-06-20,Los angeles,California,"Prelim information (INFO) from federal aviation administration (FAA) operations (OPS): los angeles, ca / unmanned aircraft systems (UAS) sighting/1820p/socal terminal radar approach control facility (TRACON) advised, b38m, cle-lax, reported a unmanned aircraft systems (UAS) from the 12 of the clock position while E bound at 7,200 feet 20 ene lax.No evasive action taken.Lasd notified.",2024-06-20T18:20:00Z,34.0522,-118.2437,7200.0,medium
15576,2024-06-20,Los angeles,California,"Prelim information (INFO) from federal aviation administration (FAA) operations (OPS): los angeles, ca / unmanned aircraft systems (UAS) sighting/1830p/socal terminal radar approach control (TRACON) advised, b738, slc-lax, reported a unmanned aircraft systems (UAS) from the 12 of the clock position while E bound at 7,200 feet 20 ene lax.No evasive action taken.Lasd notified.",2024-06-20T18:30:00Z,34.0522,-118.2437,7200.0,medium
15577,2024-06-20,Raleigh/durham,North carolina,"Prelim information (INFO) from federal aviation administration (FAA) operations (OPS): raleigh / durham, nc / unmanned aircraft systems (UAS) sighting/1921e/raleigh airport traffic control tower (ATCT) advised, piper p28a, reported a unmanned aircraft systems (UAS) from the 9 of the clock position while sw bound at 3,500 feet 7 nnw rdu.No evasive action taken.Durham county sheriff notified.",2024-06-20T19:21:00Z,35.9742,-78.8836,3500.0,medium
15578,2024-06-20,Reno,Nevada,"Prelim information (INFO) from federal aviation administration (FAA) operations (OPS): reno, nv / unmanned aircraft systems (UAS) sighting/1133p/norcal terminal radar approach control (TRACON) advised, b738, rno-phx, reported a unmanned aircraft systems (UAS) at the 12 of the clock position while S bound at 7,000 feet 9 northwest (NW) mustang vor collocated with tacan (VORTAC) (FMG).No evasive action taken.Washoe county sheriff notified.",2024-06-20T23:33:00Z,39.7167,-119.9167,7000.0,medium
15579,2024-06-21,Brooksville,Florida,"Prelim information (INFO) from federal aviation administration (FAA) operations (OPS): brooksville, flight level (FL) / unmanned aircraft systems (UAS) sighting/1455e/tampa airport traffic control tower (ATCT) advised, beech be35, reported 2 unmanned aircraft systems (UAS) at 1 of the clock position and 500 feet below aircraft (ACFT) while se bound at 3,500 feet 4 N brooksville.No evasive action taken.Leo notified.",2024-06-21T14:55:00Z,28.5183,-82.4522,3000.0,medium
15580,2024-06-21,Gulf shores,Alabama,"Prelim information (INFO) from federal aviation administration (FAA) operations (OPS): gulf shores, al / unmanned aircraft systems (UAS) sighting/1538c/gulf shores airport traffic control tower (ATCT) advised, pilatus pc12, reported a black unmanned aircraft systems (UAS) at 800 feet while no earlier (NE) bound 2 northwest (NW) gulf shores.No evasive action taken.Gspd notified.",2024-06-21T15:38:00Z,30.2905,-87.6814,800.0,medium
15581,2024-06-21,San diego,California,"Prelim information (INFO) from federal aviation administration (FAA) operations (OPS): san diego, ca / unmanned aircraft systems (UAS) sighting/1544p/san diego airport traffic control tower (ATCT) advised, cessna c56x, san-vancouver, canada (CYVR), reported a unmanned aircraft systems (UAS) from the9 oâ€™clock position while waiting to depart runway 27.5 E san.No evasive action taken.Leo notification not reported.",2024-06-21T15:44:00Z,32.7338,-117.1933,0.0,medium
15582,2024-06-22,Baltimore,Maryland,"Prelim information (INFO) from federal aviation administration (FAA) af operations (OPS): baltimore, md / unmanned aircraft systems (UAS) sighting/0801e/potomac terminal radar approach control (TRACON) advised, a320, las-bwi, reported a unmanned aircraft systems (UAS) from 50 feet below the 12 of the clock position while northwest (NW) bound at 2,000 feet 7 sse bwi.No evasive action taken.Anne arundel pd notified.",2024-06-22T08:01:00Z,39.1333,-76.6333,2000.0,medium
15583,2024-06-22,Calverton,New york,"Prelim information (INFO) from federal aviation administration (FAA) operations (OPS): calverton, ny / unmanned aircraft systems (UAS) sighting/2013e/boston air route traffic control center (ARTCC) advised, b772, paris, france (LFPG)-jfk, reported a unmanned aircraft systems (UAS) from the 3 of the clock position while wsw bound at 12,000 feet 10 E calverton very high frequency omnidirectional range (VOR).No evasive action taken.Riverhead ny pd notified.",2024-06-22T00:00:00Z,40.9153,-72.6164,12000.0,medium
15584,2024-06-22,Detroit,Michigan,"Prelim information (INFO) from federal aviation administration (FAA) operations (OPS): detroit, mile (MI) / unmanned aircraft systems (UAS) incident/0940e/detroit terminal radar approach control (TRACON) advised, crj9, toronto, canada (CYYZ)-dtw, reported a unmanned aircraft systems (UAS) from the 9 of the clock position at same altitude while W bound at 6,000 feet 24 ene detroit very high frequency omnidirectional range (VOR) (DXO).No evasive action taken. Other aircraft (ACFT) were stopped at 7,000 feet temporarily to avoid unmanned aircraft systems (UAS).State of michigan aviation unit notified.",2024-06-22T09:40:00Z,42.6667,-82.8333,6000.0,medium
15585,2024-06-22,Gulf shores,Alabama,"Prelim information (INFO) from federal aviation administration (FAA) operations (OPS): gulf shores, al / unmanned aircraft systems (UAS) sighting/1012c/gulf shores fct advised, r44, reported a black unmanned aircraft systems (UAS) 100 feet below the aircraft (ACFT) while wsw bound at 500 feet 3.5 wnw jka.No evasive action taken.Gulf shores pd notified.",2024-06-22T10:12:00Z,30.2897,-87.6964,500.0,medium
15586,2024-06-22,Long beach,California,"Prelim information (INFO) from federal aviation administration (FAA) operations (OPS): longitude (LONG) beach, ca / unmanned aircraft systems (UAS) sighting/1530p/longitude (LONG) beach airport traffic control tower (ATCT) advised, cessna c172, ccb-lgb, reported a grey unmanned aircraft systems (UAS) from thethree of the clock position while S bound at 11,000 feet 2 nne lgb.No evasive action taken. Long beach pd notified.",2024-06-22T15:30:00Z,33.8372,-118.1389,11000.0,medium
15587,2024-06-22,Oxnard,California,"Prelim information (INFO) from federal aviation administration (FAA) operations (OPS): oxnard, ca / unmanned aircraft systems (UAS) sighting/1445p/socal terminal radar approach control (TRACON) advised, cirrus sr20, vny-vny, reported a unmanned aircraft systems (UAS) from the 3 of the clock position while W bound at 3,500 feet 12 E ventura very high frequency omnidirectional range (VOR) (VTU).No evasive action taken. Los angeles pd air support notified.",2024-06-22T14:45:00Z,34.2808,-119.0958,3500.0,medium
15588,2024-06-22,Poughkeepsie,New york,"Prelim information (INFO) from federal aviation administration (FAA) operations (OPS): poughkeepsie, ny / unmanned aircraft systems (UAS) sighting/1445e/boston artcc advised, e75s, mvy-lga, reported a black unmanned aircraft systems (UAS) while ssw bound at 8,000 feet 19 ewe pou.No evasive action taken.Connecticut state police notified.",2024-06-22T14:45:00Z,41.5632,-73.882,8000.0,medium
15589,2024-06-22,San diego,California,"Prelim information (INFO) from federal aviation administration (FAA) operations (OPS): san diego, ca / unmanned aircraft systems (UAS) sighting/2225e/san diego airport traffic control tower (ATCT) advised, h60, reported an orange and white unmanned aircraft systems (UAS) while S bound at 1,000 feet vcnty mission bay very high frequency omnidirectional range (VOR) (MZB).No evasive action taken.Fbi notified.",2024-06-22T22:25:00Z,32.7865,-117.2315,1000.0,medium
15590,2024-06-22,Wrightstown,New jersey,"Prelim information (INFO) from federal aviation administration (FAA) operations (OPS): wrightstown, nj / unmanned aircraft systems (UAS) sighting/1357e/mcguire radar approach control (RAPCON) advised, cessna c182, reported a white unmanned aircraft systems (UAS) from the 3 of the clock position while N bound at 4,000 feet vcnty wri.No evasive actions taken.Base security forces notified.",2024-06-22T13:57:00Z,40.0157,-74.5936,4000.0,medium
15591,2024-06-23,Buffalo,New york,"Prelim information (INFO) from federal aviation administration (FAA) operations (OPS): buffalo, ny / unmanned aircraft systems (UAS) sighting/1315e/cleveland air route traffic control center (ARTCC) advised, e170, ewr-buf, reported a black unmanned aircraft systems (UAS) from the 3 of the clock position while northwest (NW) bound at 13,000 feet 38 nnw buf.No evasive action taken.Livingston county sheriff notified.",2024-06-23T13:15:00Z,43.2778,-78.7439,13000.0,medium
15592,2024-06-23,Charlotte,North carolina,"Prelim information (INFO) from federal aviation administration (FAA) operations (OPS): charlotte, nc / unmanned aircraft systems (UAS) sighting/0933e/charlotte airport traffic control tower (ATCT) advised, a319, dca-clt, reported a unmanned aircraft systems (UAS) 50 feet from the left side while S bound at 1,600 feet 2 nne clt.No evasive action taken.Charlotte mecklenburg pd notified.",2024-06-23T09:33:00Z,35.2436,-80.8644,1600.0,medium
15593,2024-06-23,Greensboro,North carolina,"Prelim information (INFO) from federal aviation administration (FAA) operations (OPS): greensboro, nc / unmanned aircraft systems (UAS) sighting/0953e/greensboro airport traffic control tower (ATCT) advised, cessna c68a, gso-pdk, reported a gray unmanned aircraft systems (UAS) from 2,000 feet below aircraft (ACFT) while S bound at 6,000 feet 6 S gso.No evasive action taken.High point pd notified.",2024-06-23T09:53:00Z,35.9807,-79.9373,4000.0,medium
15594,2024-06-23,Miami,Florida,"Prelim information (INFO) from federal aviation administration (FAA) operations (OPS): miami, flight level (FL) / unmanned aircraft systems (UAS) sighting/1653e/miami airport traffic control tower (ATCT) advised, beech be9l, fxe-tmb, reported a white unmanned aircraft systems (UAS) from the 9 of the clock position while S bound at 2,000 feet 12 northwest (NW) mia.No evasive action taken.Miami aviation pd notified.",2024-06-23T16:53:00Z,25.9397,-80.4397,2000.0,medium
15595,2024-06-23,Monterey,California,"Prelim information (INFO) from federal aviation administration (FAA) operations (OPS): monterey, ca / unmanned aircraft systems (UAS) sighting/1300p/monterey airport traffic control tower (ATCT) advised, cessna c25b, oak-mry, reported unmanned aircraft systems (UAS) 30 feet above runway 28l while on the ground at taxiway (TWY) g. other aircraft (ACFT) on the ground also reported the unmanned aircraft systems (UAS) near the approach (APCH) end of runway 28l.Local leo notified.",2024-06-23T20:00:00Z,36.587,-121.843,254.0,medium
15596,2024-06-23,New york,New york,"Prelim information (INFO) from federal aviation administration (FAA) operations (OPS): new york, ny / unmanned aircraft systems (UAS) sighting/1445e/kennedy airport traffic control tower (ATCT) advised, a321, sfo-jfk, reported a grey and black unmanned aircraft systems (UAS) while sw bound at 2,000 feet 10 no earlier (NE) jfk.No evasive action taken.Nypd aviation unit notified.",2024-06-23T14:45:00Z,40.6635,-73.7851,2000.0,medium
15597,2024-06-23,New york,New york,"Prelim information (INFO) from federal aviation administration (FAA) operations (OPS): new york, ny / unmanned aircraft systems (UAS) sighting/1455e/new york terminal radar approach control (TRACON) advised, crj9, gsp-lga, reported unmanned aircraft systems (UAS) while ene bound at 3,000 feet 5 N lga.No evasive action taken.New york pd aviation unit notified.",2024-06-23T14:55:00Z,40.7934,-73.8365,3000.0,medium
15598,2024-06-23,New york,New york,"Prelim information (INFO) from federal aviation administration (FAA) operations (OPS): new york, ny / unmanned aircraft systems (UAS) sighting/1750e/kennedy airport traffic control tower (ATCT) advised, b744, anc-jfk, reported a black unmanned aircraft systems (UAS) from the 9 of the clock position while sw bound at 2,000 feet 10 no earlier (NE) jfk.No evasive action taken.Nassau county sheriff notified.",2024-06-23T17:50:00Z,40.6635,-73.7851,2000.0,medium
15599,2024-06-23,Oakland,California,"Prelim information (INFO) from federal aviation administration (FAA) operations (OPS): oakland, ca / unmanned aircraft systems (UAS) sighting/1550p/norcal terminal radar approach control (TRACON) advised, beech be36, system management office (SMO)-ca35, reported a unmanned aircraft systems (UAS) from the 3 of the clock position while nnw bound at 9,800 feet 23 E oakland very high frequency omnidirectional range (VOR).No evasive action taken.Livermore pd notified.",2024-06-23T15:50:00Z,37.9167,-121.75,9800.0,medium
15600,2024-06-23,Santa ana,California,"Prelim information (INFO) from federal aviation administration (FAA) operations (OPS): santa ana, ca / unmanned aircraft systems (UAS) sighting/1945p/socal terminal radar approach control (TRACON) advised, bcs1, msp-sna, observed a unmanned aircraft systems (UAS) while southbound at 2,800 feet, 9 no earlier (NE) sna.No evasive action reported.No leo notification provided.",2024-06-23T19:45:00Z,33.7596,-117.7863,2800.0,medium
15601,2024-06-23,Tampa,Florida,"Prelim information (INFO) from federal aviation administration (FAA) operations (OPS): tampa, flight level (FL) / unmanned aircraft systems (UAS) sighting/1045e/tampa airport traffic control tower (ATCT) advised, a20n, tpa-dfw, reported a black and orange unmanned aircraft systems (UAS) at the 1 of the clock position while ssw bound at 1,000 feet off departure end of runway 19r.No evasive action taken.Fbi notified.",2024-06-23T10:45:00Z,27.975556,-82.533333,1000.0,medium
15602,2024-06-23,Teterboro,New jersey,"Prelim information (INFO) from federal aviation administration (FAA) operations (OPS): teterboro, nj / unmanned aircraft systems (UAS) sighting/1036e/teteboro airport traffic control tower (ATCT) advised, bombardier cl60, toronto, canada (CYYZ)-teb, reported a black-white unmanned aircraft systems (UAS) while W bound at 1,500 feet 4 sw teb.No evasive action taken.Port authority pd notification number not provided.",2024-06-23T10:36:00Z,40.8208,-74.1042,1500.0,medium
15603,2024-06-24,Detroit,Michigan,"Prelim information (INFO) from federal aviation administration (FAA) operations (OPS): detroit, mile (MI) / unmanned aircraft systems (UAS) sighting/1907e/detroit terminal radar approach control facility (TRACON) advised, b38m, bikf-dtw, reported a unmanned aircraft systems (UAS) while sw bound at 2,000 feet 3 nne dxo.No evasive action taken.Michigan state pd notified.",2024-06-24T19:07:00Z,42.2442,-83.5306,2000.0,medium
15604,2024-06-24,Fort worth,Texas,"Prelim information (INFO) from federal aviation administration (FAA) operations (OPS): fort worth, tx / unmanned aircraft systems (UAS) sighting/late report-0755c/alliance airport traffic control tower (ATCT) advised, cessna c172, afw-afw, reported a black unmanned aircraft systems (UAS) while E bound at 2,300 feet 7 northwest (NW) afw.No evasive action taken.Leo notification not reported.",2024-06-24T07:55:00Z,32.9975,-97.4183,2300.0,medium
15605,2024-06-24,Livingston,Tennessee,"Prelim information (INFO) from federal aviation administration (FAA) operations (OPS): livingston, tn / unmanned aircraft systems (UAS) sighting/1603c/indianapolis air route traffic control center (ARTCC) advised, piper p28r, scx-mdh, reported a unmanned aircraft systems (UAS) from the 9 oâ€™clock position while northwest (NW) bound at 5,600 feet 8 ene 8a3.No evasive action taken.Overton county sheriff notified.",2024-06-24T16:03:00Z,36.4333,-85.2167,5600.0,medium
15606,2024-06-24,New york,New york,"Prelim information (INFO) from federal aviation administration (FAA) operations (OPS): new york, ny / unmanned aircraft systems (UAS) sighting/0955e/laguardia airport traffic control tower (ATCT) advised, crj9, rdu-lga, reported a gray unmanned aircraft systems (UAS) while sw bound at 1,100 feet 3 sw lga.No evasive action taken.New york pd notified.",2024-06-24T09:55:00Z,40.7589,-73.8925,1100.0,medium
15607,2024-06-24,Orlando,Florida,"Prelim information (INFO) from federal aviation administration (FAA) operations (OPS): orlando, flight level (FL) / unmanned aircraft systems (UAS) sighting/1420e/central florida terminal radar approach control facility (TRACON) advised, b738, mco-den, reported a white unmanned aircraft systems (UAS) while W bound at 10,000 feet 16 wsw orl.No evasive action taken.Orlando pd.",2024-06-24T14:20:00Z,28.3894,-81.5673,10000.0,medium
15608,2024-06-24,Philadelphia,Pennsylvania,"Prelim information (INFO) from federal aviation administration (FAA) operations (OPS): philadelphia, public address (PA) / unmanned aircraft systems (UAS) sighting/1359e/philadelphia airport traffic control tower (ATCT) advised, helo, reported a silver unmanned aircraft systems (UAS) from the 3 0'clock position while wsw bound at 1,000 feet 2 E pne.No evasive action taken.Philidelphia enforcement notified.",2024-06-24T13:59:00Z,40.0819,-75.0106,1000.0,medium
15609,2024-06-24,Shirley,New york,"Prelim information (INFO) from federal aviation administration (FAA) operations (OPS): shirley, ny / unmanned aircraft systems (UAS) sighting/1045e/new york terminal radar approach control (TRACON) advised, a359, lfpg-jfk, reported a white and gray unmanned aircraft systems (UAS) while W bound at 12,000 feet 4 sw hwv.No evasive action taken.Suffolk county pd notified.",2024-06-24T10:45:00Z,40.7936,-72.9064,12000.0,medium
15610,2024-06-25,Fort worth,Texas,"Prelim information (INFO) from federal aviation administration (FAA) af operations (OPS): fort worth, tx / unmanned aircraft systems (UAS) sighting/1245c/alliance airport traffic control tower (ATCT) advised, cessna c172, afw-afw, reported a unmanned aircraft systems (UAS) while nnw bound at 1,700 feet 1e afw.No evasive action taken.Fort worth pd notified.",2024-06-25T12:45:00Z,32.9975,-97.3186,1700.0,medium
15611,2024-06-25,New york,New york,"Prelim information (INFO) from federal aviation administration (FAA) af operations (OPS): new york, ny / unmanned aircraft systems (UAS) sighting/1000e/new york terminal radar approach control (TRACON) advised, cirrus sr22, hfd-33n, reported a black unmanned aircraft systems (UAS) while N bound at 4,000 feet 5 S jfk.No evasive action taken.New york pd notified.",2024-06-25T10:00:00Z,40.5789,-73.7789,4000.0,medium
15612,2024-06-25,Scottsdale,Arizona,"Prelim information (INFO) from federal aviation administration (FAA) operations (OPS): scottsdale, az / unmanned aircraft systems (UAS) sighting/1818m/scottsdale airport traffic control tower (ATCT) advised, cessna c206, sdl-iwa, reported a unmanned aircraft systems (UAS) from the 12 of the clock position while ssw bound at 2,000 feet 1 ssw sdl.No evasive action taken.Scottsdale pd notified.",2024-06-25T18:18:00Z,33.61667,-111.91667,2000.0,medium
15613,2024-06-26,Appleton,Wisconsin,"Prelim information (INFO) from federal aviation administration (FAA) operations (OPS): appleton, wi / unmanned aircraft systems (UAS) sighting/1637c/appleton airport traffic control tower (ATCT) advised, crj9, dtw-atw, passenger observed a unmanned aircraft systems (UAS) 3 S atw at 200-300ft above ground level (AGL).No evasive action taken.Local leos notified.",2024-06-26T16:37:00Z,44.2381,-88.5192,800.0,medium
15614,2024-06-27,Dubuque,Iowa,"Prelim information (INFO) from federal aviation administration (FAA) operations (OPS): dubuque, ia / unmanned aircraft systems (UAS) sighting/1610c/chicago air route traffic control center (ARTCC) advised, dassault fa50, reported 4 unmanned aircraft systems (UAS) from the 12 of the clock position while se bound at 4,000 feet 15 northwest (NW) dbq.No evasive action taken.Dubuque dispatch notified.",2024-06-27T16:10:00Z,42.5522,-90.9378,4000.0,medium
15615,2024-06-27,Los angeles,California,"Prelim information (INFO) from federal aviation administration (FAA) af operations (OPS): los angeles, ca / unmanned aircraft systems (UAS) sighting/1642p/socal terminal radar approach control (TRACON) advised, b39m, phx-lax, reported a black unmanned aircraft systems (UAS) from the 3 of the clock position while wsw bound at 5,000 feet 15 ene lax.No evasive action taken. Lapd air division notified.",2024-06-27T16:42:00Z,34.0522,-118.2437,5000.0,medium
15616,2024-06-27,Mansfield,Ohio,"Prelim information (INFO) from federal aviation administration (FAA) operations (OPS): mansfield, oh / unmanned aircraft systems (UAS) sighting/1523e/cleveland airport traffic control tower (ATCT) advised, piper p28a, reported a white unmanned aircraft systems (UAS) 1,000 feet below their 9 of the clock position while northwest (NW) bound at 6,500 feet 5 ese mfd.No evasive action taken.Local fbi notified.",2024-06-27T15:23:00Z,40.7833,-82.5167,5500.0,medium
15617,2024-06-28,Gulfport,Mississippi,"Prelim information (INFO) from federal aviation administration (FAA) operations (OPS): gulfport, ms / unmanned aircraft systems (UAS) sighting/1318c/gulfport airport traffic control tower (ATCT) advised, a21n, bfm-bfm, reported a unmanned aircraft systems (UAS) while northwest (NW) bound at 2,000 feet 8 se gpt.No evasive action taken.Gulfport pd notified.",2024-06-28T13:18:00Z,30.3675,-89.07,2000.0,medium
15618,2024-06-28,Miami,Florida,"Prelim information (INFO) from federal aviation administration (FAA) af operations (OPS): miami, flight level (FL) / unmanned aircraft systems (UAS) sighting/1942e/miami terminal radar approach control (TRACON) advised, b38m, mexico city, mexico (MMMX)-mia, reported a unmanned aircraft systems (UAS) from the 10 of the clock position while E bound at 700 feet 1 W mia.No evasive action taken.Mdpd notified.",2024-06-28T19:42:00Z,25.7932,-80.3081,700.0,medium
15619,2024-06-28,Stuart,Florida,"Prelim information (INFO) from federal aviation administration (FAA) operations (OPS): stuart, flight level (FL) / unmanned aircraft systems (UAS) sighting/1250e/stuart fct advised, cessna c172, special use airspace (SUA)-special use airspace (SUA), reported a unmanned aircraft systems (UAS) from the 9 of the clock position while ese bound at 700 feet 2 ese special use airspace (SUA).No evasive action taken.Leo notification not reported.",2024-06-28T12:50:00Z,27.1817,-80.2217,700.0,medium
15620,2024-06-28,Trenton,New jersey,"Prelim information (INFO) from federal aviation administration (FAA) operations (OPS): trenton, nj / unmanned aircraft systems (UAS) sighting/1830e/phl terminal radar approach control (TRACON) advised, piper pa46, reported a unmanned aircraft systems (UAS) while N bound at 1,500 feet 5 S ttn.No evasive action taken. Philadelphia airport (ARPT) operations (OPS) notified.",2024-06-28T18:30:00Z,40.1766,-74.7431,1500.0,medium
15621,2024-06-29,Charlotte amalie,Vi,"Prelim information (INFO) from federal aviation administration (FAA) operations (OPS): charlotte amalie, null / unmanned aircraft systems (UAS) sighting/1204l/st thomas airport traffic control tower (ATCT) advised, cessna c402, stt-sju, observed a unmanned aircraft systems (UAS) while eastbound at 600 feet,.5 E st thomas.No evasive action reported.St thomas police notified.",2024-06-29T12:04:00Z,18.3368,-64.9634,600.0,medium
15622,2024-06-29,Chicago,Illinois,"Prelim information (INFO) from federal aviation administration (FAA) operations (OPS): chicago, il / unmanned aircraft systems (UAS) sighting/1515c/chicago midway airport traffic control tower (ATCT) advised, b737, slc-mdw, observed a unmanned aircraft systems (UAS) while northwest bound at 3,000 feet, 5 se mdw.No evasive action reported.No leo notification provided.",2024-06-29T15:15:00Z,41.7465,-87.7173,3000.0,medium
15623,2024-06-29,Las vegas,Nevada,"Prelim information (INFO) from federal aviation administration (FAA) operations (OPS): las vegas, nv / unmanned aircraft systems (UAS) sighting/1911p/las vegas terminal radar approach control (TRACON) advised, a319, ind-las, reported a unmanned aircraft systems (UAS) from the 9 of the clock position while sw bound at 9,500 feet 37 ene las.No evasive action taken.Leo notification not reported.",2024-06-29T19:11:00Z,36.4747,-114.2692,9500.0,medium
15624,2024-06-29,New york,New york,"Prelim information (INFO) from federal aviation administration (FAA) operations (OPS): new york, ny / unmanned aircraft systems (UAS) sighting/1704e/la guardia airport traffic control tower (ATCT) advised, a320, fll-lga, observed a unmanned aircraft systems (UAS) while northbound at 900 feet, 5 no earlier (NE) lga.No evasive action reported.Nypd aviation unit notified.",2024-06-29T17:04:00Z,40.79,-73.87,900.0,medium
15625,2024-06-29,New york,New york,"Prelim information (INFO) from federal aviation administration (FAA) operations (OPS): new york, ny / unmanned aircraft systems (UAS) sighting/1756e/new york terminal radar approach control (TRACON) advised, a20n, iah-lga, reported a white unmanned aircraft systems (UAS) while no earlier (NE) bound at 4,000 feet 12 sw lga.No evasive action taken.Nypd notified.",2024-06-29T17:56:00Z,40.6389,-73.9142,4000.0,medium
15626,2024-06-29,San diego / el cajon,California,"Prelim information (INFO) from federal aviation administration (FAA) operations (OPS): san diego / el cajon, ca / unmanned aircraft systems (UAS) sighting/1028p/gellespie airport traffic control tower (ATCT) advised, beech be58, observed a unmanned aircraft systems (UAS) while westbound at 3,200 feet, 6 E gillespie field (SEE).No evasive action reported.No leo notification provided.",2024-06-29T22:28:00Z,32.8261,-116.8644,3200.0,medium
15627,2024-06-29,San jose,California,"Prelim information (INFO) from federal aviation administration (FAA) operations (OPS): san jose, ca / unmanned aircraft systems (UAS) sighting/1953p/norcal terminal radar approach control (TRACON) advised, bcs3, toronto, canada (CYYZ)-sfo, reported a unmanned aircraft systems (UAS) from the 3 of the clock position while W bound at 8,000 feet 10 ene sjc.No evasive action reported.Fremont pd notified.",2024-06-29T19:53:00Z,37.4316,-121.7681,8000.0,medium
15628,2024-06-29,Savannah,Georgia,"Prelim information (INFO) from federal aviation administration (FAA) operations (OPS): savannah, general aviation (GA) / unmanned aircraft systems (UAS) sighting/2010e/savannah approach (APCH) advised, piper p28a, unkn-unkn, reported a unmanned aircraft systems (UAS) from the 3 of the clock position while wsw bound at 2,000 feet 12 nne sav.No evasive action taken. Sav airport (ARPT) authority notified.",2024-06-29T00:00:00Z,32.2275,-81.1597,2000.0,medium
15629,2024-06-29,Summerville,South carolina,"Prelim information (INFO) from federal aviation administration (FAA) operations (OPS): summerville, sc / unmanned aircraft systems (UAS) sighting/1414e/charleston approach advised, e75l, ord-chs, observed a unmanned aircraft systems (UAS) while southbound at 2,500 feet, 3 se summerville very high frequency omnidirectional range (VOR) (DYB).No evasive action reported.No leo notification provided.",2024-06-29T14:14:00Z,33.0033,-80.2417,2500.0,medium
15630,2024-06-30,Casper,Wyoming,"Prelim information (INFO) from federal aviation administration (FAA) operations (OPS): casper, wy / unmanned aircraft systems (UAS) sighting/1212m, piper pa27, reported two unmanned aircraft systems (UAS) at 9 of the clock position 500 feet below at 12,500 feet 13 northwest (NW) casper. Evasive action and leo notification not reported..",2024-06-30T12:12:00Z,42.9708,-106.6345,12500.0,medium
15631,2024-06-30,Concord,California,"Prelim information (INFO) from federal aviation administration (FAA) operations (OPS): concord, conflict alert (CA) / unmanned aircraft systems (UAS) sighting/1131p/concord airport traffic control tower (ATCT) advised, experimental nanchang cj-6, ccr-ccr, reported a unmanned aircraft systems (UAS) operating at 100 feet while northwest (NW) bound at 200 feet on approach (APCH) end of runway 32r vcnty ccr.No evasive action taken. Arpt operations (OPS) and local leo notified.",2024-06-30T23:31:00Z,37.9935,-122.0594,200.0,medium
16166,2023-06-30,Los angeles,California,"Prelim information (INFO) from federal aviation administration (FAA) operations (OPS): los angeles, ca / unmanned aircraft systems (UAS) sighting/2012p/socal terminal radar approach control (TRACON) advised, b38m, lax-calgary, canada (CYYC), reported a black unmanned aircraft systems (UAS) from the 3 of the clock position while N bound at 8,000 feet 15 wnw lax.No evasive action taken.Local leo notified.",2023-06-30T00:00:00Z,33.9816,-118.4908,8000.0,medium
16167,2023-07-01,Philadelphia,Pennsylvania,"Prelim information (INFO) from federal aviation administration (FAA) operations (OPS): philadelphia, public address (PA) / unmanned aircraft systems (UAS) sighting/1709e/new york air route traffic control center (ARTCC) advised, b38m, las-phl, reported a black unmanned aircraft systems (UAS) while E bound at 12,000 feet 5 E lancaster vor collocated with tacan (VORTAC) (LRP).No evasive action taken.Pennsylvania state pd notified.",2023-07-01T17:09:00Z,40.0736,-76.1706,12000.0,medium
16168,2023-07-01,Houston,Texas,"Prelim information (INFO) from federal aviation administration (FAA) operations (OPS): houston, tx / unmanned aircraft systems (UAS) sighting/1934c/houston terminal radar approach control facility (TRACON) advised, e75l, sat-iah, reported a white unmanned aircraft systems (UAS) 300 feet below while no earlier (NE) bound at 13,000 feet 20 ssw hou.No evasive action taken. Houston pd air unit notified.",2023-07-01T19:34:00Z,29.3833,-95.3833,13000.0,medium
16169,2023-07-01,San jose,California,"Prelim information (INFO) from federal aviation administration (FAA) operations (OPS): san jose, ca / unmanned aircraft systems (UAS) sighting/1938p/norcal terminal radar approach control (TRACON) advised, b737, las-sjc, reported a black quadcopter at the 3 of the clock position while wnw bound at 3,700 feet 15 ese sjc.No evasive action taken. San jose pd notified.",2023-07-01T19:38:00Z,37.2236,-121.5795,3700.0,medium
16170,2023-07-02,Philadelphia,Pennsylvania,"Prelim information (INFO) from federal aviation administration (FAA) operations (OPS): philadelphia, public address (PA) / unmanned aircraft systems (UAS) sighting/0730e/philadelphia approach (APCH) advised, a321, phl-phx, reported a yellow unmanned aircraft systems (UAS) from the 9 of the clock position while W bound at 2,500 feet 7 W phl.No evasive action taken. Pilot stated unmanned aircraft systems (UAS) near barry bridge.Philadephia airport police notified.",2023-07-02T07:30:00Z,39.8721,-75.3415,2500.0,medium
16171,2023-07-02,Fort lauderdale,Florida,"Prelim information (INFO) from federal aviation administration (FAA) operations (OPS): fort lauderdale, flight level (FL) / unmanned aircraft systems (UAS) sighting/1509e/miami terminal radar approach control (TRACON) advised, cessna 510, fll-pns, reported a white unmanned aircraft systems (UAS) from left side at 4,200 feet 5 ene fll.No evasive action taken.Broward county sheriff notified.",2023-07-02T15:09:00Z,26.1333,-80.0833,4200.0,medium
16172,2023-07-02,Fort lauderdale,Florida,"Prelim information (INFO) from federal aviation administration (FAA) af operations (OPS): fort lauderdale, flight level (FL) / unmanned aircraft systems (UAS) sighting/1511e/miami terminal radar approach control (TRACON) advised, cessna c56x, fll-tpa, reported a white unmanned aircraft systems (UAS) from left side at 6,500 feet 10 ene fll.No evasive action taken.Broward county sheriff notified.",2023-07-02T15:11:00Z,26.1833,-80.0667,6500.0,medium
16173,2023-07-02,Washington,District of columbia,"Prelim information (INFO) from federal aviation administration (FAA) operations (OPS): washington, dc / unmanned aircraft systems (UAS) sighting/1950e/potomac terminal radar approach control (TRACON) advised, a20n, cancun, mexico (MMUN)-bwi, reported a unmanned aircraft systems (UAS) 200 feet off left side while no earlier (NE) bound at 10,000 feet 16 se dca.No evasive action taken.Prince george county pd notified.",2023-07-02T19:50:00Z,38.7133,-76.8517,10000.0,medium
16174,2023-07-02,Los angeles,California,"Prelim information (INFO) from federal aviation administration (FAA) operations (OPS): los angeles, ca / unmanned aircraft systems (UAS) sighting/1718p/los angeles air route traffic control center (ARTCC) advised, a320, lax-slc, reported a white unmanned aircraft systems (UAS) from the 12 of the clock position while no earlier (NE) bound at 12,000 feet 4 ese lax.No evasive action taken. Lapd air support division notified.",2023-07-01T17:18:00Z,33.9028,-118.3409,12000.0,medium
16175,2023-07-02,Kansas city,Missouri,"Prelim information (INFO) from federal aviation administration (FAA) operations (OPS): kansas city, mo / unmanned aircraft systems (UAS) sighting/2245c/, helo, reported a large unmanned aircraft systems (UAS) from the left side at 1,700 feet 2 S mkc.No evasive action taken.No report of leo notification.",2023-07-01T22:45:00Z,39.1075,-94.5936,1700.0,medium
16176,2023-07-03,Austin,Texas,"Prelim information (INFO) from federal aviation administration (FAA) operations (OPS): austin, tx / unmanned aircraft systems (UAS) sighting/1137c/austin airport traffic control tower (ATCT) advised, b738, ord-aus, reported a gray unmanned aircraft systems (UAS) 50 feet off left side while S bound at 2,200 feet 6 mile final runway 18r.No evasive action reported.Travis county sheriff notified.",2023-07-03T11:37:00Z,30.2672,-97.7431,2200.0,medium
16177,2023-07-03,Calverton,New york,"Prelim information (INFO) from federal aviation administration (FAA) operations (OPS): calverton, ny / unmanned aircraft systems (UAS) sighting/1750e/boston air route traffic control center (ARTCC) advised, e75l, bos-jfk, reported a large black and white quadcopter unmanned aircraft systems (UAS) 2,800 feet below aircraft (ACFT) while wsw bound at 14,800 feet 9 no earlier (NE) calverton very high frequency omnidirectional range (VOR) / distance measuring equipment (DME).No evasive action taken.Riverhead pd notified.",2023-07-03T17:50:00Z,40.9153,-72.7156,12000.0,medium
16178,2023-07-03,Anchorage,Alaska,"Prelim information (INFO) from federal aviation administration (FAA) operations (OPS): anchorage, ak / unmanned aircraft systems (UAS) sighting/1832l/anchorage terminal radar approach control (TRACON) advised, pilatus pc12, akn-anc, reported unmanned aircraft systems (UAS) off right side while no earlier (NE) bound at 4,000 feet 15 northwest (NW) anc.No evasive action taken.Palmer pd notified.",2023-07-03T18:32:00Z,61.3333,-150.1667,4000.0,medium
16179,2023-07-04,Chicago,Illinois,"Prelim information (INFO) from federal aviation administration (FAA) operations (OPS): chicago, il / unmanned aircraft systems (UAS) sighting/0710c/chicago terminal radar approach control (TRACON) advised, bombardier cl35, ugn-mdw, reported a chrome unmanned aircraft systems (UAS) from the 12 of the clock position while S bound at 3,500 feet 15 S ord.No evasive action taken.Fbi notified.",2023-07-04T07:10:00Z,41.6089,-87.909,3500.0,medium
16180,2023-07-04,Orlando,Florida,"Prelim information (INFO) from federal aviation administration (FAA) af operations (OPS): orlando, flight level (FL) / unmanned aircraft systems (UAS) sighting/late report-7/4 1012e/orlando airport traffic control tower (ATCT) advised, b737, sju-mco, reported a blue unmanned aircraft systems (UAS) from the left side at 1,400 feet while N bound at 12,000 feet 3.34 S mco.No evasive action taken.Osceola county sheriff notified.",2023-07-04T10:12:00Z,28.3815,-81.3089,12000.0,medium
16181,2023-07-04,Miami,Florida,"Prelim information (INFO) from federal aviation administration (FAA) operations (OPS): miami, flight level (FL) / unmanned aircraft systems (UAS) sighting/1028e/opa locka airport traffic control tower (ATCT) advised, cessna c172, reported a black and white rotorcraft unmanned aircraft systems (UAS) 20 feet off right side while E bound at 640 feet 2 W opf.No evasive action reported.Miami-dade pd notified.",2023-07-04T10:28:00Z,25.907778,-80.308889,640.0,medium
16182,2023-07-04,Orlando,Florida,"Prelim information (INFO) from federal aviation administration (FAA) af operations (OPS): orlando, flight level (FL) / unmanned aircraft systems (UAS) incident/1101e/orlando airport traffic control tower (ATCT) advised, b737, den-mco, reported a blue unmanned aircraft systems (UAS) from the 9 of the clock position while N bound at 1,400 feet 3.5 S mco. Acft took evasive action to avoid unmanned aircraft systems (UAS).Osceola county sheriff notified.",2023-07-04T11:01:00Z,28.3897,-81.3422,1400.0,medium
16183,2023-07-04,Chino,California,"Prelim information (INFO) from federal aviation administration (FAA) af operations (OPS): chino, conflict alert (CA) / unmanned aircraft systems (UAS) sighting/0930p/chino airport traffic control tower (ATCT) advised, cessna c172, reported unmanned aircraft systems (UAS) 400 feet below aircraft (ACFT) while E bound at 1,400 feet 1 S cno.no evasive action taken.Chino pd notified.",2023-07-04T21:30:00Z,33.96667,-117.63333,1000.0,medium
16184,2023-07-04,San francisco,California,"Prelim information (INFO) from federal aviation administration (FAA) operations (OPS): san francisco, ca / unmanned aircraft systems (UAS) sighting/1149p/norcal terminal radar approach control (TRACON) advised, e75l, sba-sfo, reported a black unmanned aircraft systems (UAS) from the 3 of the clock position while S bound at 10,000 feet 29 se sfo.No evasive action taken.Santa cruz sheriff notified.",2023-07-03T23:49:00Z,37.2778,-122.0278,10000.0,medium
16185,2023-07-04,New york,New york,"Prelim information (INFO) from federal aviation administration (FAA) operations (OPS): new york, ny / unmanned aircraft systems (UAS) sighting/1700e/jfk airport traffic control tower (ATCT) advised, a21n, oranjestad, aruba (TNCA)-jfk, reported a black, blue, and silver unmanned aircraft systems (UAS) 200 feet above aircraft (ACFT) while sw bound at 1,000 feet 3 no earlier (NE) jfk.No evasive action taken.Nypd notified.",2023-07-04T17:00:00Z,40.6413,-73.7781,1200.0,medium
16186,2023-07-04,New york,New york,"Prelim information (INFO) from federal aviation administration (FAA) operations (OPS): new york, ny / unmanned aircraft systems (UAS) sighting/1835e/new york terminal radar approach control (TRACON) advised, b739, mci-jfk, reported a silver unmanned aircraft systems (UAS) while se bound at 9,500 feet 14 S jfk.No evasive action taken.Nypd aviation notified.",2023-07-04T18:35:00Z,40.5397,-73.7789,9500.0,medium
16187,2023-07-04,Oakland,California,"Prelim information (INFO) from federal aviation administration (FAA) af operations (OPS): oakland, ca / unmanned aircraft systems (UAS) sighting/2205e/norcal terminal radar approach control (TRACON) advised, b38m, sfo-toronto, canada (CYYZ), reported a white unmanned aircraft systems (UAS) from the 12 of the clock position while nne bound at 6,500 feet 3 N oak.No evasive action taken.Oakland pd notified.",2023-07-04T00:00:00Z,37.7594,-122.2235,6500.0,medium
16188,2023-07-04,Detroit,Michigan,"Prelim information (INFO) from federal aviation administration (FAA) operations (OPS): detroit, mile (MI) / unmanned aircraft systems (UAS) sighting/2210e/detroit terminal radar approach control (TRACON) advised, helo, reported a unmanned aircraft systems (UAS) from the 2 of the clock position while N bound at 700 feet 5 N det.No evasive action taken.Airport pd notified.",2023-07-04T22:10:00Z,42.4095,-83.0097,700.0,medium
16189,2023-07-04,Kansas city,Missouri,"Prelim information (INFO) from federal aviation administration (FAA) operations (OPS): kansas city, mo / unmanned aircraft systems (UAS) sighting/2245e/kansas city downtown airport traffic control tower (ATCT) advised, robinson r44, mkc-mkc, reported 2 unmanned aircraft systems (UAS) while S bound at 1,800 feet 2 S mkc.No evasive action reported.Kansas city pd helicopter unit notified.",2023-07-04T22:45:00Z,39.1075,-94.5936,1800.0,medium
16190,2023-07-05,Greenville,Mississippi,"Prelim information (INFO) from federal aviation administration (FAA) af operations (OPS): greenville, ms / unmanned aircraft systems (UAS) sighting/0730c/meridian airport traffic control tower (ATCT) advised, beech be33, reported unmanned aircraft systems (UAS) 500 feet below aircraft (ACFT) while S bound at 12,000 feet 24 N grennville.No evasive action reported.Bolivar sheriff notified.",2023-07-05T07:30:00Z,33.2833,-91.0333,11500.0,medium
16191,2023-07-05,Akron,Ohio,"Prelim information (INFO) from federal aviation administration (FAA) operations (OPS): akron, oh / unmanned aircraft systems (UAS) sighting/1100e/cleveland air route traffic control center (ARTCC) advised, piper pa44, 1g3-1g3, reported unmanned aircraft systems (UAS) while flying N bound near portage lake at 3,000 feet 5 sw akron.No evasive action reported.Fbi notified.",2023-07-05T11:00:00Z,41.0131,-81.5496,3000.0,medium
16192,2023-07-05,Chicago,Illinois,"Prelim information (INFO) from federal aviation administration (FAA) operations (OPS): chicago, il / unmanned aircraft systems (UAS) sighting/1210c/chicago terminal radar approach control (TRACON) advised, b737, tpa-ord, reported a small rotor craft unmanned aircraft systems (UAS) at 12 of the clock position while W bound at 9,000 feet 38 W chicago.No evasive action reported.Chicago pd notified.",2023-07-05T12:10:00Z,41.8781,-88.6073,9000.0,medium
16193,2023-07-05,New york,New york,"Prelim information (INFO) from federal aviation administration (FAA) operations (OPS): new york, ny / unmanned aircraft systems (UAS) sighting/1320e/new york artcc advised, e75s, grr-lga, reported a silver unmanned aircraft systems (UAS) abeam statue of liberty at 4,000 feet while inbound to laguardia airport (ARPT).No evasive action taken.Nypd notified.",2023-07-05T13:20:00Z,40.6892,-74.0445,4000.0,medium
16194,2023-07-05,Muscle shoals,Alabama,"Prelim information (INFO) from federal aviation administration (FAA) operations (OPS): muscle shoals, al / unmanned aircraft systems (UAS) sighting/1510c/memphis air route traffic control center (ARTCC) advised, t38, cbm-cbm, observed a unmanned aircraft systems (UAS) at 16,200 feet while southbound at 15,00 feet, 25 sw muscle shoals.No evasive action reported.Colbert county sheriff notified.",2023-07-05T15:10:00Z,34.5753,-87.6753,16200.0,medium
16195,2023-07-05,Ithaca,New york,"Prelim information (INFO) from federal aviation administration (FAA) operations (OPS): ithaca, ny / unmanned aircraft systems (UAS) sighting/1535e/boston artcc advised, e145, phl-art, reported a unmanned aircraft systems (UAS) 150 feet above aircraft (ACFT) while S bound vcnty ithaca.No evasive action taken.Ithaca pd notified.",2023-07-05T15:35:00Z,42.491,-76.4586,2150.0,medium
16196,2023-07-05,San jose,California,"Prelim information (INFO) from federal aviation administration (FAA) af operations (OPS): san jose, ca / unmanned aircraft systems (UAS) sighting/1436p/w-regional operations center (ROC) advised, diamond da40, reported a unmanned aircraft systems (UAS) at unkn altitude vcnty san jose.No further information provided.No evasive action taken.Santa clara pd notified.",2023-07-05T14:36:00Z,37.3639,-121.9289,,medium
16197,2023-07-05,Santa maria,California,"Prelim information (INFO) from federal aviation administration (FAA) operations (OPS): santa maria, conflict alert (CA) / unmanned aircraft systems (UAS) sighting/1810p/santa maria fct advised, cessna c172, sba-sba, reported a small black unmanned aircraft systems (UAS) while se bound at 5,500 feet 7 northwest (NW) smx.No evasive action taken.Santa maria pd notified.",2023-07-05T18:10:00Z,34.9667,-120.5167,5500.0,medium
16198,2023-07-06,Fort lauderdale,Florida,"Prelim information (INFO) from federal aviation administration (FAA) af operations (OPS): fort lauderdale, flight level (FL) / unmanned aircraft systems (UAS) sighting/0835e/miami terminal radar approach control facility (TRACON) advised, a319, reported small black unmanned aircraft systems (UAS) while N bound at 7,200 feet 5 ssw fort lauderdale.No evasive action reported.Broward county sheriff notified.",2023-07-06T08:35:00Z,26.0553,-80.2142,7200.0,medium
16199,2023-07-06,Akron,New york,"Prelim information (INFO) from federal aviation administration (FAA) operations (OPS): akron, ny / unmanned aircraft systems (UAS) sighting/1240e/buffalo approach advised, helicopter, observed a unmanned aircraft systems (UAS) while eastbound at1, 700 feet, 3 2 S akron.No evasive action reported.No leo notification occurred.",2023-07-06T12:40:00Z,42.9975,-78.5025,1700.0,medium
16200,2023-07-06,Titusville,Florida,"Prelim information (INFO) from federal aviation administration (FAA) operations (OPS): titusville, flight level (FL) / unmanned aircraft systems (UAS) sighting/1414e/central florida terminal radar approach control (TRACON) advised, piper pa32, observed a unmanned aircraft systems (UAS) while northbound at 7,000 feet 10 nne titusville. The unmanned aircraft systems (UAS) was operating at approximately 11,500 feet.No evasive action reported.Brevard county sheriff notified.",2023-07-06T14:14:00Z,28.7291,-80.79,11500.0,medium
16201,2023-07-06,Raleigh/durham,North carolina,"Prelim information (INFO) from federal aviation administration (FAA) operations (OPS): raleigh-durham, nc / unmanned aircraft systems (UAS) sighting/1508e/raleigh airport traffic control tower (ATCT) advised, embraer e195, msy-rdu, reported a small black unmanned aircraft systems (UAS) coming from opposite direction 300 feet over right wing while S bound at 7,000 feet 5 northwest (NW) rdu.No evasive action reported.Durham county sheriff notified.",2023-07-06T15:08:00Z,35.9333,-78.8667,7000.0,medium
16202,2023-07-06,Newark,New jersey,"Prelim information (INFO) from federal aviation administration (FAA) af operations (OPS): newark, nj / unmanned aircraft systems (UAS) sighting/1550e/new york air route traffic control center (ARTCC) advised, md11, ewr-ont, reported a unmanned aircraft systems (UAS) at the 11 of the clock position while ssw bound at fl210 41 W ewr.No evasive action taken. Greenwich pd notifed at.",2023-07-06T15:50:00Z,40.6895,-74.1745,21000.0,medium
16203,2023-07-06,Miami,Florida,"Prelim information (INFO) from federal aviation administration (FAA) operations (OPS): miami, flight level (FL) / unmanned aircraft systems (UAS) sighting/1556e/opa locka fct advised, cessna c750, observed a quad-rotor unmanned aircraft systems (UAS) while westbound at 600 feet, 2 W opf.No evasive action reported.Miami-dade pd notified.",2023-07-06T15:56:00Z,25.9072,-80.3084,600.0,medium
16204,2023-07-07,Omaha,Nebraska,"Prelim information (INFO) from federal aviation administration (FAA) operations (OPS): omaha, no earlier (NE) / unmanned aircraft systems (UAS) sighting/2030c/omaha airport traffic control tower (ATCT) advised, b752, reported a unmanned aircraft systems (UAS) while sw bound at unkn altitude 0.2 northwest (NW) oma.No evasive action taken.Airport pd notified.",2023-07-07T20:30:00Z,41.3032,-95.9062,,medium
16205,2023-07-08,Joliet,Illinois,"Prelim information (INFO) from federal aviation administration (FAA) operations (OPS): joliet, il / unmanned aircraft systems (UAS) sighting/1445c/chicago artcc advised, crj2, ord-lex, reported a black unmanned aircraft systems (UAS) at the 9 of the clock position while S bound at 9,500 feet 31 E jot.No evasive action taken.Leo notification not reported.",2023-07-08T14:45:00Z,41.5,-87.7,9500.0,medium
16206,2023-07-08,Pittsburgh,Pennsylvania,"Prelim information (INFO) from federal aviation administration (FAA) operations (OPS): pittsburgh, public address (PA) / unmanned aircraft systems (UAS) sighting/1545e/pit airport traffic control tower (ATCT) advised, helo, reported unmanned aircraft systems (UAS) operating 400 feet below aircraft (ACFT) while S bound at 1,200 feet 12 E montour very high frequency omnidirectional range (VOR).No evasive action reported. Pa state pd notified.",2023-07-08T15:45:00Z,40.5072,-79.8812,800.0,medium
16207,2023-07-08,Los angeles,California,"Prelim information (INFO) from federal aviation administration (FAA) operations (OPS): los angeles, ca / unmanned aircraft systems (UAS) sighting/1400p/lax airport traffic control tower (ATCT) advised, b38m, vancouver, canada (CYVR)-lax, reported red unmanned aircraft systems (UAS) at the 9 of the clock position while on 5 mile final runway 24r at 2,000 feet.No evasive action reported.La county sheriff notified.",2023-07-08T21:00:00Z,33.9425,-118.4081,2000.0,medium
16208,2023-07-08,Madison,Wisconsin,"Prelim information (INFO) from federal aviation administration (FAA) operations (OPS): madison, wi / unmanned aircraft systems (UAS) sighting/1638c/madison airport traffic control tower (ATCT) advised, e75l, ord-msn, reported a small white unmanned aircraft systems (UAS) from the 9 of the clock position while N bound at 2,000 feet 7 S msn.No evasive action reported.Dane county sheriff notified.",2023-07-08T16:38:00Z,43.0396,-89.3375,2000.0,medium
16209,2023-07-08,Austin,Texas,"Prelim information (INFO) from federal aviation administration (FAA) operations (OPS): austin, tx / unmanned aircraft systems (UAS) sighting/1815c/austin airport traffic control tower (ATCT) advised, b737, ord-aus, reported a black unmanned aircraft systems (UAS) 500 feet below aircraft (ACFT) while wsw bound at 3,000 feet 6 N aus.No evasive action taken.Travis county sheriff notified.",2023-07-08T18:15:00Z,30.2647,-97.7588,3000.0,medium
16210,2023-07-08,New haven,Connecticut,"Prelim information (INFO) from federal aviation administration (FAA) operations (OPS): new haven, ct / unmanned aircraft systems (UAS) sighting/1744e/new haven airport traffic control tower (ATCT) advised, lancair lnc2, reported a blue unmanned aircraft systems (UAS) from the 2 of the clock position while sw bound at 1,000 feet 4 no earlier (NE) hvn.No evasive action taken.New haven police notified.",2023-07-08T17:44:00Z,41.2639,-72.8868,1000.0,medium
16211,2023-07-08,Houston,Texas,"Prelim information (INFO) from federal aviation administration (FAA) af operations (OPS): houston, tx / unmanned aircraft systems (UAS) sighting/1959c/houston terminal radar approach control (TRACON) advised, e75l, crp-iah, reported a red and black unmanned aircraft systems (UAS) from the 9 of the clock position while E bound at 6,000 feet 7 S iah.No evasive action taken. Hpd air unit notified.",2023-07-08T19:59:00Z,29.8847,-95.3475,6000.0,medium
16212,2023-07-08,Des moines,Iowa,"Prelim information (INFO) from federal aviation administration (FAA) operations (OPS): des moines, ia / unmanned aircraft systems (UAS) sighting/2015c/des moines airport traffic control tower (ATCT) advised, piper p28a, dsm-dsm, reported small black and white unmanned aircraft systems (UAS) from the 9 of the clock position while se bound at 300 feet 5 nnw dsm.No evasive action reported. Dsm airport (ARPT) operations (OPS) notified.",2023-07-08T00:00:00Z,41.6532,-93.6532,300.0,medium
16213,2023-07-09,Gary,Indiana,"Prelim information (INFO) from federal aviation administration (FAA) operations (OPS): gary, in / unmanned aircraft systems (UAS) sighting/1515c/chicago terminal radar approach control (TRACON) advised, b737, rdu-mdw, reported a black unmanned aircraft systems (UAS) from the 3 of the clock position while northwest (NW) bound at 4,000 feet 5 W gyy.No evasive action reported.Chicago fbi notified.",2023-07-09T15:15:00Z,41.6167,-87.4333,4000.0,medium
16214,2023-07-09,Philadelphia,Pennsylvania,"Prelim information (INFO) from federal aviation administration (FAA) operations (OPS): philadelphia, public address (PA) / unmanned aircraft systems (UAS) incident/1643e/northeast philadelphia airport traffic control tower (ATCT) advised, bombardier cl35, las-pne, reported white quadcopter 50 feet above aircraft (ACFT) at the 12 of the clock position while sse bound at 300 feet 1 N pne.No evasive action reported. Atc changed landing runway for following arrival. Phl pd notified.",2023-07-09T16:43:00Z,40.0875,-75.0108,350.0,medium
16215,2023-07-09,Chicago,Illinois,"Prelim information (INFO) from federal aviation administration (FAA) operations (OPS): chicago, il / unmanned aircraft systems (UAS) sighting/1625c/chicago terminal radar approach control (TRACON) advised, bcs3, msp-ord, reported unmanned aircraft systems (UAS) while E bound at 10,000 feet 8 no earlier (NE) ord.No evasive action taken.Chicago fbi notified.",2023-07-09T16:25:00Z,41.9742,-87.9073,10000.0,medium
16216,2023-07-09,Chicago,Illinois,"Prelim information (INFO) from federal aviation administration (FAA) operations (OPS): chicago, il / unmanned aircraft systems (UAS) sighting/1738c/chicago midway airport traffic control tower (ATCT) advised, a320, atl-mdw, reported a white unmanned aircraft systems (UAS) from the 3 of the clock position while N bound at 900 feet 1 sw mdw.No evasive action taken. Chicago midway airport (ARPT) pd notified.",2023-07-09T17:38:00Z,41.7789,-87.7594,900.0,medium
16217,2023-07-09,Covington,Kentucky,"Prelim information (INFO) from federal aviation administration (FAA) operations (OPS): covington, ky / unmanned aircraft systems (UAS) sighting/1956e/cincinatti terminal radar approach control (TRACON) advised, e75l, iad-cvg, reported a 3 foot white unmanned aircraft systems (UAS) from the 9 of the clock position at 6,000 feet while se bound at 9,000 feet 10 E cvg.No evasive action taken.Campbell county sheriff notified.",2023-07-09T19:56:00Z,39.0903,-84.4364,6000.0,medium
16218,2023-07-09,Los angeles,California,"Prelim information (INFO) from federal aviation administration (FAA) operations (OPS): los angeles, ca / unmanned aircraft systems (UAS) sighting/1745p/socal terminal radar approach control (TRACON) advised, md11, mem-lax, reported unmanned aircraft systems (UAS) 25 feet off left side while wsw bound at 6,000 feet 19 ene lax.No evasive action taken. Lapd air support division notified.",2023-07-09T17:45:00Z,34.1397,-117.9103,6000.0,medium
16219,2023-07-10,Los angeles,California,"Prelim information (INFO) from federal aviation administration (FAA) operations (OPS): los angeles, ca / unmanned aircraft systems (UAS) sighting/1110p/los angeles airport traffic control tower (ATCT) advised, b737, rno-lax, reported a white quadcopter unmanned aircraft systems (UAS) while wsw bound at 1,600 feet 4 ene lax.No evasive action taken.Los angeles county sheriff notified.",2023-07-09T23:10:00Z,33.9632,-118.3378,1600.0,medium
16220,2023-07-11,New york,New york,"Prelim information (INFO) from federal aviation administration (FAA) operations (OPS): new york, ny / unmanned aircraft systems (UAS) sighting/1235e/jfk airport traffic control tower (ATCT) advised, e75s, bos-jfk, reported a small white unmanned aircraft systems (UAS) at the 3 of the clock position while no earlier (NE) bound at 200 feet 1 sw jfk.No evasive action taken.New york port authority notified.",2023-07-11T12:35:00Z,40.6328,-73.7889,200.0,medium
16221,2023-07-11,New york,New york,"Prelim information (INFO) from federal aviation administration (FAA) af operations (OPS): new york, ny / unmanned aircraft systems (UAS) sighting/1240e/jfk airport traffic control tower (ATCT) advised, a333, zurich, switzerland (LSZH)-jfk, reported a small white unmanned aircraft systems (UAS) at the 3 of the clock position while no earlier (NE) bound at 200 feet 1 sw jfk.No evasive action taken.New york port authority notified.",2023-07-11T12:40:00Z,40.6328,-73.7889,200.0,medium
16222,2023-07-11,Manassas,Virginia,"Prelim information (INFO) from federal aviation administration (FAA) af operations (OPS): washington, dc / unmanned aircraft systems (UAS) sighting/1430e/manassas airport traffic control tower (ATCT) advised, piper p28a, sby-hef, reported a red and white unmanned aircraft systems (UAS) from the 4 of the clock position at same altitude while eastbound at 1,200 feet 3 nnw hef.No evasive action taken.Leo notification not reported.",2023-07-11T14:30:00Z,38.7442,-77.5636,1200.0,medium
16223,2023-07-11,Patuxent river,Maryland,"Prelim information (INFO) from federal aviation administration (FAA) operations (OPS): patuxent river, md / unmanned aircraft systems (UAS) sighting/1623e/patuxent river national airspace system (NAS) advised, 2/a10, reported a gray unmanned aircraft systems (UAS) from the right side at same altitude while S bound at 10,500 feet 2.5 ese nhk.No evasive action taken.Leo notification not reported.",2023-07-11T16:23:00Z,38.2667,-76.3667,10500.0,medium
16224,2023-07-11,Los angeles,California,"Prelim information (INFO) from federal aviation administration (FAA) operations (OPS): los angeles, ca / unmanned aircraft systems (UAS) sighting/1458p/los angeles airport traffic control tower (ATCT) advised, b77w, london, united kingdom (EGLL)-lax, reported quadcopter unmanned aircraft systems (UAS) from 9 of the clock position while wsw bound at 1,700 feet 9 ene lax.No evasive action taken.Los angeles airport police notified.",2023-07-11T14:58:00Z,33.9816,-118.3267,1700.0,medium
16225,2023-07-11,Denver,Colorado,"Prelim information (INFO) from federal aviation administration (FAA) operations (OPS): denver, central office (CO) / unmanned aircraft systems (UAS) sighting/1600m/denver terminal radar approach control facility (TRACON) advised, b752, ont-den, reported a white unmanned aircraft systems (UAS) 100 feet above aircraft (ACFT) while E bound at 12,200 feet 20 sw falcon very high frequency omnidirectional range (VOR).No evasive action taken. Dia pd notified.",2023-07-11T16:00:00Z,38.7333,-104.7833,12300.0,medium
16226,2023-07-12,Colts neck,New jersey,"Prelim information (INFO) from federal aviation administration (FAA) operations (OPS): colts neck, nj / unmanned aircraft systems (UAS) sighting/0920e/new york terminal radar approach control (TRACON) advised, a321, jfk-sfo, reported a black and blue unmanned aircraft systems (UAS) while W bound at 9,500 feet 10 nne colts neck very high frequency omnidirectional range (VOR).No evasive action taken.New jersey homeland security notified.",2023-07-12T09:20:00Z,40.4167,-74.1667,9500.0,medium
16227,2023-07-12,Atlantic city,New jersey,"Prelim information (INFO) from federal aviation administration (FAA) operations (OPS): atlantic city, nj / unmanned aircraft systems (UAS) sighting/1120e/atlantic city airport traffic control tower (ATCT) advised, mh65, reported a black and white quadcopter unmanned aircraft systems (UAS) below aircraft (ACFT) while northwest (NW) bound at 1,500 feet 5 se acy.No evasive action taken.Absecon pd notified.",2023-07-12T11:20:00Z,39.4097,-74.4702,1500.0,medium
16228,2023-07-12,Memphis,Tennessee,"Prelim information (INFO) from federal aviation administration (FAA) operations (OPS): memphis, tn / unmanned aircraft systems (UAS) sighting/late report-0820c/memphis airport traffic control tower (ATCT) advised, a306, simplified direction finding (SDF)-mem, reported unmanned aircraft systems (UAS) from the 3 of the clock position while E bound at 2,500 feet 7 E mem.No evasive action taken.Memphis pd notified.",2023-07-12T08:20:00Z,35.0841,-89.8483,2500.0,medium
16229,2023-07-12,Hickory,North carolina,"Prelim information (INFO) from federal aviation administration (FAA) operations (OPS): hickory, nc / unmanned aircraft systems (UAS) sighting/1515e/atlanta air route traffic control center (ARTCC) advised, cessna c172, hky-orf, reported a gold quadcopter unmanned aircraft systems (UAS) below aircraft (ACFT) while E bound at 5,000 feet 8 ese barretts mountain very high frequency omnidirectional range (VOR).No evasive action taken.Leo not notified.",2023-07-12T15:15:00Z,35.6667,-81.2167,5000.0,medium
16230,2023-07-12,Sacramento,California,"Prelim information (INFO) from federal aviation administration (FAA) operations (OPS): sacramento, ca / unmanned aircraft systems (UAS) sighting/1717p/norcal terminal radar approach control (TRACON) advised, cessna c177, reported unmanned aircraft systems (UAS) from 3 of the clock position while S bound at 3,500 feet 18 nne strategic air command (SAC).No evasive action taken.Citrus heights pd notified.",2023-07-12T17:17:00Z,38.8445,-121.2907,3500.0,medium
16231,2023-07-12,Hayward,California,"Prelim information (INFO) from federal aviation administration (FAA) operations (OPS): hayward, ca / unmanned aircraft systems (UAS) sighting/2055p/hayward airport traffic control tower (ATCT) advised, diamond da40, pao-pao, reported a unmanned aircraft systems (UAS) from the 3 of the clock position while W bound at 500 feet 1 mile final hwd.No evasive action taken.Hayward pd notified.",2023-07-12T20:55:00Z,37.6594,-122.1219,500.0,medium
16232,2023-07-13,Orlando,Florida,"Prelim information (INFO) from federal aviation administration (FAA) operations (OPS): orlando, flight level (FL) / unmanned aircraft systems (UAS) sighting/1000e/orlando airport traffic control tower (ATCT) advised, a321, bos-mco, reported a blue unmanned aircraft systems (UAS) from the 9 of the clock position while N bound at 1,400 feet 3.5 S mco.No evasive action taken.Osceola county sheriff notified.",2023-07-13T00:00:00Z,28.3897,-81.3422,1400.0,medium
16233,2023-07-13,Orlando,Florida,"Prelim information (INFO) from federal aviation administration (FAA) operations (OPS): orlando, flight level (FL) / unmanned aircraft systems (UAS) sighting/1012e/orlando airport traffic control tower (ATCT) advised, b737, den-mco, observed a unmanned aircraft systems (UAS) while northbound at 1,200 feet, 3.34 S mco. Swa2127 turned left to avoid unmanned aircraft systems (UAS).No leo notification provided.",2023-07-13T10:12:00Z,28.3897,-81.3409,1200.0,medium
16234,2023-07-13,Manassas,Virginia,"Prelim information (INFO) from federal aviation administration (FAA) operations (OPS): manassas, va / unmanned aircraft systems (UAS) sighting/1208e/potomac terminal radar approach control (TRACON) advised, cessna c172, hef-hef, reported a red-white rc plane while sw bound at 2,300 feet 3 sw hef.No evasive action taken.Manassas pd notified.",2023-07-13T12:08:00Z,38.7075,-77.5513,2300.0,medium
16235,2023-07-13,Dallas,Texas,"Prelim information (INFO) from federal aviation administration (FAA) operations (OPS): dallas, tx / unmanned aircraft systems (UAS) sighting/1423c/love airport traffic control tower (ATCT) advised, saab sb20, reported a gray unmanned aircraft systems (UAS) from the 3 of the clock position while se bound at 1,800 feet 4 northwest (NW) dal.No evasive action taken. Dallas love airport (ARPT) pd notified.",2023-07-13T14:23:00Z,32.8786,-96.9087,1800.0,medium
16236,2023-07-13,Anchorage,Alaska,"Prelim information (INFO) from federal aviation administration (FAA) operations (OPS): anchorage, ak / unmanned aircraft systems (UAS) sighting/1235l/anchorage airport traffic control tower (ATCT) advised, cessna c180, reported a white unmanned aircraft systems (UAS) at 1,400 feet, 4 ese anc.No evasive action reported.No leo notification provided.",2023-07-13T12:35:00Z,61.1708,-149.9002,1400.0,medium
16237,2023-07-13,Anchorage,Alaska,"Prelim information (INFO) from federal aviation administration (FAA) operations (OPS): anchorage, ak / unmanned aircraft systems (UAS) sighting/1235l/anchorage airport traffic control tower (ATCT) advised, cessna c180, reported a white unmanned aircraft systems (UAS) at 1,400 feet, 4 ese anc.No evasive action reported.No leo notification provided.",2023-07-13T12:35:00Z,61.1708,-149.9489,1400.0,medium
16238,2023-07-13,Philadelphia,Pennsylvania,"Prelim information (INFO) from federal aviation administration (FAA) af operations (OPS): philadelphia, public address (PA) / unmanned aircraft systems (UAS) sighting/1707e/phl airport traffic control tower (ATCT) advised, e145, buf-phl, observed a unmanned aircraft systems (UAS) while southbound at 6,200 feet, 20 nnw phl.No injuries reported.Local leo notified.",2023-07-13T17:07:00Z,40.1364,-75.2452,6200.0,medium
16239,2023-07-13,Anchorage,Alaska,"Prelim information (INFO) from federal aviation administration (FAA) operations (OPS): anchorage, ak / unmanned aircraft systems (UAS) sighting/1340l/anchorage airport traffic control tower (ATCT) advised, piper pa18, observed a unmanned aircraft systems (UAS) at approximately (APPROX) 1,300 feet while northwest bound at 1,200 feet, 4 E anc.No evasive action reported.No leo notification provided.",2023-07-13T13:40:00Z,61.218,-149.8516,1300.0,medium
16240,2023-07-13,Teterboro,New jersey,"Prelim information (INFO) from federal aviation administration (FAA) af operations (OPS): teterboro, nj / unmanned aircraft systems (UAS) sighting/1732e/teterboro airport traffic control tower (ATCT) advised, cessna c55b, reported a unmanned aircraft systems (UAS) while S bound at 1,100 feet 4 N teb.No evasive action taken.Paramus pd notified.",2023-07-13T17:32:00Z,40.8853,-74.0608,1100.0,medium
16241,2023-07-14,El paso,Texas,"Prelim information (INFO) from federal aviation administration (FAA) operations (OPS): el paso, tx / unmanned aircraft systems (UAS) sighting/0605m/el paso airport traffic control tower (ATCT) advised, beech be20, elp-srr, reported a unmanned aircraft systems (UAS) off the right side at 13,500 feet 20 no earlier (NE) elp.No evasive action taken.No leo notification reported.",2023-07-14T06:05:00Z,31.807222,-106.377778,13500.0,medium
16242,2023-07-14,Indianapolis,Indiana,"Prelim information (INFO) from federal aviation administration (FAA) operations (OPS): indianapolis, in / unmanned aircraft systems (UAS) sighting/1145e/indianapolis airport traffic control tower (ATCT) advised, e75l, dca-ind, reported a unmanned aircraft systems (UAS) 100 below aircraft (ACFT) from the 12 of the clock position while sw bound at 2,600 feet 7 ese ind.No evasive action taken. Indianapolis airport (ARPT) pd notifed at.",2023-07-14T11:45:00Z,39.6833,-85.9667,2600.0,medium
16243,2023-07-14,Chicago,Illinois,"Prelim information (INFO) from federal aviation administration (FAA) af operations (OPS): chicago, il / unmanned aircraft systems (UAS) sighting/1932c/chicago terminal radar approach control facility (TRACON) advised, crj2, mem-ord, reported a unmanned aircraft systems (UAS) 400 feet above aircraft (ACFT) while W bound at 7,000 feet 20 E ord.No evasive action taken.Fbi notified.",2023-07-14T19:32:00Z,41.9796,-87.5989,7400.0,medium
16244,2023-07-14,New york,New york,"Prelim information (INFO) from federal aviation administration (FAA) operations (OPS): new york, ny / unmanned aircraft systems (UAS) sighting/2311e/jf kennedy airport traffic control tower (ATCT) advised, a339, london, united kingdom (EGLL)-jfk, reported a blue lighted unmanned aircraft systems (UAS) from the 9 of the clock position while sw bound at 500 feet 1 no earlier (NE) jfk.No evasive action taken.Leo notification not reported.",2023-07-14T00:00:00Z,40.6413,-73.7781,500.0,medium
16245,2023-07-14,New york,New york,"Prelim information (INFO) from federal aviation administration (FAA) af operations (OPS): new york, ny / unmanned aircraft systems (UAS) sighting/2238e/kennedy airport traffic control tower (ATCT) advised, b738, dfw-jfk, reported a unmanned aircraft systems (UAS) from the 9 of the clock position while sw bound at 400 feet 1 no earlier (NE) jfk.No evasive action taken. Arpt operations notified.",2023-07-14T22:38:00Z,40.6413,-73.7781,400.0,medium
16246,2023-07-14,Phoenix,Arizona,"Prelim information (INFO) from federal aviation administration (FAA) operations (OPS): phoenix, az / unmanned aircraft systems (UAS) sighting/2328m/w-regional operations center (ROC) advised, helo, reported a blue lighted unmanned aircraft systems (UAS) under the aircraft (ACFT) while at unkn altitude 3 northwest (NW) phx.No evasive action taken.Local leo helo notified.",2023-07-14T23:28:00Z,33.4484,-112.074,,medium
16247,2023-07-15,New york,New york,"Prelim information (INFO) from federal aviation administration (FAA) operations (OPS): new york, ny / unmanned aircraft systems (UAS) sighting/1031e/laguardia approach (APCH) advised, crj9, clt-lga, reported a unmanned aircraft systems (UAS) from the 3 of the clock position while no earlier (NE) bound at 2,000 feet 5 northwest (NW) lga.No evasive action taken.Nypd aviation notified.",2023-07-15T10:31:00Z,40.79,-73.92,2000.0,medium
16248,2023-07-15,Slidell,Louisiana,"Prelim information (INFO) from federal aviation administration (FAA) operations (OPS): slidell, la / unmanned aircraft systems (UAS) sighting/0805c/new orleans approach (APCH) advised, cirrus sr22, cqf-ssf, reported a unmanned aircraft systems (UAS) 1,000 feet below while W bound at 12,000 feet 10 S aircraft situation display (ASD).No evasive action reported.St. tammany parrish sheriff notified.",2023-07-15T08:05:00Z,30.208,-89.7826,12000.0,medium
16249,2023-07-15,New york,New york,"Prelim information (INFO) from federal aviation administration (FAA) operations (OPS): new york, ny / unmanned aircraft systems (UAS) sighting/1622e/jfk airport traffic control tower (ATCT) advised, b763, barcelona, spain (LEBL)-jfk, reported a black unmanned aircraft systems (UAS) from the 3 of the clock position at 400 feet while on a 2 mile final runway 22 jfk.No evasive action reported. Port authority airport (ARPT) operations notified.",2023-07-15T16:22:00Z,40.6413,-73.7781,400.0,medium
16250,2023-07-15,San francisco,California,"Prelim information (INFO) from federal aviation administration (FAA) operations (OPS): san francisco, ca / unmanned aircraft systems (UAS) sighting/0735p/norcal terminal radar approach control facility (TRACON) advised, a319, sfo-jaurez, mexico (MMMX), reported a unmanned aircraft systems (UAS) at the 11 of the clock position while se bound at 5,000 feet 5 ssw sfo.No evasive action taken. San mateo pd notified.",2023-07-15T19:35:00Z,37.5833,-122.4167,5000.0,medium
16251,2023-07-15,Dallas-fort worth,Texas,"Prelim information (INFO) from federal aviation administration (FAA) operations (OPS): dallas-fort worth, tx / unmanned aircraft systems (UAS) sighting/1715c/dallas-fort worth terminal radar approach control (TRACON) advised, a321, dfw-psp, reported a unmanned aircraft systems (UAS) from the 3 of the clock position while N bound at 3,000 feet 9 S maverick very high frequency omnidirectional range (VOR) (TTT).No evasive action taken.Grand prairie pd notified.",2023-07-15T17:15:00Z,32.6667,-97.0833,3000.0,medium
16252,2023-07-15,Washington,District of columbia,"Prelim information (INFO) from federal aviation administration (FAA) operations (OPS): washington, dc / unmanned aircraft systems (UAS) sighting/1850e/potomac terminal radar approach control (TRACON) advised, b77w, iad-frankfurt au main, germany (EDDF), reported a black unmanned aircraft systems (UAS) from the 3 of the clock position while E bound at 10,000 feet 21 nnw dca.No evasive action taken.Montgomery county pd notified.",2023-07-15T18:50:00Z,39.1853,-77.2758,10000.0,medium
16253,2023-07-15,Salinas,California,"Prelim information (INFO) from federal aviation administration (FAA) operations (OPS): salinas, ca / unmanned aircraft systems (UAS) sighting/1609p/norcal terminal radar approach control (TRACON) advised, sling slg2, reported a black / reflective unmanned aircraft systems (UAS) from the 3 of the clock position while northwest (NW) bound at 4,000 feet 3 E sns.No evasive action taken.Salinas pd notified.",2023-07-15T16:09:00Z,36.6783,-121.5561,4000.0,medium
16254,2023-07-15,Chicago,Illinois,"Prelim information (INFO) from federal aviation administration (FAA) operations (OPS): /uas sighting/1958c/midway airport traffic control tower (ATCT) advised, cessna c560, clt-mdw, reported a blue / white unmanned aircraft systems (UAS) from the 2 of the clock position while nne bound at 3,300 feet 9 se mdw.No evasive action taken.Leos notified.",2023-07-15T00:00:00Z,41.7086,-87.6678,3300.0,medium
16255,2023-07-15,Seattle,Washington,"Prelim information (INFO) from federal aviation administration (FAA) af operations (OPS): seattle, wa / unmanned aircraft systems (UAS) sighting/late report 7-15 2002p/seattle terminal radar approach control (TRACON) advised, e75l, gpi-sea, reported unmanned aircraft systems (UAS) 400 feet above while nnw bound at 3,100 feet 8 sse sea.No evasive action taken.Federal way pd notification number not provided.",2023-07-15T20:02:00Z,47.3778,-122.2389,3100.0,medium
16256,2023-07-15,Seattle,Washington,"Prelim information (INFO) from federal aviation administration (FAA) operations (OPS): seattle, wa / unmanned aircraft systems (UAS) sighting/2010p/seattle terminal radar approach control (TRACON) advised, b763, keflavik, iceland (BIKF)-sea, reported a unmanned aircraft systems (UAS) while nnw bound at 3,000 feet 8 S sea.No evasive action taken.Federal way pd notified. Multiple aircraft (ACFT) reported same unmanned aircraft systems (UAS) in vcnty.",2023-07-15T00:00:00Z,47.3731,-122.3087,3000.0,medium
16257,2023-07-16,Naples,Florida,"Prelim information (INFO) from federal aviation administration (FAA) operations (OPS): naples, flight level (FL) / unmanned aircraft systems (UAS) sighting/0955e/fort myers airport traffic control tower (ATCT) advised, cessna c210, mth-gnv, reported a black square shaped unmanned aircraft systems (UAS) from the 1 of the clock position while S bound at 8,000 feet vcnty apf.No evasive action reported.Collier county sheriff notified.",2023-07-16T09:55:00Z,26.1525,-81.7754,8000.0,medium
16258,2023-07-16,Bozeman,Montana,"Prelim information (INFO) from federal aviation administration (FAA) operations (OPS): bozeman, mt / unmanned aircraft systems (UAS) sighting/1340m/bozeman airport traffic control tower (ATCT) advised, a319, dtw-bzn, reported a silver unmanned aircraft systems (UAS) from the 3 of the clock position while ese bound at 6,800 feet 8 northwest (NW) bzn.No evasive action taken.911 notified.",2023-07-16T13:40:00Z,45.8491,-111.2338,6800.0,medium
16259,2023-07-16,San antonio,Texas,"Prelim information (INFO) from federal aviation administration (FAA) af operations (OPS): san antonio, tx / unmanned aircraft systems (UAS) incident/1626c/san antonio airport traffic control tower (ATCT) advised, b763, chs-sat, reported a unmanned aircraft systems (UAS) with red and green lights from the 2 of the clock position while se bound at 3,000 feet 7 northwest (NW) sat.No evasive action taken. Atc changed runways for inbound aircraft (ACFT). San antonio pd notified.",2023-07-16T16:26:00Z,29.6185,-98.6199,3000.0,medium
16260,2023-07-16,Fayetteville,North carolina,"Prelim information (INFO) from federal aviation administration (FAA) af operations (OPS): fayetteville, nc / unmanned aircraft systems (UAS) sighting/1922e/fayetteville airport traffic control tower (ATCT) advised, cessna c182, ocean isle beach, nc (60j)-mocksville, nc (8a7), reported a red unmanned aircraft systems (UAS) from 100 feet below aircraft (ACFT) while northwest (NW) bound at 4,000 feet 20 sw fay.No evasive action taken.No leo notification reported.",2023-07-16T19:22:00Z,34.8833,-79.1667,4000.0,medium
16261,2023-07-17,Traverse city,Michigan,"Prelim information (INFO) from federal aviation administration (FAA) operations (OPS): traverse city, mile (MI) / unmanned aircraft systems (UAS) sighting/0931e/traverse city airport traffic control tower (ATCT) advised, piper pa46, reported unmanned aircraft systems (UAS) off left side while S bound at 700 feet 2 S tvc.No evasive action reported.Law enforcement notified.",2023-07-17T09:31:00Z,44.7314,-85.5822,700.0,medium
16262,2023-07-17,Myrtle beach,South carolina,"Prelim information (INFO) from federal aviation administration (FAA) af operations (OPS): myrtle beach, sc / unmanned aircraft systems (UAS) sighting/1211e/myrtle beach airport traffic control tower (ATCT) advised, a319, ord-myr, reported a black stationary unmanned aircraft systems (UAS) while N bound at 2,200 feet 7 N myr.No evasive action reported.Horry county sheriff notified.",2023-07-17T12:11:00Z,33.7594,-78.8583,2200.0,medium
16263,2023-07-17,Houston,Texas,"Prelim information (INFO) from federal aviation administration (FAA) operations (OPS): houston, tx / unmanned aircraft systems (UAS) sighting/1445c/houston terminal radar approach control facility (TRACON) advised, b38m, vancouver, canada (CYVR)-iah, reported a unmanned aircraft systems (UAS) from the 2 of the clock position while E bound at 3,000 feet 7 N iah.No evasive action taken.Fbi notified.",2023-07-17T14:45:00Z,30.0647,-95.3681,3000.0,medium
16264,2023-07-17,Sioux falls,South dakota,"Prelim information (INFO) from federal aviation administration (FAA) operations (OPS): sioux falls, sd / unmanned aircraft systems (UAS) sighting/1511c/sioux falls airport traffic control tower (ATCT) advised, cessna c340, reported a small black unmanned aircraft systems (UAS) off left side while N bound at 4,500 feet 10 W fsd N of wall lake by nordstroms dump.No evasive action taken.Sious falls pd notified.",2023-07-17T15:11:00Z,43.6453,-96.8945,4500.0,medium
16265,2023-07-17,Detroit,Michigan,"Prelim information (INFO) from federal aviation administration (FAA) operations (OPS): detroit, mile (MI) / unmanned aircraft systems (UAS) sighting/1657e/detroit approach (APCH) advised, a332, london, england (EGLL)-dtw, reported a small unmanned aircraft systems (UAS) off left side while wsw bound at 4,000 feet over det.No evasive action taken.Michigan state pd notified.",2023-07-17T16:57:00Z,42.2162,-83.3553,4000.0,medium
16266,2023-07-18,Dallas-fort worth,Texas,"Prelim information (INFO) from federal aviation administration (FAA) operations (OPS): dallas-fort worth, tx / unmanned aircraft systems (UAS) sighting/0840c/dallas-ft worth airport traffic control tower (ATCT) advised, a319, den-dfw, reported a black quadcopter unmanned aircraft systems (UAS) below aircraft (ACFT) while S bound at 2,000 feet 5 N dfw.No evasive action taken. Dfw airport (ARPT) operations (OPS) notified.",2023-07-18T08:40:00Z,32.9675,-97.0569,2000.0,medium
16267,2023-07-18,Long beach,California,"Prelim information (INFO) from federal aviation administration (FAA) operations (OPS): longitude (LONG) beach, ca / unmanned aircraft systems (UAS) sighting/1621p/long beach airport traffic control tower (ATCT) advised, cessna c680, slc-lgb, observed a unmanned aircraft systems (UAS) while westbound at 2,300 feet, 6 se longitude (LONG) beach.No evasive action reported. Long beach pd airborne asset notified.",2023-07-18T16:21:00Z,33.7667,-118.1333,2300.0,medium
16268,2023-07-18,Honolulu,Hawaii,"Prelim information (INFO) from federal aviation administration (FAA) operations (OPS): honolulu, hi / unmanned aircraft systems (UAS) sighting/1438l/honolulu control facility advised, pilatus pc12, phny-phnl, observed a unmanned aircraft systems (UAS) while northeast bound at 9,000 feet, 4 ssw hnl.No evasive action reported.No leo notification provided.",2023-07-18T14:38:00Z,21.2789,-157.9639,9000.0,medium
16269,2023-07-19,Orlando,Florida,"Prelim information (INFO) from federal aviation administration (FAA) af operations (OPS): orlando, flight level (FL) / unmanned aircraft systems (UAS) sighting/1210e/jacksonville air route traffic control center (ARTCC) advised, bcs3, mco-plan view display (PVD), repored unmanned aircraft systems (UAS) 1,000 feet below aircraft (ACFT) from the 1 of the clock position while N bound at 15,000 feet 20 N orl.No evasive action taken.Sanford pd notified.",2023-07-19T12:10:00Z,28.7764,-81.2353,14000.0,medium
16270,2023-07-19,Rochester,New york,"Prelim information (INFO) from federal aviation administration (FAA) operations (OPS): rochester, ny / unmanned aircraft systems (UAS) sighting/1520e/rochester approach (APCH) advised, cessna c172, regional operations center (ROC)-regional operations center (ROC), reported a small white unmanned aircraft systems (UAS) 200 feet below aircraft (ACFT) while N bound at 3,500 feet 3 S regional operations center (ROC).No evasive action taken.Ontario county sheriff notified.",2023-07-19T15:20:00Z,43.1061,-77.675,3300.0,medium
16271,2023-07-19,Fort lauderdale,Florida,"Prelim information (INFO) from federal aviation administration (FAA) operations (OPS): fort lauderdale, flight level (FL) / unmanned aircraft systems (UAS) sighting/1612e/fort lauderdale airport traffic control tower (ATCT) advised, a20n, pns-fll, reported a black and grey unmanned aircraft systems (UAS) quadcopter 300-400 feet below the aircraft (ACFT) while eastbound at 900 feet 3 W fll.No evasive action taken.Broward county sheriff notified.",2023-07-19T16:12:00Z,26.0725,-80.1894,900.0,medium
16272,2023-07-19,Chicago,Illinois,"Prelim information (INFO) from federal aviation administration (FAA) operations (OPS): chicago, il / unmanned aircraft systems (UAS) sighting/1625c/midway airport traffic control tower (ATCT) advised, b737, mco-mdw, reported a black unmanned aircraft systems (UAS) from the 9 of the clock position while sw bound at 200 feet 3 no earlier (NE) mdw.No evasive action taken.Chicago fbi notified.",2023-07-19T16:25:00Z,41.7784,-87.7519,200.0,medium
16273,2023-07-19,Los angeles,California,"Prelim information (INFO) from federal aviation administration (FAA) operations (OPS): los angeles, ca / unmanned aircraft systems (UAS) sighting/1553p/lax airport traffic control tower (ATCT) advised, b738, oak-lax, reported a unmanned aircraft systems (UAS) from the 9 of the clock position while wsw bound at 400 feet 1 E lax.No evasive action taken.La county sheriff notified.",2023-07-19T15:53:00Z,33.9425,-118.3975,400.0,medium
16274,2023-07-19,Oakland,California,"Prelim information (INFO) from federal aviation administration (FAA) af operations (OPS): oakland, ca / unmanned aircraft systems (UAS) sighting/2005p/norcal terminal radar approach control (TRACON) advised, b752, boi-oak, reported a unmanned aircraft systems (UAS) from the right side while sse bound at 8,000 feet 20 northwest (NW) oak.No evasive action taken.Novato pd notified.",2023-07-19T20:05:00Z,38.0583,-122.5644,8000.0,medium
16275,2023-07-20,Gulf shores,Alabama,"Prelim information (INFO) from federal aviation administration (FAA) operations (OPS): gulf shores, al / unmanned aircraft systems (UAS) sighting/1220c/gulf shores airport traffic control tower (ATCT) advised, cessna c172, reported yellow unmanned aircraft systems (UAS) while W bound at 750 feet 5 sw jka.No evasive action taken.Gulf shores pd notified.",2023-07-20T12:20:00Z,30.2401,-87.7017,750.0,medium
16276,2023-07-20,Gulf shores,Alabama,"Prelim information (INFO) from federal aviation administration (FAA) operations (OPS): gulf shores, al / unmanned aircraft systems (UAS) sighting/1300c/gulf shores airport traffic control tower (ATCT) advised, cessna c172, reported two unmanned aircraft systems (UAS) while W bound at 1,000 feet 7 wsw jka.No evasive action taken.Gulf shores pd notified.",2023-07-20T13:00:00Z,30.2405,-87.8278,1000.0,medium
16277,2023-07-20,Albuquerque,New mexico,"Prelim information (INFO) from federal aviation administration (FAA) operations (OPS): albuquerque, nautical mile (NM) / unmanned aircraft systems (UAS) sighting/1355m/albuquerque airport traffic control tower (ATCT) advised, beech be20, reported a silver drone at the 2 of the clock position while se bound at 9,500 feet 8 nne abq.No evasive action taken.New mexico state pd notified.",2023-07-20T13:55:00Z,35.1672,-106.6569,9500.0,medium
16278,2023-07-20,Wilmington,North carolina,"Prelim information (INFO) from federal aviation administration (FAA) operations (OPS): wilmington, de / unmanned aircraft systems (UAS) sighting/1729e/wilmington airport traffic control tower (ATCT) advised, e75l, lga-ilm, reported a black unmanned aircraft systems (UAS) while wsw bound at 1,100 feet 3 ene ilm.No evasive action taken.New hanover pd notified.",2023-07-20T17:29:00Z,34.2833,-77.7667,1100.0,medium
16279,2023-07-21,Philadelphia,Pennsylvania,"Prelim information (INFO) from federal aviation administration (FAA) operations (OPS): philadelphia, public address (PA) / unmanned aircraft systems (UAS) sighting/1305e/philadelphia airport traffic control tower (ATCT) advised, daher tbm9, ttn-dts, reported a unmanned aircraft systems (UAS) while sw bound at 6,000 feet 15 ene phl.No evasive action reported.Leo notified.",2023-07-21T13:05:00Z,40.0792,-74.9378,6000.0,medium
16280,2023-07-21,Orlando,Florida,"Prelim information (INFO) from federal aviation administration (FAA) operations (OPS): orlando, flight level (FL) / unmanned aircraft systems (UAS) sighting/1340e/orlando airport traffic control tower (ATCT) advised, a320, rdu-mco, reported a black / white unmanned aircraft systems (UAS) from the 12 of the clock position while N bound at 1,000 feet 3 S mco.No evasive action taken.Orange county sheriff aviation unit notified.",2023-07-21T13:40:00Z,28.3897,-81.3414,1000.0,medium
16281,2023-07-21,Oakland,California,"Prelim information (INFO) from federal aviation administration (FAA) operations (OPS): oakland, ca / unmanned aircraft systems (UAS) sighting/1105p/oakland airport traffic control tower (ATCT) advised, cessna c25b, bfi-oak, reported a unmanned aircraft systems (UAS) 100 feet from their 12 of the clock position while W bound at 500 feet 1.5 E oak.No evasive action taken.Alameda county sheriff notified.",2023-07-21T23:05:00Z,37.7328,-122.1897,500.0,medium
16282,2023-07-21,Orlando,Florida,"Prelim information (INFO) from federal aviation administration (FAA) operations (OPS): orlando, flight level (FL) / unmanned aircraft systems (UAS) sighting/1456e/central florida terminal radar approach control (TRACON) advised, cessna c421, mkl-orl, reported a black and white unmanned aircraft systems (UAS) while S bound at 1,800 feet 8 wsw orl.No evasive action taken.Orlando pd aviation unit notified.",2023-07-21T14:56:00Z,28.4114,-81.4244,1800.0,medium
16283,2023-07-21,Newark,New jersey,"Prelim information (INFO) from federal aviation administration (FAA) af operations (OPS): newark, nj / unmanned aircraft systems (UAS) sighting/1700e/newark airport traffic control tower (ATCT) advised, a320, ewr-clt, reported a gray unmanned aircraft systems (UAS) while S bound at 1,300 feet 3 S ewr.No evasive action taken.Leo notification not reported.",2023-07-21T17:00:00Z,40.6635,-74.1986,1300.0,medium
16284,2023-07-21,Newark,New jersey,"Prelim information (INFO) from federal aviation administration (FAA) operations (OPS): newark, nj / unmanned aircraft systems (UAS) sighting/1650e/new york terminal radar approach control (TRACON) advised, b737, ewr-cle, reported white unmanned aircraft systems (UAS) at the 10 of the clock position while sw bound at 2,000 feet 3 sw ewr.No evasive action reported.Nj counter terrorism unit notified.",2023-07-21T16:50:00Z,40.6795,-74.1802,2000.0,medium
16285,2023-07-22,Sarasota/bradenton,Florida,"Prelim information (INFO) from federal aviation administration (FAA) af operations (OPS): sarasota / bradenton, flight level (FL) / unmanned aircraft systems (UAS) sighting/1235e/sarasota airport traffic control tower (ATCT) advised, b737, cmh-srq, reported a white and red unmanned aircraft systems (UAS) at the 3 0'clock position while northwest (NW) bound at 1,300 feet 4 sse srq.No evasive action taken.Sarasota county sheriff notified.",2023-07-22T12:35:00Z,27.3611,-82.5242,1300.0,medium
16286,2023-07-22,Miami,Florida,"Prelim information (INFO) from federal aviation administration (FAA) operations (OPS): miami, flight level (FL) / unmanned aircraft systems (UAS) sighting/1338e/miami airport traffic control tower (ATCT) advised, b38m, mia-cayman islands (MWCB), reported a silver unmanned aircraft systems (UAS) from the 9 of the clock position while W bound at 1,000 feet 4 W mia.No evasive action taken.Miami dade pd notified.",2023-07-22T13:38:00Z,25.7932,-80.3506,1000.0,medium
16287,2023-07-22,Orlando,Florida,"Prelim information (INFO) from federal aviation administration (FAA) operations (OPS): orlando, flight level (FL) / unmanned aircraft systems (UAS) sighting/1640e/central florida terminal radar approach control (TRACON) advised, a333, manchester, england (EGCC)-mco, reported a black unmanned aircraft systems (UAS) at the 10 of the clock position while N bound at 4,000 feet 13 sse mco.No evasive action taken.Osceola county sheriff notified.",2023-07-22T16:40:00Z,28.2644,-81.2362,4000.0,medium
16288,2023-07-22,Washington,District of columbia,"Prelim information (INFO) from federal aviation administration (FAA) af operations (OPS): washington, dc / unmanned aircraft systems (UAS) sighting/1933e/iad airport traffic control tower (ATCT) advised, cessna c68a, eri-iad, observed a unmanned aircraft systems (UAS) while northbound at 2,600 feet, 5 S iad.No evasive action reported.Local leo notified.",2023-07-22T19:33:00Z,38.8681,-77.4565,2600.0,medium
16289,2023-07-23,Huguenot,New york,"Prelim information (INFO) from federal aviation administration (FAA) operations (OPS): huguenot, ny / unmanned aircraft systems (UAS) sighting/1156e/new york terminal radar approach control (TRACON) advised, cessna c56x, teb-buf, reported a large orange unmanned aircraft systems (UAS) 2,000 feet below aircraft (ACFT) while northwest (NW) bound at fl230 10 sw huguenot very high frequency omnidirectional range (VOR).No evasive action taken.New jersey pd notified.",2023-07-23T11:56:00Z,41.3506,-74.7639,19000.0,medium
16290,2023-07-23,Miami,Florida,"Prelim information (INFO) from federal aviation administration (FAA) operations (OPS): miami, flight level (FL) / unmanned aircraft systems (UAS) sighting/1444e/miami terminal radar approach control (TRACON) advised, a321, lax-mia, reported unmanned aircraft systems (UAS) off right side while E bound at 1,700 feet 7 W mia.No evasive action taken.Miami-dade pd notified.",2023-07-23T14:44:00Z,25.7953,-80.3534,1700.0,medium
16291,2023-07-23,East hampton,New york,"Prelim information (INFO) from federal aviation administration (FAA) operations (OPS): east hampton, ny / unmanned aircraft systems (UAS) sighting/1940e/boston air route traffic control center (ARTCC) advised, crj9, pwm-jfk, reported unmanned aircraft systems (UAS) off right side while wsw bound at fl180 5 nnw hampton very high frequency omnidirectional range (VOR).No evasive action taken.Shelter island pd notified.",2023-07-23T19:40:00Z,41.0333,-72.3167,18000.0,medium
16292,2023-07-23,San jose,California,"Prelim information (INFO) from federal aviation administration (FAA) operations (OPS): san jose, ca / unmanned aircraft systems (UAS) sighting/1910p/norcal terminal radar approach control (TRACON) advised, cessna t206, sna-pao, reported a unmanned aircraft systems (UAS) from the right side while ese bound at 1,700 feet 3 S sjc.No evasive action taken. San jose pd notified.",2023-07-23T19:10:00Z,37.3295,-121.9079,1700.0,medium
16293,2023-07-24,Deer park,New york,"Prelim information (INFO) from federal aviation administration (FAA) operations (OPS): deer park, ny / unmanned aircraft systems (UAS) sighting/1647e/farmingdale airport traffic control tower (ATCT) advised, piper p28a, reported a yellow uaswhile E bound at 500 feet 1 wsw deer park very high frequency omnidirectional range (VOR).No evasive action reported.Suffolk county pd notified.",2023-07-24T16:47:00Z,40.7564,-73.3131,500.0,medium
16294,2023-07-25,Newark,New jersey,"Prelim information (INFO) from federal aviation administration (FAA) af operations (OPS): newark, nj / unmanned aircraft systems (UAS) sighting/0804e/newark airport traffic control tower (ATCT) advised, e75l, sdf-ewr, reported a black and blue unmanned aircraft systems (UAS) 500 feet under the aircraft (ACFT) while sw bound at 3,000 feet 12 N ewr.No evasive action taken.Leo notification not reported.",2023-07-25T08:04:00Z,40.7934,-74.2686,3000.0,medium
16295,2023-07-25,Teterboro,New jersey,"Prelim information (INFO) from federal aviation administration (FAA) operations (OPS): teterboro, nj / unmanned aircraft systems (UAS) sighting/0805e/new york terminal radar approach control (TRACON) advised, e75l, sdf-ewr, reported a black unmanned aircraft systems (UAS) from the 9 of the clock position while S bound at 2,500 feet 5 N teb.No evasive action taken.New jersey pd notified.",2023-07-25T08:05:00Z,40.8853,-74.0608,2500.0,medium
16296,2023-07-25,Manchester,New hampshire,"Prelim information (INFO) from federal aviation administration (FAA) operations (OPS): manchester, nh / unmanned aircraft systems (UAS) sighting/1345e/manchester airport traffic control tower (ATCT) advised, e75l, phl-mht, reported a large black unmanned aircraft systems (UAS) while wsw bound at 2,000 feet 5 mile final runway 24.No evasive action taken.New hampshire state pd notified.",2023-07-25T13:45:00Z,42.9294,-71.4594,2000.0,medium
16297,2023-07-25,San diego,California,"Prelim information (INFO) from federal aviation administration (FAA) operations (OPS): san diego, ca / unmanned aircraft systems (UAS) sighting/1215p/san diego airport traffic control tower (ATCT) advised, h60, reported a unmanned aircraft systems (UAS) while N bound at 600 feet 1 sse san.No evasive action taken. San diego harbor pd notified.",2023-07-25T19:15:00Z,32.7128,-117.1553,600.0,medium
16298,2023-07-25,San diego,California,"Prelim information (INFO) from federal aviation administration (FAA) operations (OPS): san diego, ca / unmanned aircraft systems (UAS) sighting/1550p/san diego airport traffic control tower (ATCT) advised, b38m, san-phx, reported a unmanned aircraft systems (UAS) 200 feet above the approach end of runway 27 while moving into position for departure.No evasive action taken. San diego harbor pd notified.",2023-07-25T15:50:00Z,32.7338,-117.1933,200.0,medium
16299,2023-07-26,Flint,Michigan,"Prelim information (INFO) from federal aviation administration (FAA) operations (OPS): flint, mile (MI) / unmanned aircraft systems (UAS) sighting/0930e/kalamazoo airport traffic control tower (ATCT) advised, cirrus sr22, reported a unmanned aircraft systems (UAS) from the 3 of the clock position while W bound at 4,000 feet 20 W fnt.No evasive action taken.Shiawassee county sheriff notified.",2023-07-26T09:30:00Z,42.9654,-84.1746,4000.0,medium
16300,2023-07-26,Camp springs,Maryland,"Prelim information (INFO) from federal aviation administration (FAA) operations (OPS): camp springs, md / unmanned aircraft systems (UAS) sighting/1011e/potomac terminal radar approach control (TRACON) advised, f16, reported a white quadcopter unmanned aircraft systems (UAS) from the 6 of the clock position while northwest (NW) bound at 3,000 feet 5 nne adw.No evasive action taken.Prince george's county pd notified.",2023-07-26T10:11:00Z,38.8506,-76.8467,3000.0,medium
16301,2023-07-26,Chattanooga,Tennessee,"Prelim information (INFO) from federal aviation administration (FAA) operations (OPS): chattanooga, tn / unmanned aircraft systems (UAS) sighting/1259e/chattanooga airport traffic control tower (ATCT) advised, b712, atl-cha, reported a white unmanned aircraft systems (UAS) from the 3 of the clock position while ese bound at 3,700 feet 5 ene cha.No evasive action taken.Leo notified.",2023-07-26T12:59:00Z,35.095,-84.8186,3700.0,medium
16302,2023-07-26,Marietta,Georgia,"Prelim information (INFO) from federal aviation administration (FAA) operations (OPS): marietta, general aviation (GA) / unmanned aircraft systems (UAS) incident/1300e/dobbins air reserve base advised, mcdonnell douglas md60, was conducting powerline surveys and reported a small white dji unmanned aircraft systems (UAS) at the 12 of the clock position while E bound at 150 feet 1 S mge.Evasive action was taken. Dobbins base operations (OPS) notified.",2023-07-26T13:00:00Z,33.9071,-84.5186,150.0,medium
16303,2023-07-26,Los angeles,California,"Correction (event date) information (INFO) from federal aviation administration (FAA) operations (OPS): los angeles, ca / unmanned aircraft systems (UAS) sighting/late report-7/8 1412p/los angeles airport traffic control tower (ATCT) advised, gulfstream aerospace ga6c, reported unmanned aircraft systems (UAS) while wsw bound at 900 feet 2.5 E los angeles.No evasive action reported.Los angeles county sheriff notified.",2023-07-08T21:12:00Z,33.9425,-118.3672,900.0,medium
16304,2023-07-26,Los angeles,California,"Prelim information (INFO) from federal aviation administration (FAA) operations (OPS): los angeles, ca / unmanned aircraft systems (UAS) sighting/1830p/lax approach (APCH) advised, a333, dublin, ireland (EIDW)-lax, reported a unmanned aircraft systems (UAS) from the 3 of the clock position while wsw bound at 7,500 feet 28 wsw lax.No evasive action taken. Lapd air operations (OPS) notified.",2023-07-26T18:30:00Z,33.7746,-118.7242,7500.0,medium
16305,2023-07-26,Colorado springs,Colorado,"Prelim information (INFO) from federal aviation administration (FAA) operations (OPS): colorado springs, central office (CO) / unmanned aircraft systems (UAS) sighting/2205m/colorado springs airport traffic control tower (ATCT) advised, cessna c172, reported a unmanned aircraft systems (UAS) from the 9 of the clock position while N bound at 7,100 feet 7 S black forest very high frequency omnidirectional range (VOR).No evasive action taken.Cspd notified.",2023-07-26T00:00:00Z,38.8833,-104.7,7100.0,medium
16306,2023-07-27,Morristown,New jersey,"Prelim information (INFO) from federal aviation administration (FAA) operations (OPS): morristown, nj / unmanned aircraft systems (UAS) sighting/1145e/morristown airport traffic control tower (ATCT) advised, piper p28a, reported a red unmanned aircraft systems (UAS) at the 12 of the clock position while northwest (NW) bound at 700 feet short final runway 31.No evasive action taken.Leo notification not reported.",2023-07-27T11:45:00Z,40.7994,-74.4149,700.0,medium
16307,2023-07-27,Columbus,Mississippi,"Prelim information (INFO) from federal aviation administration (FAA) operations (OPS): columbus, ms / unmanned aircraft systems (UAS) sighting/1127c/columbus radar approach control (RAPCON) advised, t38, reported a quad-copter unmanned aircraft systems (UAS) while S bound at 5,000 feet 28 N cbm.No evasive action taken.Leo notification not provided.",2023-07-27T11:27:00Z,33.6986,-88.4467,5000.0,medium
16308,2023-07-27,Los angeles,California,"Prelim information (INFO) from federal aviation administration (FAA) operations (OPS): los angeles, ca / unmanned aircraft systems (UAS) sighting/1349p/socal terminal radar approach control (TRACON) advised, b748, frankfurt, germany (EDDF)-lax, reported a medium white unmanned aircraft systems (UAS) 1,000 feet below aircraft (ACFT) off right side while wsw bound at 15,000 feet 50 ene lax.No evasive action taken. San bernardino pd notified.",2023-07-27T13:49:00Z,34.3333,-117.5833,14000.0,medium
16309,2023-07-27,Boston,Massachusetts,"Prelim information (INFO) from federal aviation administration (FAA) operations (OPS): boston, ma / unmanned aircraft systems (UAS) sighting/1255e/boston terminal radar approach control (TRACON) advised, pilatus pc12, reported a unmanned aircraft systems (UAS) from the left side while se bound at 9,000 feet 20 E bos.No evasive action taken.Leo notification not reported.",2023-07-27T12:55:00Z,42.2167,-70.6667,9000.0,medium
16310,2023-07-28,Chicago,Illinois,"Prelim information (INFO) from federal aviation administration (FAA) operations (OPS): chicago, il / unmanned aircraft systems (UAS) incident/0927c/chicago terminal radar approach control facility (TRACON) advised, b738, mdw-simplified direction finding (SDF), reported a black quadcopter unmanned aircraft systems (UAS) passed 200 feet above aircraft (ACFT) while S bound at 3,000 feet 5 S mdw.No evasive action taken. Chicago terminal radar approach control (TRACON) modified approach (APCH) path from 0910c-0930c and departure traffic from 0910c-0915c.Chicago fbi notified.",2023-07-28T09:27:00Z,41.7295,-87.7524,3000.0,medium
16311,2023-07-28,Denver,Colorado,"Prelim information (INFO) from federal aviation administration (FAA) operations (OPS): denver, central office (CO) / unmanned aircraft systems (UAS) sighting/1230m/denver airport traffic control tower (ATCT) advised, a321, atl-den, reported a white quadcopter while S bound at 7,000 feet 7 N den.No evasive action taken. Den airport (ARPT) pd notified.",2023-07-28T12:30:00Z,39.9397,-104.6725,7000.0,medium
16312,2023-07-28,Philadelphia,Pennsylvania,"Prelim information (INFO) from federal aviation administration (FAA) operations (OPS): philadelphia, public address (PA) / unmanned aircraft systems (UAS) sighting/1455e/washington air route traffic control center (ARTCC) advised, crj7, myr-ewr, reported unmanned aircraft systems (UAS) while E bound at 14,000 feet 6 N philadephia.No evasive action reported.Law enforcement notification not reported.",2023-07-28T14:55:00Z,40.0833,-75.0167,14000.0,medium
16313,2023-07-28,Arlington,Virginia,"Prelim information (INFO) from federal aviation administration (FAA) operations (OPS): arlington, va / unmanned aircraft systems (UAS) sighting/1610e/national airport traffic control tower (ATCT) advised, piper pa32, reported a copper colored unmanned aircraft systems (UAS) while sw bound at 670 feet 35 E arlington, va. no evasive action reported.Queen anne's county sheriff notified.",2023-07-28T16:10:00Z,38.8462,-77.0608,670.0,medium
16314,2023-07-28,San luis obispo,California,"Prelim information (INFO) from federal aviation administration (FAA) operations (OPS): san luis obispo, ca / unmanned aircraft systems (UAS) sighting/1500p/san luis obispo fct advised, piper p28a, reported a unmanned aircraft systems (UAS) from the 4 of the clock position while wnw bound at 500 feet 1 wnw sbp.No evasive action taken. San luis obispo sheriff notified.",2023-07-28T15:00:00Z,35.2427,-120.6562,500.0,medium
16315,2023-07-28,Fargo,North dakota,"Prelim information (INFO) from federal aviation administration (FAA) operations (OPS): fargo, nd / unmanned aircraft systems (UAS) sighting/1716c/fargo airport traffic control tower (ATCT) advised, pilatus pc12, rap-far, reported a unmanned aircraft systems (UAS) from the 3 of the clock position while N bound at 1,100 feet 1 S far.No evasive action taken.Leo notification not reported.",2023-07-28T17:16:00Z,46.8708,-96.8155,1100.0,medium
16316,2023-07-28,San jose,California,"Prelim information (INFO) from federal aviation administration (FAA) operations (OPS): san jose, ca / unmanned aircraft systems (UAS) sighting/1938p/norcal terminal radar approach control facility (TRACON) advised, b737, sjc-las, reported a unmanned aircraft systems (UAS) from the 3 of the clock position while no earlier (NE) bound at 11,400 feet 12 ene sjc.Santa clara county sheriff notified.",2023-07-28T19:38:00Z,37.4316,-121.7089,11400.0,medium
16317,2023-07-29,Orlando,Florida,"Prelim information (INFO) from federal aviation administration (FAA) operations (OPS): orlando, flight level (FL) / unmanned aircraft systems (UAS) sighting/1224e/orlando airport traffic control tower (ATCT) advised, a20n, regional operations center (ROC)-mco, reported a white unmanned aircraft systems (UAS) from the 3 of the clock position while S bound at 1,100 feet 3 N mco.No evasive action taken.Orange county sheriff notified.",2023-07-29T12:24:00Z,28.4611,-81.3083,1100.0,medium
16318,2023-07-29,Philadelphia,Pennsylvania,"Prelim information (INFO) from federal aviation administration (FAA) operations (OPS): philadelphia, public address (PA) / unmanned aircraft systems (UAS) sighting/1240e/philadelphia airport traffic control tower (ATCT) advised, e145, montreal, canada (CYUL)-phl, reported a unmanned aircraft systems (UAS) while ese bound at 5,000 feet 10 nne phl.No evasive action reported. Phl airport (ARPT) pd notified.",2023-07-29T12:40:00Z,40.1365,-74.9638,5000.0,medium
16319,2023-07-29,Atlanta,Georgia,"Prelim information (INFO) from federal aviation administration (FAA) operations (OPS): atlanta, general aviation (GA) / unmanned aircraft systems (UAS) sighting/1734e/atlanta airport traffic control tower (ATCT) advised, b738, atl-dab, reported a unmanned aircraft systems (UAS) while W bound at 2,500 feet 1.5 W atl.No evasive action reported.College park pd notified.",2023-07-29T17:34:00Z,33.6367,-84.4484,2500.0,medium
16320,2023-07-29,Chino,California,"Prelim information (INFO) from federal aviation administration (FAA) operations (OPS): chino, conflict alert (CA) / unmanned aircraft systems (UAS) sighting/1635p/chino airport traffic control tower (ATCT) advised, cessna c150, reported a unmanned aircraft systems (UAS) while se bound at fl200 5 sw cno.no evasive action taken.Riverside county sheriff notified.",2023-07-29T16:35:00Z,33.92,-117.71,20000.0,medium
16321,2023-07-29,Salt lake city,Utah,"Prelim information (INFO) from federal aviation administration (FAA) af operations (OPS): salt lake city, ut / unmanned aircraft systems (UAS) sighting/1835m/salt lake terminal radar approach control facility (TRACON) advised, b738, toronto, canada (CYYZ)-slc, reported a unmanned aircraft systems (UAS) from the 12 of the clock position while N bound at 9,000 feet 4 sw slc.No evasive action taken.Salt lake airport pd notified.",2023-07-29T18:35:00Z,40.7547,-112.0014,9000.0,medium
16322,2023-07-29,Chicago,Illinois,"Prelim information (INFO) from federal aviation administration (FAA) operations (OPS): chicago, il / unmanned aircraft systems (UAS) sighting/2003c/chicago terminal radar approach control (TRACON) advised, bcs1, lga-ord, reported a unmanned aircraft systems (UAS) from the 3 of the clock position while E bound at 5,000 feet 15 W ord.No evasive action taken.Fbi notified.",2023-07-29T20:03:00Z,41.9796,-88.1856,5000.0,medium
16323,2023-07-29,Los angeles,California,"Prelim information (INFO) from federal aviation administration (FAA) af operations (OPS): los angeles, ca / unmanned aircraft systems (UAS) sighting/1913p/los angeles airport traffic control tower (ATCT) advised, e75l, rno-lax, reported a unmanned aircraft systems (UAS) from the 9 of the clock position while W bound at 2,000 feet 7 ene lax.No evasive action taken.Lasd notified.",2023-07-29T19:13:00Z,33.9816,-118.3267,2000.0,medium
16324,2023-07-30,Camp springs,Maryland,"Prelim information (INFO) from federal aviation administration (FAA) operations (OPS): camp springs, md / unmanned aircraft systems (UAS) sighting/1100e/andrews air force base (AFB) advised, uh1, reported a white rc plane while N bound in pattern at 400 feet 3 S adw.No evasive action taken.Prince george's county pd notified.",2023-07-30T11:00:00Z,38.7813,-76.8871,400.0,medium
16325,2023-07-30,Boston,Massachusetts,"Prelim information (INFO) from federal aviation administration (FAA) operations (OPS): boston, ma / unmanned aircraft systems (UAS) sighting/1300e/boston terminal radar approach control (TRACON) advised, e190, pit-bos, reported a shiny unmanned aircraft systems (UAS) 500 feet below while se bound at 6,000 feet 5 sse bos.No evasive action taken.Massachusetts state pd notified.",2023-07-30T13:00:00Z,42.3167,-70.9667,5500.0,medium
16326,2023-07-30,Charleston,South carolina,"Prelim information (INFO) from federal aviation administration (FAA) operations (OPS): charleston, sc / unmanned aircraft systems (UAS) sighting/1255e/charleston airport traffic control tower (ATCT) advised, pilatus pc12, chs-dyb, reported a unmanned aircraft systems (UAS) from 200 feet below the 12 of the clock position while northwest (NW) bound at 800 feet 5 northwest (NW) chs.No evasive action taken.Charleston county sheriff notified.",2023-07-30T12:55:00Z,32.9215,-80.1097,800.0,medium
16327,2023-07-30,Kansas city,Missouri,"Prelim information (INFO) from federal aviation administration (FAA) operations (OPS): kansas city, mo / unmanned aircraft systems (UAS) sighting/1328c/kansas city approach (APCH) advised, cessna c150, reported a black unmanned aircraft systems (UAS) with red light while sw bound at 3,500 feet 20 sse mci.No evasive action taken.Johnson county sheriff notified.",2023-07-30T13:28:00Z,39.0583,-94.5136,3500.0,medium
16328,2023-07-30,Omaha,Nebraska,"Prelim information (INFO) from federal aviation administration (FAA) af operations (OPS): omaha, no earlier (NE) / unmanned aircraft systems (UAS) sighting/1330c/omaha terminal radar approach control (TRACON) advised, beech be36, mle-mle, reported a silver-red unmanned aircraft systems (UAS) 200 feet from aircraft (ACFT) while sw bound at 3,700 feet 3 sw oma.No evasive action taken.Omaha pd notified.",2023-07-30T13:30:00Z,41.2589,-96.0331,3700.0,medium
16329,2023-07-30,Charlotte,North carolina,"Prelim information (INFO) from federal aviation administration (FAA) operations (OPS): charlotte, nc / unmanned aircraft systems (UAS) sighting/1708e/charlotte approach (APCH) advised, a321, mem-clt, reported a white quadcopter at the 12 of the clock position while S bound at 6,000 feet 13 ssw clt.No evasive action taken.Rock hill pd notified.",2023-07-30T17:08:00Z,35.0522,-80.9847,6000.0,medium
16330,2023-07-30,Pittsburgh,Pennsylvania,"Prelim information (INFO) from federal aviation administration (FAA) operations (OPS): pittsburgh, public address (PA) / unmanned aircraft systems (UAS) sighting/1811e/allegheny airport traffic control tower (ATCT) advised, cessna c172, reported a unmanned aircraft systems (UAS) while N bound at 1,900 feet 2 northwest (NW) agc.No evasive action taken.Local law enforcement notified.",2023-07-30T18:11:00Z,40.36444,-79.95056,1900.0,medium
16331,2023-07-31,Richland,Nebraska,"Prelim information (INFO) from federal aviation administration (FAA) operations (OPS): richland, no earlier (NE) / unmanned aircraft systems (UAS) accident/late report 7-31 1230c/e-regional operations center (ROC) advised, dji agras t40, hit power line while conducting part 107 field spraying service (SVC) vcnty richland.Power lines need repair. Damage: unmanned aircraft systems (UAS) nozzle-extent not reported.Injuries: none.",2023-07-31T17:30:00Z,41.1725,-97.1872,0.0,medium
16332,2023-07-31,Myrtle beach,South carolina,"Prelim information (INFO) from federal aviation administration (FAA) operations (OPS): myrtle beach, sc / unmanned aircraft systems (UAS) sighting/1620e/myrtle beach airport traffic control tower (ATCT) advised, b738, dfw-myr, reported unmanned aircraft systems (UAS) at the 1 of the clock position while S bound at 1,700 feet 7 N myr.No evasive action taken.Horry county sheriff notified.",2023-07-31T16:20:00Z,33.7594,-78.8583,1700.0,medium
16333,2023-07-31,Bluefield,West virginia,"Prelim information (INFO) from federal aviation administration (FAA) operations (OPS): bluefield, wv / unmanned aircraft systems (UAS) sighting/1906e/indianapolis air route traffic control center (ARTCC) advised, beech be55, reported a blue unmanned aircraft systems (UAS) at the 3 of the clock position while wnw bound at 8,000 feet 10 wnw blf.No evasive action taken.Leo notification not reported.",2023-07-31T19:06:00Z,37.3958,-81.3575,8000.0,medium
16334,2023-07-31,Groton (new london),Connecticut,"Prelim information (INFO) from federal aviation administration (FAA) operations (OPS): groton (new london), ct / unmanned aircraft systems (UAS) sighting/1932e/boston artcc advised, gulfstream glf6, teb-ack, reported a dark colored unmanned aircraft systems (UAS) at the same altitude while E bound at 17,000 feet 10 W gon.No evasive action taken.Waterford pd notified.",2023-07-31T19:32:00Z,41.3279,-72.1379,17000.0,medium
16335,2023-08-01,Vandalia,Illinois,"Prelim information (INFO) from federal aviation administration (FAA) operations (OPS): vandalia, il / unmanned aircraft systems (UAS) sighting/1115c/kansas city air route traffic control center (ARTCC) advised, cessna c177, reported a small unmanned aircraft systems (UAS) 500 feet off left side while wsw bound at 6,000 feet 5 se vla.No evasive action taken.Fayette county sheriff notified.",2023-08-01T11:15:00Z,38.9667,-89.1333,6000.0,medium
16336,2023-08-01,Vandalia,Illinois,"Prelim information (INFO) from federal aviation administration (FAA) operations (OPS): vandalia, il / unmanned aircraft systems (UAS) sighting/1216c/kansas city air route traffic control center (ARTCC) advised, cessna c172, mdh-mdh, reported a red and white unmanned aircraft systems (UAS) while no earlier (NE) bound at 3,000 feet 6 no earlier (NE) vla.No evasive action taken.Fayette county sheriff notified.",2023-08-01T12:16:00Z,38.9614,-89.0862,3000.0,medium
16337,2023-08-01,Seattle,Washington,"Prelim information (INFO) from federal aviation administration (FAA) operations (OPS): seattle, wa / unmanned aircraft systems (UAS) sighting/1342p/seattle terminal radar approach control facility (TRACON) advised, b738, sea-msp, reported a silver quadcopter unmanned aircraft systems (UAS) 500 feet above aircraft (ACFT) while E bound at 9,000 feet 13 no earlier (NE) sea.No evasive action taken.King county sheriff notified.",2023-08-01T20:42:00Z,47.5833,-122.1667,9500.0,medium
16338,2023-08-01,Fort lauderdale,Florida,"Prelim information (INFO) from federal aviation administration (FAA) operations (OPS): fort lauderdale, flight level (FL) / unmanned aircraft systems (UAS) sighting/2024e/fort lauderdale airport traffic control tower (ATCT) advised, h65, reported a black unmanned aircraft systems (UAS) with green lights 200 feet below aircraft (ACFT) while S bound at 500 feet 2 se fll.No evasive action taken.Broward county sheriff notified.",2023-08-01T00:00:00Z,26.0592,-80.1342,300.0,medium
16339,2023-08-01,Oklahoma city,Oklahoma,"Prelim information (INFO) from federal aviation administration (FAA) operations (OPS): oklahoma city, ok / unmanned aircraft systems (UAS) sighting/1954c/oklahoma city terminal radar approach control (TRACON) advised, cessna c208, wdg-okc, reported a silver unmanned aircraft systems (UAS) while S bound at 4,000 feet 11 N okc.No evasive action taken. Oklahoma city airport (ARPT) pd notified.",2023-08-01T19:54:00Z,35.5397,-97.487,4000.0,medium
16340,2023-08-02,Los angeles,California,"Prelim information (INFO) from federal aviation administration (FAA) af operations (OPS): los angeles, ca / unmanned aircraft systems (UAS) sighting/1916p/los angeles airport traffic control tower (ATCT) advised, a321, jfk-lax, reported a unmanned aircraft systems (UAS) while wsw bound at 1,500 feet 6 ene lax.No evasive action taken.Los angeles county sheriff notified.",2023-08-02T19:16:00Z,33.9833,-118.2167,1500.0,medium
16341,2023-08-03,Chicago,Illinois,"Prelim information (INFO) from federal aviation administration (FAA) operations (OPS): chicago, il / unmanned aircraft systems (UAS) sighting/1202c/chicago terminal radar approach control (TRACON) advised, a320, slc-ord, reported a red unmanned aircraft systems (UAS) while E bound at 7,000 feet 7 N ord.No evasive action taken.Fbi notified.",2023-08-03T12:02:00Z,41.9978,-87.9084,7000.0,medium
16342,2023-08-03,Cleveland,Ohio,"Prelim information (INFO) from federal aviation administration (FAA) operations (OPS): cleveland, oh / unmanned aircraft systems (UAS) sighting/1639e/cleveland air route traffic control center (ARTCC) advised, e55p, azo-bkl, reported a unmanned aircraft systems (UAS) while S bound at 9,400 feet 60 ese bkl.No evasive action taken.Leo notification not reported.",2023-08-03T16:39:00Z,41.3667,-80.7667,9400.0,medium
16343,2023-08-03,Miami,Florida,"Prelim information (INFO) from federal aviation administration (FAA) operations (OPS): miami, flight level (FL) / unmanned aircraft systems (UAS) sighting/1646e/opa locka airport traffic control tower (ATCT) advised, bombardier cl30, reported a yellow unmanned aircraft systems (UAS) while W bound at 1,500 feet 1 W opf.No evasive action taken.Miami dade pd notified.",2023-08-03T16:46:00Z,25.907,-80.296,1500.0,medium
16344,2023-08-03,Los angeles,California,"Prelim information (INFO) from federal aviation administration (FAA) operations (OPS): los angeles, ca / unmanned aircraft systems (UAS) sighting/1253p/los angeles airport traffic control tower (ATCT) advised, e75l, elp-lax, reported a green unmanned aircraft systems (UAS) while wsw bound at 500 feet 2 ene lax.No evasive action taken.Los angeles sheriff notified.",2023-08-03T12:53:00Z,33.9497,-118.3795,500.0,medium
16345,2023-08-03,Houston,Texas,"Prelim information (INFO) from federal aviation administration (FAA) af operations (OPS): houston, tx / unmanned aircraft systems (UAS) sighting/1838c/houston airport traffic control tower (ATCT) advised, e75l, ict-iah, reported a black unmanned aircraft systems (UAS) from the 9 of the clock position 500 feet below aircraft (ACFT) while E bound at 1,500 feet 2.5 W iah.No evasive action taken.Houston pd notified.",2023-08-03T18:38:00Z,29.9902,-95.3768,1000.0,medium
16346,2023-08-03,Orlando,Florida,"Prelim information (INFO) from federal aviation administration (FAA) af operations (OPS): orlando, flight level (FL) / unmanned aircraft systems (UAS) sighting/1910e/orlando airport traffic control tower (ATCT) advised, b739, mco-sea, reported a black unmanned aircraft systems (UAS) from the 3 of the clock position while N bound at 500 feet vcnty mco.No evasive action reported.Orange county sheriff department notified.",2023-08-03T19:10:00Z,28.4312,-81.3081,500.0,medium
16347,2023-08-03,Nashville,Tennessee,"Prelim information (INFO) from federal aviation administration (FAA) operations (OPS): nashville, tn / unmanned aircraft systems (UAS) sighting/2055c/nashville airport traffic control tower (ATCT) advised, robinson r44, reported a quadcopter unmanned aircraft systems (UAS) with red and green lights from the 9 of the clock position while E bound at 1,800 feet 6 wnw bna.No evasive action taken. Metro nashville airport authority notified.",2023-08-03T20:55:00Z,36.1544,-86.7889,1800.0,medium
16348,2023-08-04,Phoenix,Arizona,"Prelim information (INFO) from federal aviation administration (FAA) af operations (OPS): phoenix, az / unmanned aircraft systems (UAS) sighting/1746m/phoenix terminal radar approach control (TRACON) advised, a319, mry-phx, reported a small white unmanned aircraft systems (UAS) from the 12 of the clock position while N bound at 5,000 feet 15 ese phoenix vor collocated with tacan (VORTAC).No evasive action reported. Phx airport (ARPT) pd notified.",2023-08-04T17:46:00Z,33.2667,-111.7333,5000.0,medium
16349,2023-08-05,New york,New york,"Prelim information (INFO) from federal aviation administration (FAA) af operations (OPS): new york, ny / unmanned aircraft systems (UAS) sighting/1110e/new york terminal radar approach control facility (TRACON) advised, bombardier glex, rkd-hpn, reported a black unmanned aircraft systems (UAS) from the 12 of the clock position while sse bound at 6,000 feet 11 se swf.No evasive action taken.Putnam county sheriff notified.",2023-08-05T11:10:00Z,41.3833,-73.8167,6000.0,medium
16350,2023-08-05,Charleston,South carolina,"Prelim information (INFO) from federal aviation administration (FAA) operations (OPS): charleston, sc / unmanned aircraft systems (UAS) sighting/1216e/charleston airport traffic control tower (ATCT) advised, b738, bna-chs, reported a unmanned aircraft systems (UAS) from the 3 of the clock position while sse bound at 7,000 feet 15 northwest (NW) chs.No evasive action taken.Leo notification not reported.",2023-08-05T12:16:00Z,32.9989,-80.2176,7000.0,medium
16351,2023-08-05,Boston,Massachusetts,"Prelim information (INFO) from federal aviation administration (FAA) operations (OPS): boston, ma / unmanned aircraft systems (UAS) sighting/1249e/boston terminal radar approach control (TRACON) advised, b39m, ewr-bos, reported a unmanned aircraft systems (UAS) from the 3 of the clock position while no earlier (NE) bound at 3,200 feet 10 sw bos.No evasive action taken. Mass state pd notified.",2023-08-05T12:49:00Z,42.2833,-71.1667,3200.0,medium
16352,2023-08-05,Gaithersburg,Maryland,"Prelim information (INFO) from federal aviation administration (FAA) operations (OPS): gaithersburg, md / unmanned aircraft systems (UAS) sighting/1258e/potomac terminal radar approach control (TRACON) advised, beech b36, unkn-unkn, reported a gray and white unmanned aircraft systems (UAS) from the 3 of the clock position while N bound at 2,000 feet 5 N gai.No evasive action taken.Montgomery county sheriff notified.",2023-08-05T12:58:00Z,39.1833,-77.1667,2000.0,medium
16353,2023-08-05,Fort lauderdale,Florida,"Prelim information (INFO) from federal aviation administration (FAA) af operations (OPS): fort lauderdale, flight level (FL) / unmanned aircraft systems (UAS) sighting/1806e/miami terminal radar approach control (TRACON) advised, a320, jfk-fll, reported silver unmanned aircraft systems (UAS) from the 12 of the clock position while ssw bound at 6,000 feet 15 no earlier (NE) fll.No evasive action reported.Broward county sheriff notified.",2023-08-05T18:06:00Z,26.1833,-80.2,6000.0,medium
16354,2023-08-06,Chicago,Illinois,"Prelim information (INFO) from federal aviation administration (FAA) operations (OPS): chicago, il / unmanned aircraft systems (UAS) sighting/0757c/chicago airport traffic control tower (ATCT) advised, cessna c208, mkg-ord, reported a lime green unmanned aircraft systems (UAS) off right side while E bound at 1,500 feet on final runway 9l.No evasive action taken. Chicago international (INTL) airport (ARPT) comm center notified.",2023-08-06T07:57:00Z,41.9742,-87.9073,1500.0,medium
16355,2023-08-06,Teterboro,New jersey,"Prelim information (INFO) from federal aviation administration (FAA) operations (OPS): teterboro, nj / unmanned aircraft systems (UAS) sighting/0948e/teterboro airport traffic control tower (ATCT) advised, beech be30, reported a copper colored unmanned aircraft systems (UAS) at the 3 of the clock position while no earlier (NE) bound at 1,400 feet 5 W teb.No evasive action taken. Arpt operations notified.",2023-08-06T09:48:00Z,40.8501,-74.124,1400.0,medium
16356,2023-08-06,Hardin,Kentucky,"Prelim information (INFO) from federal aviation administration (FAA) operations (OPS): hardin, ky / unmanned aircraft systems (UAS) incident/1152c/memphis air route traffic control center (ARTCC) advised, diamond da40, rnc-fye, reported a unmanned aircraft systems (UAS) at the 12 of the clock position while W bound at 6,000 feet 80 ene memphis vor collocated with tacan (VORTAC) (MEM). Acft was forced to take evasive action by descending to 5,500 feet to avoid the unmanned aircraft systems (UAS).Hardin county sheriff notified.",2023-08-06T11:52:00Z,35.4167,-87.9167,6000.0,medium
16357,2023-08-06,Colts neck,New jersey,"Prelim information (INFO) from federal aviation administration (FAA) operations (OPS): colts neck, nj / unmanned aircraft systems (UAS) sighting/1255e/new york air route traffic control center (ARTCC) advised, cessna c525, ewr-orl, reported a white unmanned aircraft systems (UAS) off left side while wsw bound at 7,000 feet vcnty colts neck very high frequency omnidirectional range (VOR).No evasive action taken.Pennsylvania state pd notified.",2023-08-06T12:55:00Z,40.3067,-74.1667,7000.0,medium
16358,2023-08-06,Linden,New jersey,"Prelim information (INFO) from federal aviation administration (FAA) operations (OPS): linden, nj / unmanned aircraft systems (UAS) sighting/1315e/newark airport traffic control tower (ATCT) advised, pilatus pc12, lns-ewr, reported a unmanned aircraft systems (UAS) from the 6 of the clock position while W bound at 3,300 feet over ldj.No evasive action taken.Port authority notified.",2023-08-06T13:15:00Z,40.6179,-74.2441,3300.0,medium
16359,2023-08-06,Destin,Florida,"Prelim information (INFO) from federal aviation administration (FAA) operations (OPS): destin, flight level (FL) / unmanned aircraft systems (UAS) incident/1447c/destin airport traffic control tower (ATCT) advised, robinson r66, reported a white unmanned aircraft systems (UAS) at the four of the clock position while W bound at 400 feet vcnty dts. Evasive action was taken by climbing to avoid the unmanned aircraft systems (UAS).No leo notification reported.",2023-08-06T14:47:00Z,30.4,-86.4714,400.0,medium
16360,2023-08-07,Tulsa,Oklahoma,"Prelim information (INFO) from federal aviation administration (FAA) operations (OPS): tulsa, ok / unmanned aircraft systems (UAS) sighting/1405c/tulsa airport traffic control tower (ATCT) advised, beech be58, bhm-tul, reported a black unmanned aircraft systems (UAS) while W bound at 2,500 feet 6 S tul.No evasive action taken.Oklahoma state pd notified.",2023-08-07T14:05:00Z,36.0519,-95.9926,2500.0,medium
16361,2023-08-07,Denver,Colorado,"Prelim information (INFO) from federal aviation administration (FAA) af operations (OPS): denver, central office (CO) / unmanned aircraft systems (UAS) sighting/1950m/denver terminal radar approach control (TRACON) advised, e145, den-sgf, observed a unmanned aircraft systems (UAS) while southbound at 12,000 feet, 24 se den.N0 injuries reported.No leo notification provided.",2023-08-07T19:50:00Z,39.5833,-104.5667,12000.0,medium
16362,2023-08-08,Nashville,Tennessee,"Prelim information (INFO) from federal aviation administration (FAA) operations (OPS): nashville, tn / unmanned aircraft systems (UAS) sighting/0606c/nashville approach (APCH) advised, b738, cmh-bna, reported a unmanned aircraft systems (UAS) from the 3 of the clock position while sw bound at 6.900 feet 7 E bna.No evasive action taken. Nashville airport (ARPT) pd notified.",2023-08-08T06:06:00Z,36.1544,-86.5672,6900.0,medium
16363,2023-08-08,St petersburg-clearwater,Florida,"Prelim information (INFO) from federal aviation administration (FAA) operations (OPS): st petersburg-clearwater, flight level (FL) / unmanned aircraft systems (UAS) sighting/0840e/st. Petersburg-clearwater airport traffic control tower (ATCT) advised, cessna c172, reported a unmanned aircraft systems (UAS) from the 12 of the clock position while nnw bound at 800 feet 1 E pie.No evasive action taken.Leo notified.",2023-08-08T08:40:00Z,27.9125,-82.6873,800.0,medium
16364,2023-08-08,Fort meade (ODENTON),Maryland,"Prelim information (INFO) from federal aviation administration (FAA) operations (OPS): fort meade, md / unmanned aircraft systems (UAS) sighting/1427e/potomac terminal radar approach control (TRACON) advised, socata tb20, reported a silver unmanned aircraft systems (UAS) from the 11 of the clock position while wnw bound at 1,300 feet vcnty fme.Evasive action taken left of course.Closest proximity 50 feet.Anne arundel county pd notified.",2023-08-08T14:27:00Z,39.0853,-76.7698,1300.0,medium
16365,2023-08-08,New york,New york,"Prelim information (INFO) from federal aviation administration (FAA) operations (OPS): new york, ny / unmanned aircraft systems (UAS) sighting/1840e/new york terminal radar approach control (TRACON) advised, crj9, cae-lga, reported a red and orange unmanned aircraft systems (UAS) while ene bound at 4,000 feet 3 sse lga.No evasive action taken.Nypd aviation notified.",2023-08-08T18:40:00Z,40.7447,-73.8522,4000.0,medium
16366,2023-08-08,Pasco,Washington,"Prelim information (INFO) from federal aviation administration (FAA): pasco, wa / unmanned aircraft systems (UAS) sighting/late report 8-9 1031p/tri cities airport traffic control tower (ATCT) advised, reported a unmanned aircraft systems (UAS) at 50 feet vcnty program support center (PSC). Port of pasco advised unmanned aircraft systems (UAS) observed at intersection of runway 21l and runway 30.Port of pasco pd notified.",2023-08-09T22:31:00Z,46.2647,-119.1191,50.0,medium
16367,2023-08-09,Houston,Texas,"Prelim information (INFO) from federal aviation administration (FAA) operations (OPS): houston, tx / unmanned aircraft systems (UAS) sighting/2006c/houston terminal radar approach control (TRACON) advised, a319, yyz-iah, reported a white unmanned aircraft systems (UAS) while se bound at 8,000 feet 10 se iah.No evasive action taken.Fbi notified.",2023-08-09T20:06:00Z,29.8497,-95.2089,8000.0,medium
16368,2023-08-09,New bedford,Massachusetts,"Prelim information (INFO) from federal aviation administration (FAA) af operations (OPS): new bedford, ma / unmanned aircraft systems (UAS) sighting/1635e/new bedford airport traffic control tower (ATCT) advised, socata tbm7, reported a white unmanned aircraft systems (UAS) while northwest (NW) bound at 900 feet 2 S ewb.No evasive action taken.New bedford pd notified.",2023-08-09T16:35:00Z,41.661389,-70.958611,900.0,medium
16369,2023-08-10,Orlando,Florida,"Prelim information (INFO) from federal aviation administration (FAA) operations (OPS): orlando, flight level (FL) / unmanned aircraft systems (UAS) sighting/1140e/central florida terminal radar approach control (TRACON) advised, a20n, mco-ind, reported a white unmanned aircraft systems (UAS) while se bound at 1,700 feet 12 sse mco.No evasive action reported.Orlando pd notified.",2023-08-10T11:40:00Z,28.3111,-81.2389,1700.0,medium
16370,2023-08-10,Albuquerque,New mexico,"Prelim information (INFO) from federal aviation administration (FAA) af operations (OPS): albuquerque, nautical mile (NM) / unmanned aircraft systems (UAS) sighting/1045m/albuquerque airport traffic control tower (ATCT) advised, b737, abq-lax, reported a brown unmanned aircraft systems (UAS) below aircraft (ACFT) at the 10 of the clock position while E bound at 7,000 feet 14 E abq.No evasive action reported. Nm state pd notified.",2023-08-10T10:45:00Z,35.0844,-106.4056,7000.0,medium
16371,2023-08-10,Albuquerque,New mexico,"Prelim information (INFO) from federal aviation administration (FAA) operations (OPS): albuquerque, nautical mile (NM) / unmanned aircraft systems (UAS) incident/1200m/albuquerque airport traffic control tower (ATCT) advised, beech be9l, abq-abq, reported a gray unmanned aircraft systems (UAS) from the 12 of the clock position while E bound at 6,400 feet 14 E abq. Acft took evasive action and abq changed runway configuration. Nm dps notified.",2023-08-10T12:00:00Z,35.0844,-106.4092,6400.0,medium
16372,2023-08-10,Milwaukee,Wisconsin,"Prelim information (INFO) from federal aviation administration (FAA) operations (OPS): milwaukee, wi / unmanned aircraft systems (UAS) sighting/1628c/milwaukee airport traffic control tower (ATCT) advised, b738, mci-mke, reported gray unmanned aircraft systems (UAS) at the 9 of the clock position at same altitude while ene bound at 1,200 feet 2 wsw mke.No evasive action reported.Milwaukee county sheriff notified.",2023-08-10T16:28:00Z,42.9378,-88.0506,1200.0,medium
16373,2023-08-10,Buffalo,New york,"Prelim information (INFO) from federal aviation administration (FAA) af operations (OPS): buffalo, ny / unmanned aircraft systems (UAS) sighting/1852e/buffalo airport traffic control tower (ATCT) advised, bombardier cl60, reported a white unmanned aircraft systems (UAS) from the 9 of the clock position while northwest (NW) bound at 2,000 feet 4 S buf.No evasive action reported.Leo notification not reported.",2023-08-10T00:00:00Z,42.8805,-78.8872,2000.0,medium
16374,2023-08-11,Guthrie,Oklahoma,"Prelim information (INFO) from federal aviation administration (FAA) operations (OPS): guthrie, ok / unmanned aircraft systems (UAS) sighting/0851c/oklahoma city approach (APCH) advised, beech be30, reported unmanned aircraft systems (UAS) while sse bound at 1,500 feet 2 N gok.No evasive action taken.Guthrie pd notified.",2023-08-11T08:51:00Z,35.8611,-97.4128,1500.0,medium
16375,2023-08-12,West palm beach,Florida,"Prelim information (INFO) from federal aviation administration (FAA) operations (OPS): west palm beach, flight level (FL) / unmanned aircraft systems (UAS) sighting/1059e/palm beach approach (APCH) advised, a320, hpn-pbi, reported a white unmanned aircraft systems (UAS) from the 9 of the clock position while E bound at 1,300 feet 4 W pbi.No evasive action taken.Palm beach county sheriff notified.",2023-08-12T10:59:00Z,26.6832,-80.1553,1300.0,medium
16376,2023-08-12,Seattle,Washington,"Prelim information (INFO) from federal aviation administration (FAA) af operations (OPS): seattle, wa / unmanned aircraft systems (UAS) sighting/1055p/seattle airport traffic control tower (ATCT) advised, e75l, gpi-sea, reported a unmanned aircraft systems (UAS) while 5 east of seattle at 10,000 feet.No evasive action reported.No leos were notified.",2023-08-12T22:55:00Z,47.4489,-122.2544,10000.0,medium
16377,2023-08-12,Los alamitos,California,"Prelim information (INFO) from federal aviation administration (FAA) operations (OPS): los alamitos, ca / unmanned aircraft systems (UAS) sighting/1110p/socal terminal radar approach control (TRACON) advised, piper p28a, [departure]-[arrival], observed a unmanned aircraft systems (UAS) while southeast bound at 2,800 feet, 4 no earlier (NE) los alamitos.No evasive action reported.Orange county sheriff notified.",2023-08-12T23:10:00Z,33.7667,-118.0333,2800.0,medium
16378,2023-08-12,Morristown,New jersey,"Prelim information (INFO) from federal aviation administration (FAA) af operations (OPS): morristown, nj / unmanned aircraft systems (UAS) sighting/1718e/morristown airport traffic control tower (ATCT) advised, beech be20, observed a unmanned aircraft systems (UAS) while southwest bound at 900 feet, 1. 5 no earlier (NE) morristown.No evasive action reported.No leo notification provided.",2023-08-12T17:18:00Z,40.7967,-74.4292,900.0,medium
16379,2023-08-12,St louis,Missouri,"Prelim information (INFO) from federal aviation administration (FAA) operations (OPS): st louis, mo / unmanned aircraft systems (UAS) sighting/1710c/st louis airport traffic control tower (ATCT) advised, e75s, toronto, canada (CYYZ)-stl, reported 2 unmanned aircraft systems (UAS) above aircraft (ACFT) while nne bound at 2,000 feet 16.7 sse sus.No evasive action taken.Airport pd notified.",2023-08-12T17:10:00Z,38.4833,-90.2,2000.0,medium
16380,2023-08-12,Oakland,California,"Prelim information (INFO) from federal aviation administration (FAA) af operations (OPS): oakland, ca / unmanned aircraft systems (UAS) sighting/1700p/, rv7, reported a black unauthorized unmanned aircraft systems (UAS) operating at 1,000 feet 1 no earlier (NE) oak.No evasive action taken.No leo notification reported.",2023-08-12T17:00:00Z,37.721389,-122.220833,1000.0,medium
16381,2023-08-12,Van nuys,California,"Prelim information (INFO) from federal aviation administration (FAA) af operations (OPS): van nuys, conflict alert (CA) / unmanned aircraft systems (UAS) sighting/1924p/socal terminal radar approach control (TRACON) advised, piper p28a, sbp-murrieta, conflict alert (CA) (f70), reported a black unmanned aircraft systems (UAS) from the 12 of the clock position while E bound at 5,500 feet 4 W vny.No evasive action reported.La pd notified.",2023-08-12T19:24:00Z,34.2199,-118.5214,5500.0,medium
16382,2023-08-13,Fort lauderdale,Florida,"Prelim information (INFO) from federal aviation administration (FAA) operations (OPS): fort lauderdale, flight level (FL) / unmanned aircraft systems (UAS) sighting/1203e/miami approach (APCH) advised, a320, buf-fll, reported a silver quad-copter unmanned aircraft systems (UAS) 500 feet off the right side while W bound at 6,500 feet 5 no earlier (NE) fll.No evasive action taken.Broward county sheriff notified.",2023-08-13T12:03:00Z,26.1224,-80.2707,6500.0,medium
16383,2023-08-13,Pensacola,Florida,"Prelim information (INFO) from federal aviation administration (FAA) af operations (OPS): pensacola, flight level (FL) / unmanned aircraft systems (UAS) sighting/1250c/pensacola terminal radar approach control facility (TRACON) advised, crj9, pns-clt, reported a black unmanned aircraft systems (UAS) 50 feet from the aircraft (ACFT) while eastbound at 5,800 feet 7 sse pns.No evasive action taken.Escambia county sheriff's office notified.",2023-08-13T12:50:00Z,30.3333,-87.2667,5800.0,medium
16384,2023-08-13,Teterboro,New jersey,"Prelim information (INFO) from federal aviation administration (FAA) operations (OPS): teterboro, nj / unmanned aircraft systems (UAS) sighting/1825e/teb airport traffic control tower (ATCT) advised, bombardier cl30, ase-teb, reported unmanned aircraft systems (UAS) 20 feet below left wing while wsw bound at 1,300 feet 3 ene teb.No evasive action reported. Arpt operations (OPS) notified.",2023-08-13T18:25:00Z,40.8675,-74.0375,1300.0,medium
16385,2023-08-13,Chicago,Illinois,"Prelim information (INFO) from federal aviation administration (FAA) operations (OPS): chicago, il / unmanned aircraft systems (UAS) sighting/1800c/chicago terminal radar approach control (TRACON) advised, b738, phl-mdw, reported a unmanned aircraft systems (UAS) from the 3 of the clock position while northwest (NW) bound at 4,000 feet 16 sse mdw.No evasive action taken.Fbi notified.",2023-08-13T18:00:00Z,41.6667,-87.6667,4000.0,medium
16386,2023-08-13,Boston,Massachusetts,"Prelim information (INFO) from federal aviation administration (FAA) af operations (OPS): boston, ma / unmanned aircraft systems (UAS) sighting/1938e/boston terminal radar approach control (TRACON) advised, b738, cancun, mexico (MMUN)-bos, reported a unmanned aircraft systems (UAS) from the 9 of the clock position while sw bound at 3,000 feet 5 no earlier (NE) bos.No evasive action reported.Ma state pd notified.",2023-08-13T19:38:00Z,42.3398,-71.0892,3000.0,medium
16387,2023-08-13,Buffalo,New york,"Prelim information (INFO) from federal aviation administration (FAA) operations (OPS): buffalo, ny / unmanned aircraft systems (UAS) sighting/2016e/cleveland air route traffic control center (ARTCC) advised, crj7, buf-ewr, reported unmanned aircraft systems (UAS) 500 feet below aircraft (ACFT) at the 12 of the clock position while E bound at 16,000 feet 19 ene buf.No evasive action reported.Genessee county sheriff notified.",2023-08-13T00:00:00Z,42.9406,-78.3647,16000.0,medium
16388,2023-08-13,Everett,Washington,"Prelim information (INFO) from federal aviation administration (FAA) operations (OPS): everett, wa / unmanned aircraft systems (UAS) sighting/1730p/paine field airport traffic control tower (ATCT) advised, american aa1, reported bright green unmanned aircraft systems (UAS) while wnw bound at 2,800 feet 9 N pae.No evasive action reported.Snohomish county dispatch notified.",2023-08-13T17:30:00Z,47.9795,-122.3815,2800.0,medium
16389,2023-08-14,Washington,District of columbia,"Prelim information (INFO) from federal aviation administration (FAA) operations (OPS): washington, dc / unmanned aircraft systems (UAS) incident/1029e/dca advised, b737, atl-dca, reported a white unmanned aircraft systems (UAS) while southbound at 5,000 feet 11 northwest (NW) of dca at 4,500 feet.No evasive action taken.Fairfax pd notified.",2023-08-14T10:29:00Z,38.9511,-77.1464,4500.0,medium
16390,2023-08-14,Van nuys,California,"Prelim information (INFO) from federal aviation administration (FAA) operations (OPS): van nuys, conflict alert (CA) / unmanned aircraft systems (UAS) sighting/1335p/van nuys airport traffic control tower (ATCT) advised, cessna c414, reported a white unmanned aircraft systems (UAS) over the flood basing while sse bound at 1,400 feet.5 sw vny.No evasive action taken.Los angeles county pd notified.",2023-08-14T13:35:00Z,34.1733,-118.5089,1400.0,medium
16391,2023-08-14,Newark,New jersey,"Prelim information (INFO) from federal aviation administration (FAA) operations (OPS): newark, nj / unmanned aircraft systems (UAS) sighting/1652e/newark airport traffic control tower (ATCT) advised, crj7, dca-ewr, reported a unmanned aircraft systems (UAS) from the 12 of the clock position while sw bound at 7,000 feet 2.5 N ewr.No evasive action taken.Local leos notified.",2023-08-14T16:52:00Z,40.7178,-74.1745,7000.0,medium
16392,2023-08-14,Fresno,California,"Prelim information (INFO) from federal aviation administration (FAA) operations (OPS): fresno, conflict alert (CA) / unmanned aircraft systems (UAS) sighting/1430p/fresno airport traffic control tower (ATCT) advised, e75l, sfo-fat, reported a black unmanned aircraft systems (UAS) from the 3 of the clock position while wnw bound at 1,000 feet 1.5 ese fat.No evasive action taken.Leo notification not reported.",2023-08-14T21:30:00Z,36.7589,-119.7033,1000.0,medium
16393,2023-08-15,Renton,Washington,"Prelim information (INFO) from federal aviation administration (FAA) operations (OPS): renton, wa / unmanned aircraft systems (UAS) sighting/1040p/renton airport traffic control tower (ATCT) advised, cessna 172, reported a black unmanned aircraft systems (UAS) from three of clock position while northwest bound at 1,000 feet 4.6 sse rnt.No evasive action taken.Kent pd notified.",2023-08-15T22:40:00Z,47.4465,-122.2165,1000.0,medium
16394,2023-08-15,New york,New york,"Prelim information (INFO) from federal aviation administration (FAA) operations (OPS): new york, ny / unmanned aircraft systems (UAS) sighting/late report-1114e/new york terminal radar approach control (TRACON) advised, e190, jfk-regional operations center (ROC), reported a black unmanned aircraft systems (UAS) at same altitude while S bound at 5,000 feet 2 S jfk.No evasive action taken.Nypd aviation unit notified.",2023-08-15T11:14:00Z,40.6077,-73.7788,5000.0,medium
16395,2023-08-15,Chicago,Illinois,"Prelim information (INFO) from federal aviation administration (FAA) operations (OPS): chicago, il / unmanned aircraft systems (UAS) sighting/1622c/chicago terminal radar approach control (TRACON) advised, cessna c208, yip-ith, reported a unmanned aircraft systems (UAS) from the 10 of the clock position while E bound at 4,000 feet 22 northwest (NW) chicago heights vor collocated with tacan (VORTAC) (CGT).No evasive action taken.Fbi notified.",2023-08-15T16:22:00Z,41.8389,-88.2528,4000.0,medium
16396,2023-08-15,Houston,Texas,"Prelim information (INFO) from federal aviation administration (FAA) operations (OPS): houston, tx / unmanned aircraft systems (UAS) sighting/2047c/iah airport traffic control tower (ATCT) advised, a20n, den-iah, reported a unmanned aircraft systems (UAS) from the 12 of the clock position while E bound at 100 feet on final iah.No evasive action taken.Houston pd notified.",2023-08-15T20:47:00Z,29.9902,-95.3368,100.0,medium
16397,2023-08-17,San antonio,Texas,"Prelim information (INFO) from federal aviation administration (FAA) operations (OPS): san antonio, tx / unmanned aircraft systems (UAS) sighting/1319c/san antonio airport traffic control tower (ATCT) advised, piper p28a, sat-sat, reported a unmanned aircraft systems (UAS) 1,500 feet below aircraft (ACFT) while no earlier (NE) bound at 2,500 feet 3 wnw skf.No evasive action taken.No leo notification reported.",2023-08-17T13:19:00Z,29.3944,-98.5247,1000.0,medium
16398,2023-08-17,Chicago,Illinois,"Prelim information (INFO) from federal aviation administration (FAA) operations (OPS): chicago, il / unmanned aircraft systems (UAS) sighting/1450c/midway airport traffic control tower (ATCT) advised, cessna c25b, ind-mdw, reported a silver unmanned aircraft systems (UAS) from the 12 of the clock position while northwest (NW) bound at 2,000 feet 4 nne mdw.No evasive action reported.Fbi notified.",2023-08-17T14:50:00Z,41.8333,-87.7333,2000.0,medium
16399,2023-08-17,Las vegas,Nevada,"Prelim information (INFO) from federal aviation administration (FAA) operations (OPS): las vegas, nv / unmanned aircraft systems (UAS) sighting/2001p/las vegas airport traffic control tower (ATCT) advised, robinson r44, reported a unmanned aircraft systems (UAS) from 500 feet below aircraft (ACFT) while N bound at 3,000 feet 2 N las.No evasive action taken.Leo notification # not provided.",2023-08-17T00:00:00Z,36.08,-115.1522,2500.0,medium
16400,2023-08-18,Richmond,Virginia,"Prelim information (INFO) from federal aviation administration (FAA) operations (OPS): richmond, va / unmanned aircraft systems (UAS) sighting/1020e/potomac terminal radar approach control (TRACON) advised, lancair col3, reported a unmanned aircraft systems (UAS) from the 12 of the clock position while N bound at 7,500 feet 8 W ric.No evasive action taken.Henrico county pd notified.",2023-08-18T10:20:00Z,37.5013,-77.5369,7500.0,medium
16401,2023-08-18,New york,New york,"Prelim information (INFO) from federal aviation administration (FAA) af operations (OPS): new york, ny / unmanned aircraft systems (UAS) sighting/late report-1318e/new york artcc advised, a333, dublin, ireland (EIDW)-jfk, reported a unmanned aircraft systems (UAS) while sw bound at 3,500 feet 14 no earlier (NE) jfk.No evasive action reported.Nassau county pd notified.",2023-08-18T13:18:00Z,40.6635,-73.8491,3500.0,medium
16402,2023-08-18,New york,New york,"Prelim information (INFO) from federal aviation administration (FAA) operations (OPS): new york, ny / unmanned aircraft systems (UAS) sighting/late report-1355e/new york terminal radar approach control (TRACON) advised, e545, bwi-fok, reported a unmanned aircraft systems (UAS) from the 12 of the clock position while nne bound at 15,500 feet 47 S jfk.No evasive action taken.Leo notification not reported.",2023-08-18T13:55:00Z,40.2833,-73.3333,15500.0,medium
16403,2023-08-18,Napa,California,"Prelim information (INFO) from federal aviation administration (FAA) operations (OPS): napa, conflict alert (CA) / unmanned aircraft systems (UAS) sighting/1140p/napa fct advised, pilatus pc12, reported a unmanned aircraft systems (UAS) from the 11 of the clock position while N bound at 500 feet 3 S apc.No evasive action taken.Napa county sheriff notified.",2023-08-18T23:40:00Z,38.1833,-122.28,500.0,medium
16404,2023-08-19,Savannah,Georgia,"Prelim information (INFO) from federal aviation administration (FAA) operations (OPS): savannah, general aviation (GA) / unmanned aircraft systems (UAS) sighting/1345e/savannah airport traffic control tower (ATCT) advised, piper p28a, reported a unmanned aircraft systems (UAS) from the 12 of the clock position while E bound at 800 feet 2 W sav.No evasive action taken.Chatham police notified.",2023-08-19T13:45:00Z,32.1087,-81.2407,800.0,medium
16405,2023-08-19,Columbus,Ohio,"Prelim information (INFO) from federal aviation administration (FAA) operations (OPS): columbus, oh / unmanned aircraft systems (UAS) sighting/1350e/columbus airport traffic control tower (ATCT) advised, helo, reported unmanned aircraft systems (UAS) while W bound at 200 feet vcnty columbus.No evasive action reported.Columbus pd notified.",2023-08-19T13:50:00Z,39.978,-82.8918,200.0,medium
16406,2023-08-19,Oklahoma city,Oklahoma,"Prelim information (INFO) from federal aviation administration (FAA) operations (OPS): oklahoma city, ok / unmanned aircraft systems (UAS) sighting/1335c/okalhoma city terminal radar approach control (TRACON) advised, cessna c414, reported a black quadcopter unmanned aircraft systems (UAS) from the left side while N bound at 7,300 feet 5 N tik.No evasive action taken.Okc pd notified.",2023-08-19T13:35:00Z,35.4594,-97.5164,7300.0,medium
16407,2023-08-19,Chicago,Illinois,"Prelim information (INFO) from federal aviation administration (FAA) af operations (OPS): chicago, il / unmanned aircraft systems (UAS) sighting/1630c/chicago terminal radar approach control (TRACON) advised, crj7, ict-ord, reported a white unmanned aircraft systems (UAS) from the 12 of the clock position while E bound at 5,000 feet 15 ese ord.No evasive action taken.Fbi notified.",2023-08-19T16:30:00Z,41.7147,-87.5281,5000.0,medium
16408,2023-08-20,Prescott,Arizona,"Prelim information (INFO) from federal aviation administration (FAA) operations (OPS): prescott, az / unmanned aircraft systems (UAS) sighting/0819m/prescot airport traffic control tower (ATCT) advised, cessna c172, reported a small black and white drone at the 12 of the clock position while sw bound at 5,800 feet 2 nne prescot vor collocated with tacan (VORTAC) (PRC).No evasive action taken.Yavapai county sheriff notified.",2023-08-19T00:00:00Z,34.7083,-112.4183,5800.0,medium
16409,2023-08-20,Newark,New jersey,"Prelim information (INFO) from federal aviation administration (FAA) operations (OPS): newark, nj / unmanned aircraft systems (UAS) sighting/1505e/newark airport traffic control tower (ATCT) advised, a21n, lisbon, portugal (LPPT)-ewr, reported a unmanned aircraft systems (UAS) while sw bound at 500 feet 2 N ewr.No evasive action taken. Arpt operations notified.",2023-08-20T15:05:00Z,40.7128,-74.1766,500.0,medium
16410,2023-08-21,Atlanta,Georgia,"Prelim information (INFO) from federal aviation administration (FAA) af operations (OPS): atlanta, general aviation (GA) / unmanned aircraft systems (UAS) sighting/0730e/a80 advised, a320, alb-atl,, a320, reported a unmanned aircraft systems (UAS) from the 3 of the clock position while E bound at 1,500 feet vcnty atlanta, general aviation (GA). no evasive action taken.Fulton county police department notified.",2023-08-21T07:30:00Z,33.6367,-84.4281,1500.0,medium
16411,2023-08-21,Milwaukee,Wisconsin,"Prelim information (INFO) from federal aviation administration (FAA) operations (OPS): milwaukee, wi / unmanned aircraft systems (UAS) sighting/1220c/milwaukee airport traffic control tower (ATCT) advised, b737, stl-mke, reported a white unmanned aircraft systems (UAS) from the 3 of the clock position while N bound at 1,400 feet 4 se mke.No evasive action reported.Milwaukee county sheriff notified.",2023-08-21T12:20:00Z,42.9047,-87.8649,1400.0,medium
16412,2023-08-21,Santa rosa,California,"Prelim information (INFO) from federal aviation administration (FAA) operations (OPS): santa rosa, ca / unmanned aircraft systems (UAS) sighting/1210p/santa rosa airport traffic control tower (ATCT) advised, airbus ec45, reported a unmanned aircraft systems (UAS) at 12 of the clock position while performing practice run to runway 32 at 180 feet vcnty santa rosa.No evasive action reported.Sonoma county sheriff notified.",2023-08-21T19:10:00Z,38.5091,-122.8129,180.0,medium
16413,2023-08-21,New york,New york,"Prelim information (INFO) from federal aviation administration (FAA) operations (OPS): new york, ny / unmanned aircraft systems (UAS) sighting/2110e/la guardia airport traffic control tower (ATCT) advised, h60, reported a unmanned aircraft systems (UAS) while no earlier (NE) bound at 600 feet near yankee stadium 3.5 nnw lga.No evasive action taken.New york pd aviation unit notified.",2023-08-21T00:00:00Z,40.8291,-73.9265,600.0,medium
16414,2023-08-21,Reno,Nevada,"Prelim information (INFO) from federal aviation administration (FAA) af operations (OPS): reno, nv / unmanned aircraft systems (UAS) sighting/2006p/airport operations reported a possible unmanned aircraft systems (UAS) sighting 30 meters northwest (NW) of position on ramp at rno.rno airport traffic control tower (ATCT) did not observe unmanned aircraft systems (UAS).",2023-08-21T00:00:00Z,39.5062,-119.7781,4415.0,medium
16415,2023-08-22,New york,New york,"Prelim information (INFO) from federal aviation administration (FAA) operations (OPS): new york, ny / unmanned aircraft systems (UAS) sighting/0758e/jf kennedy airport traffic control tower (ATCT) advised, a321, sfo-jfk, reported a unmanned aircraft systems (UAS) from the 12 of the clock position while no earlier (NE) bound at 2,000 feet 9 wsw jfk.No evasive action reported.Port authority operations center notified.",2023-08-22T07:58:00Z,40.5833,-73.9667,2000.0,medium
16416,2023-08-22,Houston,Texas,"Prelim information (INFO) from federal aviation administration (FAA) af operations (OPS): houston, tx / unmanned aircraft systems (UAS) sighting/1538c/houston terminal radar approach control (TRACON) advised, b737, msy-hou, reported a small unmanned aircraft systems (UAS) from the 3 of the clock position while no earlier (NE) bound at 3,000 feet 13 northwest (NW) hou.No evasive action reported.Leo notification not reported.",2023-08-22T15:38:00Z,29.9833,-95.5667,3000.0,medium
16417,2023-08-22,Camarillo,California,"Prelim information (INFO) from federal aviation administration (FAA) af operations (OPS): camarillo, conflict alert (CA) / unmanned aircraft systems (UAS) sighting/1505p/camarillo airport traffic control tower (ATCT) advised, cessna c150, reported a unmanned aircraft systems (UAS) from the 9 of the clock position while W bound at 700 feet 2 ene cma.No evasive action taken.Ventura county sheriff notified.",2023-08-22T15:05:00Z,34.2258,-119.0676,700.0,medium
16418,2023-08-22,Greenville,South carolina,"Prelim information (INFO) from federal aviation administration (FAA) operations (OPS): greenville, sc / unmanned aircraft systems (UAS) sighting/2010e/donaldson fct advised, uh72, reported a unmanned aircraft systems (UAS) 200 feet from aircraft (ACFT) while W bound at 1,600 feet 2 W gyh.No evasive action taken.Leo notification not reported.",2023-08-22T20:10:00Z,34.7548,-82.4033,1600.0,medium
16419,2023-08-23,Nantucket,Massachusetts,"Prelim information (INFO) from federal aviation administration (FAA) operations (OPS): nantucket, ma / unmanned aircraft systems (UAS) sighting/1120e/nantucket airport traffic control tower (ATCT) advised, e170, dca-ack, reported white quadcopter unmanned aircraft systems (UAS) off left side while ene bound at 4oo feet 2 wsw ack.No evasive action taken.Nantucket pd notified.",2023-08-23T11:20:00Z,41.2453,-70.0759,400.0,medium
16420,2023-08-23,Prescott,Arizona,"Prelim information (INFO) from federal aviation administration (FAA) operations (OPS): prescott, az / unmanned aircraft systems (UAS) sighting/1018m/prescott airport traffic control tower (ATCT) advised, cessna c172, reported a unmanned aircraft systems (UAS) from the 3 of the clock position while ssw bound at 6,000 feet 1.5 no earlier (NE) prc.No evasive action reported.Leo notification not reported.",2023-08-23T10:18:00Z,34.6518,-112.4185,6000.0,medium
16421,2023-08-24,White plains,New york,"Prelim information (INFO) from federal aviation administration (FAA) operations (OPS): white plains, ny / unmanned aircraft systems (UAS) sighting/1145e/westchester airport traffic control tower (ATCT) advised, crj7, ord-hpn, reported a unmanned aircraft systems (UAS) from the 2 of the clock position while sse bound at 800 feet.5 sse hpn.No evasive action reported.Leo notification not reported.",2023-08-24T11:45:00Z,41.0336,-73.7624,800.0,medium
16422,2023-08-24,Vero beach,Florida,"Correction information (INFO) (event type) from federal aviation administration (FAA) af operations (OPS): vero beach, flight level (FL) / unmanned aircraft systems (UAS) sighting/late report 8-24 1726e/vero beach airport traffic control tower (ATCT) advised, e190, vrb-hpn, reported striking an unkn, possible unmanned aircraft systems (UAS) object, while E bound at 500 feet 1 se vrb.Damage: left engine cowling.Injuries: not reported.Leo not notified.",2023-08-24T17:26:00Z,27.6506,-80.4114,500.0,medium
16423,2023-08-25,Orlando,Florida,"Prelim information (INFO) from federal aviation administration (FAA) operations (OPS): orlando, flight level (FL) / unmanned aircraft systems (UAS) sighting/0702e/jacksonville air route traffic control center (ARTCC) advised, b38m, mco-den, reported a white quadcopter unmanned aircraft systems (UAS) from the 3 of the clock position while W bound at fl190 30 W mco.No evasive action taken.Orange county sheriff notified.",2023-08-25T07:02:00Z,28.4311,-81.7928,19000.0,medium
16424,2023-08-25,Herndon,Virginia,"Prelim information (INFO) from federal aviation administration (FAA) operations (OPS): herndon, va / unmanned aircraft systems (UAS) sighting/1324e/potomac terminal radar approach control (TRACON) advised, beech be33, reported black unmanned aircraft systems (UAS) at 12 of the clock position while S bound at 300 feet 6 N herndon.No evasive action reported.Fairfax county pd notified.",2023-08-25T13:24:00Z,39.0181,-77.3644,300.0,medium
16425,2023-08-25,College station,Texas,"Prelim information (INFO) from federal aviation administration (FAA) af operations (OPS): college station, tx / unmanned aircraft systems (UAS) sighting/1545c/houston terminal radar approach control facility (TRACON) advised, cessna c68a, dal-sgr, reported a black unmanned aircraft systems (UAS) off left side while N bound at 4,200 feet 11 W college station.No evasive action reported.Burleson county sheriff notified.",2023-08-25T15:45:00Z,30.5888,-96.5636,4200.0,medium
16426,2023-08-25,Portland,Oregon,"Prelim information (INFO) from federal aviation administration (FAA) operations (OPS): portland, or / unmanned aircraft systems (UAS) incident/1650p/portland terminal radar approach control (TRACON) advised, cessna c172, hio-hio, reported a large yas from the 12 of the clock position while eastbound at 3,500 feet 12 ssw hio. Acft deviated to avoid unmanned aircraft systems (UAS).Yamill county emergency services notified.",2023-08-25T16:50:00Z,45.3833,-123.0833,3500.0,medium
16427,2023-08-26,Baltimore,Maryland,"Prelim information (INFO) from federal aviation administration (FAA) operations (OPS): baltimore, md / unmanned aircraft systems (UAS) sighting/1039e/potomac terminal radar approach control (TRACON) advised, a320, bwi-mia, reported a grey unmanned aircraft systems (UAS) at the 3 of the clock position while W bound at 2,300 feet 4 W baltimore.No evasive action reported.Anne arundel county pd notified.",2023-08-26T10:39:00Z,39.2584,-76.7882,2300.0,medium
16428,2023-08-26,Piã ‘ on,New mexico,"Prelim information (INFO) from federal aviation administration (FAA) operations (OPS): piã ‘ on, nautical mile (NM) / unmanned aircraft systems (UAS) sighting/1142m/albuquerque air route traffic control center (ARTCC) advised, beech be20, reported a white unmanned aircraft systems (UAS) at the 12 of the clock position 100 feet below aircraft (ACFT) while N bound at 13,000 feet 15 N pinon.No evasive action reported.No leo notification reported.",2023-08-26T11:42:00Z,32.7167,-105.3333,13000.0,medium
16429,2023-08-26,Sacramento,California,"Prelim information (INFO) from federal aviation administration (FAA) operations (OPS): sacramento, ca / unmanned aircraft systems (UAS) sighting/1055p/sacramento airport traffic control tower (ATCT) advised, b737, smf-geg, reported a unmanned aircraft systems (UAS) at the 12 of the clock position while departing runway (RWY) 17l W bound at 3,000 feet 1 W sacramento.Sacramento county sheriff notified.",2023-08-26T22:55:00Z,38.6956,-121.6061,3000.0,medium
16430,2023-08-26,Charlotte,North carolina,"Prelim information (INFO) from federal aviation administration (FAA) operations (OPS): charlotte, nc / unmanned aircraft systems (UAS) sighting/1352e/charlotte airport traffic control tower (ATCT) advised, e170, mvy-clt, reported a unmanned aircraft systems (UAS) from the 3 of the clock position while N bound at 1,000 feet 2 S clt.No evasive action taken. Charlotte airport (ARPT) pd notified.",2023-08-26T13:52:00Z,35.1975,-80.9431,1000.0,medium
16431,2023-08-26,Houston,Texas,"Prelim information (INFO) from federal aviation administration (FAA) operations (OPS): houston, tx / unmanned aircraft systems (UAS) sighting/1808c/houston terminal radar approach control facility (TRACON) advised, e145, xna-iah, reported a silver unmanned aircraft systems (UAS) from the 9 of the clock position while se bound at 6,000 feet 15 W iah.No evasive action taken. Houston pd air unit notified.",2023-08-26T18:08:00Z,29.9902,-95.5602,6000.0,medium
16432,2023-08-27,New york,New york,"Prelim information (INFO) from federal aviation administration (FAA) operations (OPS): new york, ny / unmanned aircraft systems (UAS) sighting/1205e/jfk airport traffic control tower (ATCT) advised, a321, mco-jfk, reported a black unmanned aircraft systems (UAS) while no earlier (NE) bound at 500 feet 1 sw jfk.No evasive action taken.Port authority notified.",2023-08-27T12:05:00Z,40.6299,-73.7901,500.0,medium
16433,2023-08-27,Washington,District of columbia,"Prelim information (INFO) from federal aviation administration (FAA) operations (OPS): washington, dc / unmanned aircraft systems (UAS) sighting/1406e/potomac terminal radar approach control (TRACON) advised, a319, bos-dca, reported a unmanned aircraft systems (UAS) from the 12 of the clock position while S bound at 4,000 feet 6 sse dca.No evasive action taken.Prince george county pd notified.",2023-08-27T14:06:00Z,38.7833,-76.9667,4000.0,medium
16434,2023-08-27,Salt lake city,Utah,"Prelim information (INFO) from federal aviation administration (FAA) operations (OPS): salt lake city, ut / unmanned aircraft systems (UAS) sighting/1235m/salt lake city airport traffic control tower (ATCT) advised, a339, paris, france (LFPG)-slc, reported a silver unmanned aircraft systems (UAS) from the 3 of the clock position while S bound at 6,200 feet 3 nnw wasatch very high frequency omnidirectional range (VOR).No evasive action reported. Slc airport (ARPT) pd notified.",2023-08-27T12:35:00Z,40.8333,-111.9667,6200.0,medium
16435,2023-08-27,Columbus,Ohio,"Prelim information (INFO) from federal aviation administration (FAA) operations (OPS): columbus, oh / unmanned aircraft systems (UAS) sighting/1555e/columbus airport traffic control tower (ATCT) advised, piper p28a, chicago-schaumburg, il (06c)-tzr, reported a unmanned aircraft systems (UAS) while no earlier (NE) bound at 1,300 feet 2 sw tzr.No evasive action taken.Leo notification not reported.",2023-08-27T15:55:00Z,39.8975,-83.1544,1300.0,medium
16436,2023-08-27,Teterboro,New jersey,"Prelim information (INFO) from federal aviation administration (FAA) af operations (OPS): teterboro, nj / unmanned aircraft systems (UAS) sighting/1614e/teterboro airport traffic control tower (ATCT) advised, cessna c68a, aviation logistics organization (ALO)-teb, reported a unmanned aircraft systems (UAS) from the 3 of the clock position while ene bound at 2,000 feet 10 wnw teb.No evasive action taken.Port authority pd notified.",2023-08-27T16:14:00Z,40.9167,-74.1833,2000.0,medium
16437,2023-08-27,Garland,Texas,"Prelim information (INFO) from federal aviation administration (FAA) operations (OPS): garland, tx / unmanned aircraft systems (UAS) sighting/late report-8/27 1702c/dallas-fort worth terminal radar approach control (TRACON) advised, cirrus sr22, automatic dependent surveillance (ADS)-regulation (REG), reported a black unmanned aircraft systems (UAS) from the left side while ese bound at 5,000 feet vcnty garland, tx.No evasive action taken.Garland pd notified.",2023-08-27T17:02:00Z,32.912624,-96.638889,5000.0,medium
16438,2023-08-27,New york,New york,"Prelim information (INFO) from federal aviation administration (FAA) operations (OPS): new york, ny / unmanned aircraft systems (UAS) sighting/1830e/jf kennedy airport traffic control tower (ATCT) advised, e75s, dca-jfk, reported a light grey quadcopter unmanned aircraft systems (UAS) from the 1 of the clock position while no earlier (NE) bound at 2,800 feet 10 ssw jfk.No evasive action taken. Jfk airport (ARPT) pd notified.",2023-08-27T18:30:00Z,40.5731,-73.878,2800.0,medium
16439,2023-08-27,St louis,Missouri,"Prelim information (INFO) from federal aviation administration (FAA) af operations (OPS): st louis, mo / unmanned aircraft systems (UAS) sighting/1830c/st louis airport traffic control tower (ATCT) advised, b739, sea-stl, reported a white unmanned aircraft systems (UAS) from the right side while wnw bound at 2,000 feet 4 se stl.No evasive action taken. Stl airport (ARPT) pd notified.",2023-08-27T18:30:00Z,38.627,-90.363,2000.0,medium
16440,2023-08-28,Fort collins/loveland,Colorado,"Prelim information (INFO) from federal aviation administration (FAA) operations (OPS): fort collins / loveland, co / unmanned aircraft systems (UAS) sighting/1111m/denver terminal radar approach control facility (TRACON) advised, beech be33, bjc-schnecksville, public address (PA) (3pa3), reported a unmanned aircraft systems (UAS) from the 3 of the clock position while se bound at 9,400 feet 15 northwest (NW) fnl.No evasive action taken.Leo notification not reported.",2023-08-28T00:00:00Z,40.5181,-105.2458,9400.0,medium
16441,2023-08-28,Houston,Texas,"Prelim information (INFO) from federal aviation administration (FAA) operations (OPS): houston, tx / unmanned aircraft systems (UAS) sighting/1640c/houston terminal radar approach control (TRACON) advised, a359, iah-paris, france (LFPG), reported a black unmanned aircraft systems (UAS) from the 2 of the clock position while nne bound at 3,000 feet 5 nne iah.No evasive action reported.Fbi notified.",2023-08-28T16:40:00Z,30.0833,-95.3333,3000.0,medium
16442,2023-08-28,Houston,Texas,"Prelim information (INFO) from federal aviation administration (FAA) af operations (OPS): houston, tx / unmanned aircraft systems (UAS) sighting/late report-1145c/houston terminal radar approach control (TRACON) advised, a319, iah-lga, reported a black unmanned aircraft systems (UAS) from the 3 of the clock position while nnw bound at 3,800 feet 5 N iah.No evasive action reported.Fbi notified.",2023-08-28T11:45:00Z,30.0647,-95.2789,3800.0,medium
16443,2023-08-29,Santa ana,California,"Prelim information (INFO) from federal aviation administration (FAA) operations (OPS): santa ana, ca / unmanned aircraft systems (UAS) sighting/1125p/john wayne airport traffic control tower (ATCT) advised, cirrus sr22, reported a black unmanned aircraft systems (UAS) over airport (ARPT) terminal while E bound at 1,300 feet.5 E sna.No evasive action taken.Leo notification not reported.",2023-08-29T23:25:00Z,33.6761,-117.7375,1300.0,medium
16444,2023-08-29,Buffalo,New york,"Prelim information (INFO) from federal aviation administration (FAA) operations (OPS): buffalo, ny / unmanned aircraft systems (UAS) sighting/2227e/buffalo airport traffic control tower (ATCT) advised, e75s, lga-buf, reported a unmanned aircraft systems (UAS) from the 11 of the clock position while W bound at 2,000 feet 4 W buf.No evasive action reported.Erie county sheriff notified.",2023-08-29T22:27:00Z,42.9407,-78.8028,2000.0,medium
16445,2023-08-29,Los angeles,California,"Prelim information (INFO) from federal aviation administration (FAA) operations (OPS): los angeles, ca / unmanned aircraft systems (UAS) sighting/2005p/los angeles airport traffic control tower (ATCT) advised, crj7, ase-lax, reported a unmanned aircraft systems (UAS) from the 9 of the clock position while wsw bound at 1,200 feet 6 ene lax.No evasive action taken.La county sheriff notified.",2023-08-29T20:05:00Z,33.9816,-118.3267,1200.0,medium
16446,2023-08-30,New york,New york,"Prelim information (INFO) from federal aviation administration (FAA) operations (OPS): new york, ny / unmanned aircraft systems (UAS) sighting/1325e/kennedy airport traffic control tower (ATCT) advised, b77w, london, united kingdom (EGLL)-jfk, reported a silver unmanned aircraft systems (UAS) at the 9 of the clock position while sw bound at 1,500 feet while on 3 mile final runway 22l.No evasive action taken.Port authority notified.",2023-08-30T13:25:00Z,40.6413,-73.7781,1500.0,medium
16447,2023-08-30,Denver,Colorado,"Prelim information (INFO) from federal aviation administration (FAA) operations (OPS): denver, central office (CO) / unmanned aircraft systems (UAS) sighting/1232m/denver terminal radar approach control facility (TRACON) advised, bombardier cl35, ict-apa, reported a black unmanned aircraft systems (UAS) with red light off left side while N bound at 8,000 feet 15 S den.No evasive action taken. Denver international (INTL) airport (ARPT) pd notification number not provided.",2023-08-30T12:32:00Z,39.5833,-104.8667,8000.0,medium
16448,2023-08-30,San antonio,Texas,"Prelim information (INFO) from federal aviation administration (FAA) operations (OPS): san antonio, tx / unmanned aircraft systems (UAS) sighting/1452c/san antonio airport traffic control tower (ATCT) advised, t1, reported a black unmanned aircraft systems (UAS) 100 feet from the 9 of the clock position while sse bound at 3,600 feet 6 wsw skf.No evasive action taken. San antonio pd notified.",2023-08-30T14:52:00Z,29.3386,-98.5808,3600.0,medium
16449,2023-08-30,Chicago,Illinois,"Prelim information (INFO) from federal aviation administration (FAA) operations (OPS): chicago, il / unmanned aircraft systems (UAS) sighting/1902c/chicago terminal radar approach control (TRACON) advised, a20n, sfo-mdw, reported a unmanned aircraft systems (UAS) 300 feet below while no earlier (NE) bound at 5,000 feet 24 sw mdw.No evasive action taken.Joliet pd notified.",2023-08-30T19:02:00Z,41.5833,-88.0833,5000.0,medium
16450,2023-08-30,Chicago,Illinois,"Prelim information (INFO) from federal aviation administration (FAA) operations (OPS): chicago, il / unmanned aircraft systems (UAS) sighting/1902c/chicago terminal radar approach control (TRACON) advised, b738, bwi-mdw, reported a unmanned aircraft systems (UAS) 300 feet below while se bound at 4,000 feet 10 se mdw.No evasive action taken.Dolton pd notified.",2023-08-30T19:02:00Z,41.6667,-87.6667,4000.0,medium
16451,2023-08-30,Denver,Colorado,"Prelim information (INFO) from federal aviation administration (FAA) operations (OPS): denver, co / unmanned aircraft systems (UAS) sighting/1927m/denver terminal radar approach control facility (TRACON) advised, b738, mia-den, reported a black unmanned aircraft systems (UAS) from the 9 of the clock position while northwest (NW) bound at 14,500 feet 13 ese den.No evasive action taken.Airport operations notified.",2023-08-30T19:27:00Z,39.6553,-104.5731,14500.0,medium
16452,2023-08-30,Reno,Nevada,"Prelim information (INFO) from federal aviation administration (FAA) operations (OPS): reno, nv / unmanned aircraft systems (UAS) sighting/1839p/norcal terminal radar approach control facility (TRACON) advised, e75l, rno-pdx, reported white quad-copter unmanned aircraft systems (UAS) at the 8 of the clock position while S bound at 6,000 feet 6 S mustang vor collocated with tacan (VORTAC) (FMG).No evasive action taken.Reno pd notified.",2023-08-30T18:39:00Z,39.5333,-119.7333,6000.0,medium
16453,2023-08-30,Phoenix,Arizona,"Prelim information (INFO) from federal aviation administration (FAA) operations (OPS): phoenix, az / unmanned aircraft systems (UAS) incident/1925m/deer valley airport traffic control tower (ATCT) advised, helo, reported a unmanned aircraft systems (UAS) while S bound at 2,500 feet 3 S dvt.Evasive action was taken. Helo followed unmanned aircraft systems (UAS) until it landed at nearby park. Ground units were dispatched to park but is it unkn intermediate fix (IF) contact was made with unmanned aircraft systems (UAS) operator.Phoenix pd was notified.",2023-08-30T19:25:00Z,33.6532,-112.0831,2500.0,medium
16454,2023-08-31,Chantilly,Virginia,"Prelim information (INFO) from federal aviation administration (FAA) operations (OPS): chantilly, va / unmanned aircraft systems (UAS) sighting/1445e/dulles airport traffic control tower (ATCT) advised, cessna c700, teb-iad, reported unmanned aircraft systems (UAS) while S bound at 900 feet 3 S iad.No evasive action taken. Dulles international (INTL) airport (ARPT) pd notified.",2023-08-31T14:45:00Z,38.8944,-77.4479,900.0,medium
16455,2023-08-31,Buffalo,New york,"Prelim information (INFO) from federal aviation administration (FAA) operations (OPS): buffalo, ny / unmanned aircraft systems (UAS) sighting/1547e/buffalo airport traffic control tower (ATCT) advised, cessna c185, ptk-bgm, reported a yellow unmanned aircraft systems (UAS) while S bound at 7,000 feet 5 W iag.No evasive action taken.Leo notification not provided.",2023-08-31T15:47:00Z,42.9408,-78.8017,7000.0,medium
16456,2023-09-01,White plains,New york,"Prelim information (INFO) from federal aviation administration (FAA) operations (OPS): white plains, ny / unmanned aircraft systems (UAS) sighting/1045e/new york terminal radar approach control (TRACON) advised, b738, toronto, canada (CYYZ)-lga, reported a white-red unmanned aircraft systems (UAS) from the 12 of the clock position while wsw bound at 5,000 feet 2 S hpn.No evasive action taken.Westchester pd notified.",2023-09-01T10:45:00Z,41.0534,-73.7267,5000.0,medium
16457,2023-09-01,South boston,Virginia,"Prelim information (INFO) from federal aviation administration (FAA) operations (OPS): south boston, va / unmanned aircraft systems (UAS) sighting/1741e/washington air route traffic control center (ARTCC) advised, piper p28b, reported a small unmanned aircraft systems (UAS) while no earlier (NE) bound at 6,500 feet 11 no earlier (NE) south boston vor collocated with tacan (VORTAC) (SBV).No evasive action reported.Virginia state pd notified.",2023-09-01T17:41:00Z,36.7008,-78.8508,6500.0,medium
16458,2023-09-01,Chicago,Illinois,"Prelim information (INFO) from federal aviation administration (FAA) af operations (OPS): chicago, il / unmanned aircraft systems (UAS) sighting/late report-1710c/chicago terminal radar approach control facility (TRACON) advised, e170, aus-ord, reported a silver unmanned aircraft systems (UAS) at the 12 of the clock position while E bound at 6,000 feet 10 se ord.No evasive action taken.Fbi notified.",2023-09-01T17:10:00Z,41.7147,-87.6256,6000.0,medium
16459,2023-09-01,Chicago,Illinois,"Prelim information (INFO) from federal aviation administration (FAA) operations (OPS): chicago, il / unmanned aircraft systems (UAS) sighting/1906c/chicago terminal radar approach control (TRACON) advised, e170, bdl-ord, reported an orange unmanned aircraft systems (UAS) over the shoreline while W bound at 4,000 feet 13 E ord.No evasive action taken.Fbi notified.",2023-09-01T19:06:00Z,41.9742,-87.6944,4000.0,medium
16460,2023-09-02,Boston,Massachusetts,"Prelim information (INFO) from federal aviation administration (FAA) operations (OPS): boston, ma / unmanned aircraft systems (UAS) sighting/0940e/zbw advised, e190, dca-bos, reported unmanned aircraft systems (UAS) 200 feet below aircraft (ACFT) at 5,000 feet 13 no earlier (NE) bos.No evasive action taken.Massachusetts state police notified.",2023-09-02T09:40:00Z,42.3656,-71.0096,5000.0,medium
16461,2023-09-02,Salem,Oregon,"Prelim information (INFO) from federal aviation administration (FAA) operations (OPS): salem, or / unmanned aircraft systems (UAS) sighting/0935p/seattle air route traffic control center (ARTCC) advised, cessna c152, reported unmanned aircraft systems (UAS) 1,000 feet below while N bound at 4,500 feet over sle.No evasive action taken. Salem pd notifed at.",2023-09-01T21:35:00Z,44.9095,-123.0025,3500.0,medium
16462,2023-09-02,Bismarck,North dakota,"Prelim information (INFO) from federal aviation administration (FAA) operations (OPS): bismarck, nd / unmanned aircraft systems (UAS) sighting/1325m/bis airport traffic control tower (ATCT) advised, cessna c72r, reported black or gray unmanned aircraft systems (UAS) 200 feet below while sw bound at 2,800 feet 4 wnw bismarck.No evasive action taken.Bismarck pd notified.",2023-09-02T13:25:00Z,46.8083,-100.8984,2800.0,medium
16463,2023-09-02,Chino,California,"Prelim information (INFO) from federal aviation administration (FAA) operations (OPS): chino, conflict alert (CA) / unmanned aircraft systems (UAS) sighting/1632p/chino airport traffic control tower (ATCT) advised, cessna c172, reported a red unmanned aircraft systems (UAS) with white lights while W bound at 2,000 feet 4 E cno.no evasive action taken.Public use star97 notified.",2023-09-02T16:32:00Z,33.9752,-117.5631,2000.0,medium
16464,2023-09-02,Las vegas,Nevada,"Prelim information (INFO) from federal aviation administration (FAA) operations (OPS): las vegas, nv / unmanned aircraft systems (UAS) sighting/2058p/north las vegas airport traffic control tower (ATCT) advised, helo, reported a unmanned aircraft systems (UAS) while se bound at 2,700 feet 8 nnw las.No evasive action reported. Las vegas metropolitan (METRO) pd notified.",2023-09-02T20:58:00Z,36.2797,-115.2625,2700.0,medium
16465,2023-09-03,Vineyard haven,Massachusetts,"Prelim information (INFO) from federal aviation administration (FAA) af operations (OPS): vineyard haven, ma / unmanned aircraft systems (UAS) sighting/1529e/boston terminal radar approach control (TRACON) advised, cessna c185, mvy-iag, reported a unmanned aircraft systems (UAS) from the 3 of the clock position while northwest (NW) bound at 8,000 feet vcnty mvy.No evasive action taken.Edgartown pd notified.",2023-09-03T15:29:00Z,41.3912,-70.6146,8000.0,medium
16466,2023-09-03,Seattle,Washington,"Prelim information (INFO) from federal aviation administration (FAA) operations (OPS): seattle, wa / unmanned aircraft systems (UAS) sighting/1237p/boeing field airport traffic control tower (ATCT) advised, diamond da42, reported a unmanned aircraft systems (UAS) while northwest (NW) bound at 2,000 feet vcnty bfi.No evasive action taken.Leo notification not reported.",2023-09-03T12:37:00Z,47.53,-122.32,2000.0,medium
16467,2023-09-03,Destin,Florida,"Prelim information (INFO) from federal aviation administration (FAA) operations (OPS): destin, flight level (FL) / unmanned aircraft systems (UAS) sighting/1813c/destin executive airport traffic control tower (ATCT) advised, robinson r66, reported a white unmanned aircraft systems (UAS) while E bound at 300 feet 6 E dts. Acft turned left to avoid unmanned aircraft systems (UAS). Arpt pd notified.",2023-09-03T18:13:00Z,30.4,-86.3667,300.0,medium
16468,2023-09-03,Concord,North carolina,"Prelim information (INFO) from federal aviation administration (FAA) operations (OPS): concord, nc / unmanned aircraft systems (UAS) sighting/2147e/concord federal contract tower (FCT) advised, piper p28a, jqf-unkn, reported a unmanned aircraft systems (UAS) from the 3 of the clock position while ssw bound at 1,700 feet 3 E jqf.No evasive action reported.Leo notified.",2023-09-03T00:00:00Z,35.3873,-80.6532,1700.0,medium
16469,2023-09-04,South bend,Indiana,"Prelim information (INFO) from federal aviation administration (FAA) operations (OPS): south bend, in / unmanned aircraft systems (UAS) sighting/1355e/south bend airport traffic control tower (ATCT) advised, piper p28a, reported a unmanned aircraft systems (UAS) from the 11 of the clock position while S bound at 7,500 feet 10 ese sbn.No evasive action taken.St joe county sheriff notified.",2023-09-04T13:55:00Z,41.6295,-86.1644,7500.0,medium
16470,2023-09-04,Farmingdale,New york,"Prelim information (INFO) from federal aviation administration (FAA) operations (OPS): farmingdale, ny / unmanned aircraft systems (UAS) sighting/1500e/republic airport traffic control tower (ATCT) advised, piper p28a, reported a black unmanned aircraft systems (UAS) while N bound at 700 feet 3 E frg.No evasive action taken.Suffolk county pd notified.",2023-09-04T15:00:00Z,40.7284,-73.3634,700.0,medium
16471,2023-09-04,Long beach,California,"Prelim information (INFO) from federal aviation administration (FAA) operations (OPS): longitude (LONG) beach, ca / unmanned aircraft systems (UAS) sighting/1425p/longitude (LONG) beach airport traffic control tower (ATCT) advised, robinson r44, lgb-lgb, reported a white unmanned aircraft systems (UAS) 200 feet below the 2 of the clock position while W bound at 700 feet 3 E lgb.No evasive action taken. Long beach pd notified.",2023-09-04T14:25:00Z,33.8177,-118.1087,700.0,medium
16472,2023-09-05,Woodstown,New jersey,"Prelim information (INFO) from federal aviation administration (FAA) af operations (OPS): woodstown, nj / unmanned aircraft systems (UAS) sighting/1105e/new york artcc advised, e145, phl-plan view display (PVD), reported unmanned aircraft systems (UAS) at the 12 of the clock position 1,000 feet below while W bound at 11,000 feet 10 no earlier (NE) woodstown very high frequency omnidirectional range (VOR).No evasive action taken.Pennsylvania pd notification number not provided.",2023-09-05T11:05:00Z,39.6833,-75.3167,10000.0,medium
16473,2023-09-05,New orleans,Louisiana,"Prelim information (INFO) from federal aviation administration (FAA) operations (OPS): new orleans, la / unmanned aircraft systems (UAS) sighting/late report-1019c/lakefront airport traffic control tower (ATCT) advised, tex2, rnd-new, reported a white and orange unmanned aircraft systems (UAS) 300 feet above at the 12 of the clock while S bound at 1,700 feet 4 S new.No evasive action taken.New orleans pd notified.",2023-09-05T10:19:00Z,29.9711,-90.0715,1700.0,medium
16474,2023-09-05,Tallahassee,Florida,"Prelim information (INFO) from federal aviation administration (FAA) operations (OPS): tallahassee, flight level (FL) / unmanned aircraft systems (UAS) sighting/1635e/jacksonville air route traffic control center (ARTCC) advised, c130, hrt-hrt, reported a shiny sphere shaped object from the 11 of the clock position while wnw bound at 11,000 feet 45 ese tlh.No evasive action taken.Perry pd notified.",2023-09-05T16:35:00Z,30.1833,-83.5833,11000.0,medium
16475,2023-09-05,New york,New york,"Prelim information (INFO) from federal aviation administration (FAA) operations (OPS): new york, ny / unmanned aircraft systems (UAS) sighting/1653e/longitude (LONG) island airport traffic control tower (ATCT) advised, a20n, fll-isp, reported a white unmanned aircraft systems (UAS) at the 9 of the clock position 400 feet below while ene bound at 1,900 feet 5 wsw isp.No evasive action taken.Suffolk county pd aviation unit notified.",2023-09-05T16:53:00Z,40.7789,-73.1067,1900.0,medium
16476,2023-09-06,Newark,New jersey,"Prelim information (INFO) from federal aviation administration (FAA) operations (OPS): newark, nj / unmanned aircraft systems (UAS) sighting/1736e/newark airport traffic control tower (ATCT) advised, e170, ind-ewr, reported a yellow unmanned aircraft systems (UAS) while on 2 mile final for runway 22l at 700 feet.No evasive action reported.Newark pd notified.",2023-09-06T17:36:00Z,40.6895,-74.1745,700.0,medium
16477,2023-09-06,Newark,New jersey,"Prelim information (INFO) from federal aviation administration (FAA) operations (OPS): newark, nj / unmanned aircraft systems (UAS) sighting/1715e/newark airport traffic control tower (ATCT) advised, b712, atl-ewr, reported a yellow unmanned aircraft systems (UAS) while on 2 mile final for runway 22l at 700 feet.No evasive action reported.Newark pd notified.",2023-09-06T17:15:00Z,40.6895,-74.1745,700.0,medium
16478,2023-09-06,Chantilly,Virginia,"Prelim information (INFO) from federal aviation administration (FAA) operations (OPS): chantilly, va / unmanned aircraft systems (UAS) sighting/1729e/potomac terminal radar approach control (TRACON) advised, e145, iad-btv, reported a unmanned aircraft systems (UAS) at the 3 of the clock position while N bound at 3,000 feet 4 nne iad.No evasive action taken.Louden county sheriff notified.",2023-09-06T17:29:00Z,39.0262,-77.4478,3000.0,medium
16479,2023-09-07,Herndon,Virginia,"Prelim information (INFO) from federal aviation administration (FAA) operations (OPS): chantilly, va / unmanned aircraft systems (UAS) sighting/1112e/dulles airport traffic control tower (ATCT) advised, bombardier cl35, reported a unmanned aircraft systems (UAS) at 9 of the clock position directly below aircraft (ACFT) while N bound at 800 feet vcnty dulles. Uas operator located by leo. Uas operator ceased operations.",2023-09-07T11:12:00Z,38.9519,-77.448,800.0,medium
16480,2023-09-07,Jacksonville,Florida,"Prelim information (INFO) from federal aviation administration (FAA) operations (OPS): jacksonville, flight level (FL) / unmanned aircraft systems (UAS) sighting/1416e/jacksonville airport traffic control tower (ATCT) advised, a320, aex-jax, reported 5 to 6 unmanned aircraft systems (UAS) were observed following a flock of birds 12 no earlier (NE) jacksonville airport traffic control tower (ATCT). Additional aircraft (ACFT) reported seeing the multiple unmanned aircraft systems (UAS). No evasive actions were taken by any aircraft (ACFT).Nassau county sheriff notified.",2023-09-07T14:16:00Z,30.5167,-81.6667,1000.0,medium
16481,2023-09-07,Philadelphia,Pennsylvania,"Prelim information (INFO) from federal aviation administration (FAA) operations (OPS): philadelphia, public address (PA) / unmanned aircraft systems (UAS) sighting/1928e/philadelphia airport traffic control tower (ATCT) advised, b767, phl-bos, reported a unmanned aircraft systems (UAS) at the 9 of the clock position while no earlier (NE) bound at 6,000 feet 8 ene woodstown very high frequency omnidirectional range (VOR) (OOD).No evasive action taken.Philadelphia pd notified.",2023-09-07T19:28:00Z,39.8708,-75.2479,6000.0,medium
16482,2023-09-08,Miami,Florida,"Prelim information (INFO) from federal aviation administration (FAA) af operations (OPS): miami, flight level (FL) / unmanned aircraft systems (UAS) sighting/0735e/tamiami airport traffic control tower (ATCT) advised, beech be76, reported a blue unmanned aircraft systems (UAS) from the 9 of the clock position while W bound at 1,000 feet 2 sse tmb.No evasive action taken.Miami-dade pd notified.",2023-09-08T07:35:00Z,25.6333,-80.4167,1000.0,medium
16483,2023-09-09,San antonio,Texas,"Prelim information (INFO) from federal aviation administration (FAA) operations (OPS): san antonio, tx / unmanned aircraft systems (UAS) incident/1220c/stinson fct advised, cessna c172, ssf-ssf, reported a black unmanned aircraft systems (UAS) while upwind in tower (TWR) pattern at 1,300 feet vcnty ssf. Acft continued upwind to avoid collision with unmanned aircraft systems (UAS).Leo notification not reported.",2023-09-09T12:20:00Z,29.337,-98.4714,1300.0,medium
16484,2023-09-09,Reading,Pennsylvania,"Prelim information (INFO) from federal aviation administration (FAA) operations (OPS): reading, public address (PA) / unmanned aircraft systems (UAS) sighting/1633e/reading airport traffic control tower (ATCT) advised, experimental van's rv10, reported unmanned aircraft systems (UAS) at 1,300 feet 3 northwest (NW) reading.No evasive action reported.Bern township pd notified.",2023-09-09T16:33:00Z,40.406389,-75.995556,1300.0,medium
16485,2023-09-09,St louis,Missouri,"Prelim information (INFO) from federal aviation administration (FAA) af operations (OPS): st louis, mo / unmanned aircraft systems (UAS) sighting/1908c/kansas city air route traffic control center (ARTCC) advised, beech be36, gre-duc, reported a silver unmanned aircraft systems (UAS) 50 feet below aircraft (ACFT) and at the 3 of the clock position while sw bound at 8,000 feet 23 S stl.No evasive action taken.Jefferson county sheriff notified.",2023-09-09T19:08:00Z,38.3636,-90.7445,8000.0,medium
16486,2023-09-10,Fort lauderdale,Florida,"Prelim information (INFO) from federal aviation administration (FAA) af operations (OPS): fort lauderdale, flight level (FL) / unmanned aircraft systems (UAS) sighting/1240e/fort lauderdale airport traffic control tower (ATCT) advised, a20n, sdf-fll, reported a white unmanned aircraft systems (UAS) from the 3 of the clock while W bound at 1,400 feet 4.5 W fll.No evasive action taken.Broward county sheriff notified.",2023-09-10T12:40:00Z,26.0725,-80.2397,1400.0,medium
16487,2023-09-10,Tampa,Florida,"Prelim information (INFO) from federal aviation administration (FAA) operations (OPS): tampa, flight level (FL) / unmanned aircraft systems (UAS) sighting/1805e/tampa airport traffic control tower (ATCT) advised, learjet lj35, reported a green and white unmanned aircraft systems (UAS) at the 3 of the clock position 900 feet above while N bound at 1,600 feet 8 ese tpa.No evasive action taken.Leo notification not reported.",2023-09-10T18:05:00Z,27.8833,-82.4167,1600.0,medium
16488,2023-09-10,Los angeles,California,"Prelim information (INFO) from federal aviation administration (FAA) af operations (OPS): los angeles, ca / unmanned aircraft systems (UAS) sighting/1542p/socal terminal radar approach control facility (TRACON) advised, b739, msy-lax, reported a black unmanned aircraft systems (UAS) 200 feet from the 9 of the clock position while wsw bound at 9,000 feet 30 ene lax.No evasive action taken.Los angeles county sheriff notified.",2023-09-10T15:42:00Z,34.1397,-117.7561,9000.0,medium
16489,2023-09-11,Newark,New jersey,"Prelim information (INFO) from federal aviation administration (FAA) operations (OPS): newark, nj / unmanned aircraft systems (UAS) sighting/1015e/new york terminal radar approach control (TRACON) advised, e75l, ewr-syr, reported a metallic unmanned aircraft systems (UAS) while W bound at 5,500 feet 10 nnw ewr.No evasive action taken.Nj pd notified.",2023-09-11T10:15:00Z,40.7934,-74.1686,5500.0,medium
16490,2023-09-11,Columbus,Mississippi,"Prelim information (INFO) from federal aviation administration (FAA) operations (OPS): columbus, ms / unmanned aircraft systems (UAS) sighting/1011c/memphis air route traffic control center (ARTCC) advised, 3/t45, reported a metallic unmanned aircraft systems (UAS) at 15,000 feet 15 sw cbm.No evasive action taken.Leo notification not reported.",2023-09-11T10:11:00Z,33.5647,-88.57,15000.0,medium
16491,2023-09-11,Anderson,South carolina,"Prelim information (INFO) from federal aviation administration (FAA) operations (OPS): anderson, sc / unmanned aircraft systems (UAS) sighting/late report-1208e/atlanta artcc advised, crj7, bhm-clt, reported unmanned aircraft systems (UAS) while no earlier (NE) bound at fl230 15 W electric city very high frequency omnidirectional range (VOR).No evasive action taken.Leo notification not reported.",2023-09-11T12:08:00Z,34.4331,-82.9935,23000.0,medium
16492,2023-09-11,Las vegas,Nevada,"Prelim information (INFO) from federal aviation administration (FAA) af operations (OPS): las vegas, nv / unmanned aircraft systems (UAS) sighting/0955p/las vegas airport traffic control tower (ATCT) advised, b737, las-mke, reported a black unmanned aircraft systems (UAS) at the 11 of the clock position 200 feet above while on the ground holding short of runway 26r.No evasive action taken.Leo notification not reported.",2023-09-11T21:55:00Z,36.08,-115.1522,2300.0,medium
16493,2023-09-11,Las vegas,Nevada,"Prelim information (INFO) from federal aviation administration (FAA) operations (OPS): las vegas, nv / unmanned aircraft systems (UAS) sighting/1203p/las vegas airport traffic control tower (ATCT) advised, e145, bjc-las, reported a black unmanned aircraft systems (UAS) from the 9 of the clock position while wsw bound at 3,500 feet 4 nne las.No evasive action taken.Local leo notified.",2023-09-11T12:03:00Z,36.2375,-115.0625,3500.0,medium
16494,2023-09-11,Orlando,Florida,"Prelim information (INFO) from federal aviation administration (FAA) operations (OPS): orlando, flight level (FL) / unmanned aircraft systems (UAS) sighting/1510e/orlando airport traffic control tower (ATCT) advised, cessna c525, tlh-mco, reported a black unmanned aircraft systems (UAS) while S bound at 2,000 feet 6 N mco.No evasive action taken.Orange county sheriff notified.",2023-09-11T15:10:00Z,28.5297,-81.3089,2000.0,medium
16495,2023-09-11,Orlando,Florida,"Prelim information (INFO) from federal aviation administration (FAA) operations (OPS): orlando, flight level (FL) / unmanned aircraft systems (UAS) sighting/1825e/central florida terminal radar approach control (TRACON) advised, a320, dfw-mco, observed a unmanned aircraft systems (UAS) on right side while northbound at 7,000 feet, 5 W mco.No evasive action taken.Orlando pd aviation unit notified.",2023-09-11T18:25:00Z,28.4311,-81.3792,7000.0,medium
16496,2023-09-11,Los angeles,California,"Prelim information (INFO) from federal aviation administration (FAA) af operations (OPS): los angeles, ca / unmanned aircraft systems (UAS) sighting/1723p/lax airport traffic control tower (ATCT) advised, a321, msp-lax, observed unmanned aircraft systems (UAS) on right side while westbound at 1,000 feet, 4 E lax.No evaslive action reported.Leo notified.",2023-09-11T17:23:00Z,33.9425,-118.3373,1000.0,medium
16497,2023-09-11,Los angeles,California,"Prelim information (INFO) from federal aviation administration (FAA) operations (OPS): los angeles, ca / unmanned aircraft systems (UAS) sighting/1730p/lax airport traffic control tower (ATCT) advised, a321, ord-lax, observed unmanned aircraft systems (UAS) on left side while westbound at 1,000 feet, 4 E lax.No evasive action reported.La county sheriff notified.",2023-09-11T17:30:00Z,33.9425,-118.3089,1000.0,medium
16498,2023-09-11,Los angeles,California,"Prelim information (INFO) from federal aviation administration (FAA) operations (OPS): los angeles, ca / unmanned aircraft systems (UAS) sighting/1723p/lax airport traffic control tower (ATCT) advised, b39m, iad-lax, observed unmanned aircraft systems (UAS) on left side while westbound at 1,000 feet, 4 E lax.No evasive action reported.La county sheriff notified.",2023-09-11T17:23:00Z,33.9425,-118.3373,1000.0,medium
16499,2023-09-12,Sacramento,California,"Prelim information (INFO) from federal aviation administration (FAA) operations (OPS): sacramento, ca / unmanned aircraft systems (UAS) incident/0850p/sacramento mather fct advised, diamond da40, reported a unmanned aircraft systems (UAS) from the 3 of the clock position while sw bound at 700 feet 1 N mhr.No evasive action taken. Arpt operations changed runway pattern.Sacramento county sheriff notified.",2023-09-12T20:50:00Z,38.5638,-121.3022,700.0,medium
16500,2023-09-12,San jose,California,"Prelim information (INFO) from federal aviation administration (FAA) operations (OPS): san jose, ca / unmanned aircraft systems (UAS) sighting/0908p/norcal terminal radar approach control (TRACON) advised, b38m, sjc-bna, reported a grey unmanned aircraft systems (UAS) from the 12 of the clock position while ese bound at 3,000 feet 5 ese sjc.No evasive action taken.Sjc pd notified.",2023-09-08T21:00:00Z,37.3172,-121.8211,3000.0,medium
16501,2023-09-12,Miami,Florida,"Prelim information (INFO) from federal aviation administration (FAA) operations (OPS): miami, flight level (FL) / unmanned aircraft systems (UAS) sighting/1300e/miami executive airport traffic control tower (ATCT) advised, cessna c172, reported a red and green unmanned aircraft systems (UAS) 300 feet above aircraft (ACFT) while E bound at 500 feet 3 W tmb.No evasive action taken.Miami dade pd notified.",2023-09-12T13:00:00Z,25.6476,-80.4776,800.0,medium
16502,2023-09-12,Las vegas,Nevada,"Prelim information (INFO) from federal aviation administration (FAA) operations (OPS): las vegas, nv / unmanned aircraft systems (UAS) sighting/1147p/las vegas airport traffic control tower (ATCT) advised, helo, reported a unmanned aircraft systems (UAS) while S bound at 3,500 feet 3 northwest (NW) las.No evasive action taken.Leos notified.",2023-09-12T23:47:00Z,36.2275,-115.2108,3500.0,medium
16503,2023-09-12,Robbinsville,New jersey,"Prelim information (INFO) from federal aviation administration (FAA) af operations (OPS): robbinsville, nj / unmanned aircraft systems (UAS) sighting/1623e/new york terminal radar approach control (TRACON) advised, b737, atl-lga, reported a red and white unmanned aircraft systems (UAS) while E bound at 10,000 feet 5 wsw robbinsville very high frequency omnidirectional range (VOR).No evasive action taken.Nj homeland security notified.",2023-09-12T16:23:00Z,40.1833,-74.6667,10000.0,medium
16504,2023-09-12,Sacramento,California,"Prelim information (INFO) from federal aviation administration (FAA) operations (OPS): sacramento, ca / unmanned aircraft systems (UAS) sighting/1648p/norcal terminal radar approach control (TRACON) advised, beech be35, rno-rno, reported a unmanned aircraft systems (UAS) from the 11 of the clock position while ssw bound at 10,500 feet 18 no earlier (NE) strategic air command (SAC).No evasive action taken.Ranch cordova pd notified.",2023-09-12T16:48:00Z,38.5816,-121.4944,10500.0,medium
16505,2023-09-13,Indianapolis,Indiana,"Prelim information (INFO) from federal aviation administration (FAA) operations (OPS): indianapolis, in / unmanned aircraft systems (UAS) sighting/1240e/indianapolis terminal radar approach control (TRACON) advised, diamond da40, reported a red and orange unmanned aircraft systems (UAS) while E bound at 3,500 feet 8 E indianapolis.No evasive action take.Indianapolis state pd notified.",2023-09-13T12:40:00Z,39.7684,-85.9664,3500.0,medium
16506,2023-09-13,Rochester,New york,"Prelim information (INFO) from federal aviation administration (FAA) operations (OPS): rochester, ny / unmanned aircraft systems (UAS) sighting/1330e/rochester airport traffic control tower (ATCT) advised, piper pa34, unkn-unkn, reported a unmanned aircraft systems (UAS) from the 9 of the clock position while W bound at 1,700 feet 2 ene regional operations center (ROC).No evasive action taken.Monroe county sheriff notified.",2023-09-13T13:30:00Z,43.1367,-77.6358,1700.0,medium
16507,2023-09-13,Louisville,Kentucky,"Prelim information (INFO) from federal aviation administration (FAA) operations (OPS): louisville, ky / unmanned aircraft systems (UAS) sighting/1515e/louisville airport traffic control tower (ATCT) advised, cessna c172, reported black and red rc plane maneuvering N bound at 200 feet 1 E of 12 mile island area.No evasive action reported.Louisville pd notified.",2023-09-13T15:15:00Z,38.2675,-85.6519,200.0,medium
16508,2023-09-13,Philadelphia,Pennsylvania,"Prelim information (INFO) from federal aviation administration (FAA) operations (OPS): philadelphia, public address (PA) / unmanned aircraft systems (UAS) sighting/1700e/philadelphia airport traffic control tower (ATCT) advised, cessna c172, reported a white unmanned aircraft systems (UAS) at the 3 of the clock position while northwest (NW) bound at 2,500 feet 3 W robinsville very high frequency omnidirectional range (VOR) (RBV).No evasive action taken.Philadelphia pd notified.",2023-09-13T17:00:00Z,40.1333,-74.5833,2500.0,medium
16509,2023-09-13,Colts neck,New jersey,"Prelim information (INFO) from federal aviation administration (FAA) operations (OPS): colts neck, nj / unmanned aircraft systems (UAS) sighting/1840e/new york terminal radar approach control (TRACON) advised, b738, ewr-tpa, reported a unmanned aircraft systems (UAS) at the 12 of the clock position while sse bound at 5,000 feet over colts neck very high frequency omnidirectional range (VOR) (COL).No evasive action taken.New jersey homeland security notified.",2023-09-13T18:40:00Z,40.3064,-74.1236,5000.0,medium
16510,2023-09-13,Louisville,Kentucky,"Prelim information (INFO) from federal aviation administration (FAA) operations (OPS): louisville, ky / unmanned aircraft systems (UAS) sighting/1900e/louisville airport traffic control tower (ATCT) advised, bcs3, sfo-sdf, reported a unmanned aircraft systems (UAS) from the 9'oclock position while S bound at 6,500 feet 5 W sdf.No evasive action taken.Louisville pd notified.",2023-09-13T19:00:00Z,38.1741,-85.8098,6500.0,medium
16511,2023-09-14,Charlotte,North carolina,"Prelim information (INFO) from federal aviation administration (FAA) operations (OPS): charlotte, nc / unmanned aircraft systems (UAS) sighting/0535e/charlotte terminal radar approach control facility (TRACON) advised, a321, lax-clt, reported a unmanned aircraft systems (UAS) at the 3 of clock position while N bound at 1,400 feet 1 E clt.No evasive action taken.Charlotte mecklenburg pd notified.",2023-09-14T05:35:00Z,35.2144,-80.9373,1400.0,medium
16512,2023-09-14,Boston,Massachusetts,"Prelim information (INFO) from federal aviation administration (FAA) operations (OPS): boston, ma / unmanned aircraft systems (UAS) sighting/1130e/boston airport traffic control tower (ATCT) advised, helo, reported a unmanned aircraft systems (UAS) 100 feet below aircraft (ACFT) while sw bound at 1,000 feet 2 wnw bos.No evasive action taken. Mass state pd notified.",2023-09-14T11:30:00Z,42.37833,-71.05722,1000.0,medium
16513,2023-09-14,Prescott,Arizona,"Prelim information (INFO) from federal aviation administration (FAA) operations (OPS): prescott, az / unmanned aircraft systems (UAS) incident/0903m/prescott airport traffic control tower (ATCT) advised, cessna c172, reported a unmanned aircraft systems (UAS) while sw bound at 6,000 feet.5 no earlier (NE) prc.No evasive action taken.Airport operations suspended for 10 minutes.Yavapai county sheriff notified.",2023-09-03T00:00:00Z,34.6518,-112.4185,6000.0,medium
16514,2023-09-14,San antonio,Texas,"Prelim information (INFO) from federal aviation administration (FAA) af operations (OPS): san antonio, tx / unmanned aircraft systems (UAS) sighting/1114c/stinson fct advised, cessna c172, reported a unmanned aircraft systems (UAS) from the 12 of the clock position while northwest (NW) bound at 600 feet over approach (APCH) end runway 14.No evasive action taken. San antonio pd notified.",2023-09-14T11:14:00Z,29.3369,-98.4717,600.0,medium
16515,2023-09-14,Traverse city,Michigan,"Prelim information (INFO) from federal aviation administration (FAA) operations (OPS): traverse city, mile (MI) / unmanned aircraft systems (UAS) sighting/1321e/minneapolis air route traffic control center (ARTCC) advised, cessna c172, tvc-tvc, reported a red unmanned aircraft systems (UAS) 1,000 feet below their 12 of the clock position while S bound at 4,000 feet 1 wnw tvc.No evasive action taken.Traverse city pd notified.",2023-09-14T13:21:00Z,44.74722,-85.59222,3000.0,medium
16516,2023-09-14,Memphis,Tennessee,"Prelim information (INFO) from federal aviation administration (FAA) af operations (OPS): memphis, tn / unmanned aircraft systems (UAS) sighting/0930c/memphis airport traffic control tower (ATCT) advised, a319, mem-den, reported a black unmanned aircraft systems (UAS) at the 12 of the clock position while facing W bound on the ground at mem.No evasive action taken.Memphis pd notification number not provided.",2023-09-14T09:30:00Z,35.0424,-89.9767,0.0,medium
16517,2023-09-14,New york,New york,"Prelim information (INFO) from federal aviation administration (FAA) operations (OPS): new york, ny / unmanned aircraft systems (UAS) sighting/1427e/laguardia airport traffic control tower (ATCT) advised, a321, atl-lga, reported a silver and black unmanned aircraft systems (UAS) 150 feet below their 9 of the clock position while on final for lga.No evasive action taken.Nypd operations notified.",2023-09-14T14:27:00Z,40.7769,-73.874,1000.0,medium
16518,2023-09-14,Los alamitos,California,"Prelim information (INFO) from federal aviation administration (FAA) af operations (OPS): los alamitos, ca / unmanned aircraft systems (UAS) sighting/1548p/socal terminal radar approach control facility (TRACON) advised, b737, sfo-bur, reported a black unmanned aircraft systems (UAS) from the 3 of the clock position while N bound at 2,800 feet 8 E sli.No evasive action taken.Orange county sheriff notified.",2023-09-14T15:48:00Z,33.8333,-118.0167,2800.0,medium
16519,2023-09-14,Traverse city,Michigan,"Prelim information (INFO) from federal aviation administration (FAA) operations (OPS): traverse city, mile (MI) / unmanned aircraft systems (UAS) sighting/1920e/minneapolis air route traffic control center (ARTCC) advised, reported a blue, banana shaped unmanned aircraft systems (UAS) while N bound at 2,000 feet 14 S tvc.No evasive action taken.Grand traverse pd notified.",2023-09-14T19:20:00Z,44.6062,-85.5821,2000.0,medium
16520,2023-09-14,Memphis,Tennessee,"Prelim information (INFO) from federal aviation administration (FAA) operations (OPS): memphis, tn / unmanned aircraft systems (UAS) sighting/1845c/memphis terminal radar approach control (TRACON) advised, grumman american aa5, reported a blue unmanned aircraft systems (UAS) from below while northwest (NW) bound at 2,500 feet 9 E mem.No evasive action reported.Memphis pd notified.",2023-09-14T18:45:00Z,35.1495,-89.8083,2500.0,medium
16521,2023-09-15,St louis,Missouri,"Prelim information (INFO) from federal aviation administration (FAA) operations (OPS): st louis, mo / unmanned aircraft systems (UAS) sighting/0813c/st louis terminal radar approach control (TRACON) advised, e75l, stl-ewr, reported a unmanned aircraft systems (UAS) at the 9 of the clock position while no earlier (NE) bound at 3,000 feet 6 E stl.No evasive action taken.St louis county pd notified.",2023-09-15T08:13:00Z,38.7431,-90.2989,3000.0,medium
16522,2023-09-15,Portland,Oregon,"Prelim information (INFO) from federal aviation administration (FAA) operations (OPS): portland, or / unmanned aircraft systems (UAS) sighting/1219p/portland terminal radar approach control facility (TRACON) advised, cessna c172, large black and white unmanned aircraft systems (UAS) while N bound at 170 feet 5 E portland-hillsboro airport (ARPT).No evasive action reported.Portland pd notified.",2023-09-15T19:19:00Z,45.5544,-122.8489,170.0,medium
16523,2023-09-15,Flint,Michigan,"Prelim information (INFO) from federal aviation administration (FAA) operations (OPS): flint, mile (MI) / unmanned aircraft systems (UAS) sighting/1548e/kalamazoo airport traffic control tower (ATCT) advised, cirrus sr22, reported a bright silver quadcopter unmanned aircraft systems (UAS) while E bound at 7,000 4 no earlier (NE) fnt.No evasive action was taken.Genesee county sheriff notified.",2023-09-15T15:48:00Z,42.9654,-83.7437,7000.0,medium
16524,2023-09-15,Ontario,California,"Prelim information (INFO) from federal aviation administration (FAA) operations (OPS): ontario, ca / unmanned aircraft systems (UAS) sighting/1420p/chino airport traffic control tower (ATCT) advised, cessna c172, reported a unmanned aircraft systems (UAS) while W bound at 2,600 feet 4 northwest (NW) paradise vor collocated with tacan (VORTAC).No evasive action taken.Leo notification not reported.",2023-09-15T14:20:00Z,34.0633,-117.7811,2600.0,medium
16525,2023-09-15,Washington,District of columbia,"Prelim information (INFO) from federal aviation administration (FAA) af operations (OPS): washington, dc / unmanned aircraft systems (UAS) sighting/1745e/manassas airport traffic control tower (ATCT) advised, piper p28a, hef-unkn, reported a unmanned aircraft systems (UAS) from the 9 of the clock position while northwest (NW) bound at 800 feet 1 northwest (NW) hef.No evasive action taken.Virginia state pd notified.",2023-09-15T17:45:00Z,38.7344,-77.5328,800.0,medium
16526,2023-09-15,Washington,District of columbia,"Prelim information (INFO) from federal aviation administration (FAA) operations (OPS): washington, dc / unmanned aircraft systems (UAS) sighting/1745e/manassas airport traffic control tower (ATCT) advised, beech be24, experienced a 10 minute departure delay until the unmanned aircraft systems (UAS) was no longer visible.Virginia state pd notified.",2023-09-15T17:45:00Z,38.7215,-77.5153,0.0,medium
16527,2023-09-15,Salt lake city,Utah,"Prelim information (INFO) from federal aviation administration (FAA) operations (OPS): salt lake city, ut / unmanned aircraft systems (UAS) sighting/1825m/salt lake city airport traffic control tower (ATCT) advised, helo, reported a unmanned aircraft systems (UAS) while northwest (NW) bound at 5,500 feet 5 se slc.No evasive action taken. Slc airport (ARPT) pd notified.",2023-09-15T18:25:00Z,40.7128,-111.9931,5500.0,medium
16528,2023-09-15,Salt lake city,Utah,"Prelim information (INFO) from federal aviation administration (FAA) af operations (OPS): salt lake city, ut / unmanned aircraft systems (UAS) sighting/1914m/salt lake city terminal radar approach control facility (TRACON) advised, a321, den-slc, reported a green unmanned aircraft systems (UAS) from the 9'oclock position while northwest (NW) bound at 8,000 feet 17 S wasatch very high frequency omnidirectional range (VOR).No injuries reported. Slc airport (ARPT) pd notified.",2023-09-15T19:14:00Z,40.3667,-111.9167,8000.0,medium
16529,2023-09-15,San francisco,California,"Prelim information (INFO) from federal aviation administration (FAA) af operations (OPS): san francisco, ca / unmanned aircraft systems (UAS) sighting/late report-1857p/norcal terminal radar approach control (TRACON) advised, a320, lax-sfo, reported a unmanned aircraft systems (UAS) from the 12 of the clock position while nnw bound at 5,000 feet 19 se sfo.No injuries reported.Mountainview pd notified.",2023-09-14T18:57:00Z,37.4089,-122.0647,5000.0,medium
16530,2023-09-15,Boston,Massachusetts,"Prelim information (INFO) from federal aviation administration (FAA) operations (OPS): boston, ma / unmanned aircraft systems (UAS) sighting/2340e/boston airport traffic control tower (ATCT) advised, helo, reported a unmanned aircraft systems (UAS) while ssw bound at 300 feet 4 W bos.No evasive action taken. Mass state pd notified.",2023-09-15T23:40:00Z,42.3502,-71.1284,300.0,medium
16531,2023-09-16,Chicago,Illinois,"Prelim information (INFO) from federal aviation administration (FAA) operations (OPS): chicago, il / unmanned aircraft systems (UAS) sighting/1135c/chicago terminal radar approach control (TRACON) advised, cessna c172, dpa-dpa, reported a unmanned aircraft systems (UAS) while S bound at 2,500 feet 13 wnw ord.No evasive action taken.Leo notification not reported.",2023-09-16T11:35:00Z,41.9978,-88.0592,2500.0,medium
16532,2023-09-16,Norman,Oklahoma,"Prelim information (INFO) from federal aviation administration (FAA) operations (OPS): norman, ok / unmanned aircraft systems (UAS) sighting/1440c/oklahoma city airport traffic control tower (ATCT) advised, cirrus sr20, reported a basketball sized unmanned aircraft systems (UAS) at the six of the clock position while northwest (NW) bound at 2,400 feet 1 N norman. Acft changed course to avoid unmanned aircraft systems (UAS) flight path.Oklahoma city pd notified.",2023-09-16T14:40:00Z,35.2456,-97.4789,2400.0,medium
16533,2023-09-16,Denver,Colorado,"Prelim information (INFO) from federal aviation administration (FAA) operations (OPS): denver, central office (CO) / unmanned aircraft systems (UAS) sighting/1818m/denver terminal radar approach control (TRACON) advised, cessna c25b, dij-apa, observed a unmanned aircraft systems (UAS) while southbound at 9,000 feet, 17 sw den.No evasive action reported. Denver international (INTL) airport (ARPT) pd notified.",2023-09-16T18:18:00Z,39.6392,-105.0546,9000.0,medium
16534,2023-09-16,Santa rosa,California,"Prelim information (INFO) from federal aviation administration (FAA) operations (OPS): santa rosa, ca / unmanned aircraft systems (UAS) sighting/1640p/oakland air route traffic control center (ARTCC) advised, e75l, sts-phx, reported unmanned aircraft systems (UAS) off left side 400 feet below while ese bound at 5,000 feet 20 S sts.No injuries reported.Marin county sheriff notified.",2023-09-16T16:40:00Z,38.3089,-122.5401,5000.0,medium
16535,2023-09-16,Santa rosa,California,"Prelim information (INFO) from federal aviation administration (FAA) operations (OPS): santa rosa, ca / unmanned aircraft systems (UAS) sighting/1640p/oakland air route traffic control center (ARTCC) advised, e75l, sts-phx, reported unmanned aircraft systems (UAS) off left side 400 feet below while ese bound at 5,000 feet 20 S sts.No injuries reported.Marin county sheriff notified.",2023-09-16T16:40:00Z,38.3089,-122.5401,5000.0,medium
16536,2023-09-16,Pottstown,Pennsylvania,"Prelim information (INFO) from federal aviation administration (FAA) operations (OPS): pottstown, public address (PA) / unmanned aircraft systems (UAS) sighting/2128e/new york artcc advised, e145, phl-regional operations center (ROC), was illuminated by a green laser while se bound at 13,000 feet over ptw.Evasive action not taken.Pennsylvania state pd notified.",2023-09-16T21:28:00Z,40.2397,-75.6496,13000.0,medium
16537,2023-09-17,Allentown,Pennsylvania,"Prelim information (INFO) from federal aviation administration (FAA) operations (OPS): allentown, public address (PA) / unmanned aircraft systems (UAS) sighting/1045e/allentown airport traffic control tower (ATCT) advised, e55p, abe-unkn, reported a black quadcopter unmanned aircraft systems (UAS) while sw bound at 2,500 feet 2 wsw abe.No evasive action taken.Whitehall pd notified.",2023-09-17T10:45:00Z,40.6459,-75.4581,2500.0,medium
16538,2023-09-17,Branson,Missouri,"Prelim information (INFO) from federal aviation administration (FAA) operations (OPS): branson, mo / unmanned aircraft systems (UAS) sighting/1033c/springfield airport traffic control tower (ATCT) advised, cessna c172, reported a medium sized unmanned aircraft systems (UAS) from the 2 of the clock position while northwest (NW) bound at 3,500 feet 15 N bbg.No evasive action taken.Taney county sheriff notified.",2023-09-17T10:33:00Z,36.7639,-93.3318,3500.0,medium
16539,2023-09-17,Duluth,Minnesota,"Prelim information (INFO) from federal aviation administration (FAA) operations (OPS): duluth, mn / unmanned aircraft systems (UAS) sighting/1311c/duluth airport traffic control tower (ATCT) advised, beech be33, reported a grey quadcopter while N bound at 2,700 feet 4 ene dlh.No evasive action taken. Change of departure runway was required due to unmanned aircraft systems (UAS) proximity.St, louis county sheriff notified.",2023-09-17T13:11:00Z,46.8708,-91.9889,2700.0,medium
16540,2023-09-17,Burbank,California,"Prelim information (INFO) from federal aviation administration (FAA) operations (OPS): burbank, conflict alert (CA) / unmanned aircraft systems (UAS) sighting/1210p/burbank airport traffic control tower (ATCT) advised, b738, dfw-bur, reported a unmanned aircraft systems (UAS) at the 1 of the clock position while W bound at 1,700 feet 2 W bur.No evasive action taken.Los angeles pd notified.",2023-09-17T19:10:00Z,34.2016,-118.3845,1700.0,medium
16541,2023-09-17,Oklahoma city,Oklahoma,"Prelim information (INFO) from federal aviation administration (FAA) operations (OPS): oklahoma city, ok / unmanned aircraft systems (UAS) sighting/1421c/oklahoma city airport traffic control tower (ATCT) advised, cessna c25m, reported a unmanned aircraft systems (UAS) while W bound at 3,000 feet 4 no earlier (NE) okc.No evasive action taken.Oklahoma city pd notified.",2023-09-17T14:21:00Z,35.4676,-97.5164,3000.0,medium
16542,2023-09-17,New york,New york,"Prelim information (INFO) from federal aviation administration (FAA) operations (OPS): new york, ny / unmanned aircraft systems (UAS) sighting/1621e/new york terminal radar approach control (TRACON) advised, a321, lga-atl, reported a unmanned aircraft systems (UAS) while N bound at 4,000 feet 10 N lga.No evasive action taken.New york pd notified.",2023-09-17T16:21:00Z,40.8589,-73.8726,4000.0,medium
16543,2023-09-17,New york,New york,"Prelim information (INFO) from federal aviation administration (FAA) operations (OPS): new york, ny / unmanned aircraft systems (UAS) sighting/1628e/kennedy airport traffic control tower (ATCT) advised, b789, auckland, new zealand (NZAA)-jfk, reported a unmanned aircraft systems (UAS) at the 3 of the clock position while sw bound at 1,200 feet 5 no earlier (NE) jfk.No evasive action taken.New york pd notified.",2023-09-17T16:28:00Z,40.6635,-73.7881,1200.0,medium
16544,2023-09-17,Pittsburgh,Pennsylvania,"Prelim information (INFO) from federal aviation administration (FAA) operations (OPS): pittsburgh, public address (PA) / unmanned aircraft systems (UAS) sighting/1757e/cleveland air route traffic control center (ARTCC) advised, cirrus s22t, frg-mie, reported a silver unmanned aircraft systems (UAS) within 200 feet of aircraft (ACFT) while W bound at 10,000 feet 30 nnw montour very high frequency omnidirectional range (VOR).No evasive action taken.Lawrence county sheriff notified.",2023-09-17T17:57:00Z,41.1833,-80.5167,10000.0,medium
16545,2023-09-18,Washington,District of columbia,"Prelim information (INFO) from federal aviation administration (FAA) operations (OPS): washington, dc / unmanned aircraft systems (UAS) sighting/1051e/potomac terminal radar approach control (TRACON) advised, crj7, dca-plan view display (PVD), reported a unmanned aircraft systems (UAS) from the 3 of the clock position while E bound at 11,000 feet 19 no earlier (NE) dca.No evasive action reported.Anne arundel county notified.",2023-09-18T10:51:00Z,38.9519,-76.8644,11000.0,medium
16546,2023-09-18,Denton,Texas,"Prelim information (INFO) from federal aviation administration (FAA) af operations (OPS): denton, tx / unmanned aircraft systems (UAS) sighting/1300c/dallas-fort worth terminal radar approach control facility (TRACON) advised, b77w, london, england (EGLL)-dfw, reported a unmanned aircraft systems (UAS) while ese bound at 7,000 feet 14 W dto.No evasive action taken.Wise county sheriff notified.",2023-09-18T13:00:00Z,33.1984,-97.4778,7000.0,medium
16547,2023-09-18,Santa ana,California,"Prelim information (INFO) from federal aviation administration (FAA) operations (OPS): santa ana, conflict alert (CA) / unmanned aircraft systems (UAS) sighting/1106p/santa ana airport traffic control tower (ATCT) advised, b737, sna-dal, reported a unmanned aircraft systems (UAS) from the 3 of the clock position while S bound at 100 feet 1 nne sna.No evasive action reported.Orange county sheriff notified.",2023-09-18T23:06:00Z,33.68333,-117.86667,100.0,medium
16548,2023-09-18,Dallas-fort worth,Texas,"Prelim information (INFO) from federal aviation administration (FAA) af operations (OPS): dallas-fort worth, tx / unmanned aircraft systems (UAS) sighting/1320c/dallas-fort worth airport traffic control tower (ATCT) advised, crj7, lch-dfw, reported a black unmanned aircraft systems (UAS) from the 12 of the clock position while S bound at 1,000 feet 5 N dfw.No evasive action taken. Tx dps notified.",2023-09-18T13:20:00Z,32.9686,-97.0403,1000.0,medium
16549,2023-09-18,Warner robins,Georgia,"Prelim information (INFO) from federal aviation administration (FAA) af operations (OPS): warner robins, general aviation (GA) / unmanned aircraft systems (UAS) sighting/1459e/atlanta terminal radar approach control (TRACON) advised, h60, reported a quadcopter unmanned aircraft systems (UAS) while E bound at 2,000 feet 19 no earlier (NE) wrb.No evasive action taken.Bleckley county sheriff notified.",2023-09-18T14:59:00Z,32.64,-83.5967,2000.0,medium
16550,2023-09-18,Baltimore,Maryland,"Prelim information (INFO) from federal aviation administration (FAA) operations (OPS): baltimore, md / unmanned aircraft systems (UAS) sighting/1559e/potomac terminal radar approach control (TRACON) advised, cessna c172, reported unmanned aircraft systems (UAS) 1,000 feet below aircraft (ACFT) while N bound at 6,000 feet 5 E baltimore.No evasive action reported.Baltimore city pd notified.",2023-09-18T15:59:00Z,39.3167,-76.5167,5000.0,medium
16551,2023-09-19,San angelo,Texas,"Prelim information (INFO) from federal aviation administration (FAA) operations (OPS): san angelo, tx / unmanned aircraft systems (UAS) sighting/0920c/san angelo airport traffic control tower (ATCT) advised, diamond dv20, reported a unmanned aircraft systems (UAS) at three of the clock position off right wing while S bound at 7,000 feet 14 E san angelo.No evasive action reported. San angelo sheriff notified.",2023-09-20T00:00:00Z,31.3584,-99.9636,7000.0,medium
16552,2023-09-19,Greenville,Texas,"Prelim information (INFO) from federal aviation administration (FAA) operations (OPS): greenville, tx / unmanned aircraft systems (UAS) sighting/0950c/fort worth air route traffic control center (ARTCC) advised, cirrus sr22, reported a white unmanned aircraft systems (UAS) while E bound at 6,000 feet 12 S gvt.No evasive action.Hunt county sheriff notified.",2023-09-19T09:50:00Z,32.9167,-96.0667,6000.0,medium
16553,2023-09-19,Greenville,Texas,"Prelim information (INFO) from federal aviation administration (FAA) operations (OPS): greenville, tx / unmanned aircraft systems (UAS) sighting/0950c/greenville airport traffic control tower (ATCT) advised, cirrus sr22, observed a unmanned aircraft systems (UAS) at 6,000 feet while approximately (APPROX) 12 ssw greenville.No evasive action reported.Leos notified.",2023-09-19T09:50:00Z,32.8135,-96.1642,6000.0,medium
16554,2023-09-19,Frederick,Maryland,"Prelim information (INFO) from federal aviation administration (FAA) operations (OPS): frederick, md / unmanned aircraft systems (UAS) sighting/1425e/frederick airport traffic control tower (ATCT) advised, van's rv-10, unkn-fdk, reported a unmanned aircraft systems (UAS) at the 9 of the clock position while northwest (NW) bound at 1,300 feet 1.5 se fdk.No evasive action taken.Frederick county dps notified.",2023-09-19T14:25:00Z,39.3975,-77.3697,1300.0,medium
16555,2023-09-19,Van nuys,California,"Prelim information (INFO) from federal aviation administration (FAA) operations (OPS): van nuys, conflict alert (CA) / unmanned aircraft systems (UAS) sighting/1130p/van nuys airport traffic control tower (ATCT) advised, bombardier cl60, unkn-vny, reported a dark unmanned aircraft systems (UAS) while se bound at 2,500 feet 2.5 nnw vny.No evasive action taken. Los angeles air asset pd16 notified.",2023-09-19T23:30:00Z,34.23333,-118.45,2500.0,medium
16556,2023-09-19,Baltimore,Maryland,"Prelim information (INFO) from federal aviation administration (FAA) operations (OPS): baltimore, md / unmanned aircraft systems (UAS) sighting/1753e/potomac terminal radar approach control (TRACON) advised, b737, orf-bwi, reported a red unmanned aircraft systems (UAS) at the 9 of the clock position while E bound at 6,000 feet 18 sse baltimore very high frequency omnidirectional range (VOR).No evasive action taken.Anne arundel county pd notified.",2023-09-19T17:53:00Z,39.0833,-76.4167,6000.0,medium
16557,2023-09-19,Binghamton,New york,"Prelim information (INFO) from federal aviation administration (FAA) operations (OPS): binghamton, ny / unmanned aircraft systems (UAS) sighting/1820e/new york air route traffic control center (ARTCC) advised, cirrus sr22, reported a gray unmanned aircraft systems (UAS) while se bound at 9,000 feet 25 wsw binghamton very high frequency omnidirectional range (VOR).No evasive action taken.Leo notification not reported.",2023-09-19T18:20:00Z,42.0375,-76.3069,9000.0,medium
16558,2023-09-19,Elmira,New york,"Prelim information (INFO) from federal aviation administration (FAA) af operations (OPS): elmira, ny / unmanned aircraft systems (UAS) sighting/1846e/new york air route traffic control center (ARTCC) advised, beech be10, teb-buttonville, canada (CYKZ), reported a unmanned aircraft systems (UAS) described as a ""predator drone ""maneuvering erratically at 16,000 feet 20 E ulw.No evasive action taken.No leo notifcation.",2023-09-19T18:46:00Z,42.1599,-76.5916,16000.0,medium
16559,2023-09-20,Washington,District of columbia,"Prelim information (INFO) from federal aviation administration (FAA) af operations (OPS): washington, dc / unmanned aircraft systems (UAS) sighting/1205e/potomac terminal radar approach control (TRACON) advised, b738, mdw-dca, reported a black and gray unmanned aircraft systems (UAS) 500 feet from their 9 of the clock position while N bound at 2,500 feet 15 ssw dca.No evasive action taken.Charles county sheriff notified.",2023-09-20T12:05:00Z,38.7506,-77.1181,2500.0,medium
16560,2023-09-20,St augustine,Florida,"Prelim information (INFO) from federal aviation administration (FAA) operations (OPS): st augustine, flight level (FL) / unmanned aircraft systems (UAS) sighting/1133e/st augustine fct advised, beech be58, sgj-sgj, reported a black unmanned aircraft systems (UAS) at same altitude from the 9 of the clock position while se bound at 1,200 feet 2 E sgj.No evasive action taken.St johns county sheriff's office notified.",2023-09-20T11:33:00Z,29.9592,-81.3089,1200.0,medium
16561,2023-09-20,Nashville,Tennessee,"Prelim information (INFO) from federal aviation administration (FAA) operations (OPS): nashville, tn / unmanned aircraft systems (UAS) sighting/1336c/john tune airport traffic control tower (ATCT) advised, beech be36, reported a red unmanned aircraft systems (UAS) while ssw bound at fl180 on 4 mile final runway 20 jwn.No evasive action taken.Mnaa communications center notified.",2023-09-20T13:36:00Z,36.1824,-86.8867,18000.0,medium
16562,2023-09-20,Atlanta,Georgia,"Prelim information (INFO) from federal aviation administration (FAA) operations (OPS): atlanta, general aviation (GA) / unmanned aircraft systems (UAS) sighting/1555e/atlanta terminal radar approach control facility (TRACON) advised, b739, dtw-atl, reported a grey unmanned aircraft systems (UAS) at the 12 of the clock position while W bound at 6,000 feet 9 sw atlanta.No evasive action reported.Fulton county sheriff notified.",2023-09-20T15:55:00Z,33.6481,-84.5606,6000.0,medium
16563,2023-09-20,Charlotte,North carolina,"Prelim information (INFO) from federal aviation administration (FAA) operations (OPS): charlotte, nc / unmanned aircraft systems (UAS) sighting/1844e/charlotte airport traffic control tower (ATCT) advised, crj7, oaj-clt, reported a black drone from the 12 of the clock position while S bound at 7,100 feet 8 no earlier (NE) clt.No evasive action taken.Charlotte-mecklenburg pd notified.",2023-09-20T18:44:00Z,35.3136,-80.7294,7100.0,medium
16564,2023-09-20,Des moines,Iowa,"Prelim information (INFO) from federal aviation administration (FAA) operations (OPS): des moines, ia / unmanned aircraft systems (UAS) sighting/2000c/des moines airport traffic control tower (ATCT) advised, helo, reported a unmanned aircraft systems (UAS) with red and green lights from the methodist hospital helipad (ia64) 2 nne dsm.No evasive action taken. Dsm airport (ARPT) authority notified.",2023-09-20T00:00:00Z,41.5556,-93.6249,2000.0,medium
16565,2023-09-21,Bedford,Massachusetts,"Prelim information (INFO) from federal aviation administration (FAA) operations (OPS): bedford, ma / unmanned aircraft systems (UAS) sighting/1511e/boston airport traffic control tower (ATCT) advised, e190, syr-bos, reported a unmanned aircraft systems (UAS) 500 feet below aircraft (ACFT) while S bound at 7,000 feet 8 E bedford.No evasive action reported.Massachusetts state police notified.",2023-09-21T15:11:00Z,42.4701,-71.1403,6500.0,medium
16566,2023-09-21,New york,New york,"Prelim information (INFO) from federal aviation administration (FAA) operations (OPS): new york, ny / unmanned aircraft systems (UAS) sighting/1525e/new york terminal radar approach control facility (TRACON) advised, b763, milan, italy (LIMC)-jfk, reported a grey quad copter unmanned aircraft systems (UAS) at the 2 of the clock position while no earlier (NE) bound on 2 mile final runway 4r jfk.No evasive action reported.Port authority pd notified.",2023-09-21T15:25:00Z,40.6413,-73.7781,500.0,medium
16567,2023-09-21,Concord,California,"Prelim information (INFO) from federal aviation administration (FAA) operations (OPS): concord, ca / unmanned aircraft systems (UAS) sighting/1330p/concord airport traffic control tower (ATCT) advised, e135, las-ccr, reported a unmanned aircraft systems (UAS) on approach to runway 19r while N bound at 1,700 feet vcnty concord.No evasive action reported.Contra costa sheriff notified.",2023-09-21T20:30:00Z,37.9896,-122.0569,1700.0,medium
16568,2023-09-21,Chicago,Illinois,"Prelim information (INFO) from federal aviation administration (FAA) operations (OPS): chicago, il / unmanned aircraft systems (UAS) sighting/1716c/chicago O' hare airport traffic control tower (ATCT) advised, a333, helsinki, finland (EFHK)-ord, reported a unmanned aircraft systems (UAS) from the 9 of the clock position while E bound at 1,200 feet vcnty ord.No evasive action taken.Leo notification not reported.",2023-09-21T17:16:00Z,41.9742,-87.9073,1200.0,medium
16569,2023-09-21,New york,New york,"Prelim information (INFO) from federal aviation administration (FAA) operations (OPS): new york, ny / unmanned aircraft systems (UAS) sighting/1911e/laguardia airport traffic control tower (ATCT) advised, bell b206, reported a unmanned aircraft systems (UAS) from the 9'oclock position while W bound at 1,500 feet 5 wsw lga.No evasive action taken.Nypd aviation notified.",2023-09-21T19:11:00Z,40.7505,-73.918,1500.0,medium
16570,2023-09-22,Nashville,Tennessee,"Prelim information (INFO) from federal aviation administration (FAA) operations (OPS): nashville, tn / unmanned aircraft systems (UAS) sighting/0757c/nashville airport traffic control tower (ATCT) advised, beech b350, jwn-mnv, reported a black unmanned aircraft systems (UAS) 20 feet from their 9 of the clock position while se bound at 7,000 feet 15 sw bna.No evasive action taken. Metro nashville airport (ARPT) authority dps notified.",2023-09-22T07:57:00Z,35.9828,-86.89,7000.0,medium
16571,2023-09-22,Miami,Florida,"Prelim information (INFO) from federal aviation administration (FAA) operations (OPS): miami, flight level (FL) / unmanned aircraft systems (UAS) sighting/0835e/tamiami airport traffic control tower (ATCT) advised, diamond da40, reported a unmanned aircraft systems (UAS) from the 1 of the clock position while wsw bound at 1,200 feet 3 wsw tmb.No evasive action taken.Miami dade pd notified.",2023-09-22T08:35:00Z,25.6397,-80.4605,1200.0,medium
16572,2023-09-22,Chino,California,"Prelim information (INFO) from federal aviation administration (FAA) operations (OPS): chino, conflict alert (CA) / unmanned aircraft systems (UAS) sighting/late report-0940p/chino airport traffic control tower (ATCT) advised, robinson r22, reported a unmanned aircraft systems (UAS) from the 1 of the clock position while ssw bound at 200 feet.5 no earlier (NE) cno.no evasive action taken.Chino pd notified.",2023-09-21T21:40:00Z,33.9748,-117.6387,200.0,medium
16573,2023-09-22,Fort lauderdale,Florida,"Prelim information (INFO) from federal aviation administration (FAA) operations (OPS): fort lauderdale, flight level (FL) / unmanned aircraft systems (UAS) sighting/1855e/miami airport traffic control tower (ATCT) advised, air tractor at46, eleuthera, the bahamas (MYEH)-fll, reported a white unmanned aircraft systems (UAS) from the 12 of the clock position while W bound at 2,000 feet 5 S fll.No evasive action taken.Broward county sheriff notified.",2023-09-22T18:55:00Z,26.0336,-80.1814,2000.0,medium
16574,2023-09-22,New york,New york,"Prelim information (INFO) from federal aviation administration (FAA) operations (OPS): new york, ny / unmanned aircraft systems (UAS) sighting/2014e/laguardia advised, helo, reported a unmanned aircraft systems (UAS) while S bound at 600 feet vcnty lga.No evasive action taken.Nypd notified.",2023-09-22T00:00:00Z,40.7769,-73.874,600.0,medium
16575,2023-09-23,Rome,New york,"Prelim information (INFO) from federal aviation administration (FAA) operations (OPS): rome, ny / unmanned aircraft systems (UAS) sighting/1019e/syracuse airport traffic control tower (ATCT) advised, cirrus sr22, reported a unmanned aircraft systems (UAS) while W bound at 8,000 feet 15 N rme.No evasive action taken.Herkimer county sheriff notified.",2023-09-23T10:19:00Z,43.3333,-75.4167,8000.0,medium
16576,2023-09-23,Miami,Florida,"Prelim information (INFO) from federal aviation administration (FAA) operations (OPS): miami, flight level (FL) / unmanned aircraft systems (UAS) sighting/1545e/tamiami airport traffic control tower (ATCT) advised, tecnam p06t, tmb-tmb, reported a black and white unmanned aircraft systems (UAS) 300 feet above aircraft (ACFT) while E bound at 700 feet 3 wsw tmb.No evasive action taken.Miami-dade pd notified.",2023-09-23T15:45:00Z,25.6364,-80.4781,1000.0,medium
16577,2023-09-23,Belleville,Illinois,"Prelim information (INFO) from federal aviation administration (FAA) operations (OPS): belleville, il / unmanned aircraft systems (UAS) sighting/late report-1509c/gateway terminal radar approach control (TRACON) advised, beech be36, sus-uuv, reported small reflective unmanned aircraft systems (UAS) 100-200 feet above aircraft (ACFT) at the 12 of the clock position while wnw bound at 8,000 feet 18 sw blv.No evasive action taken.St. louis county pd notified.",2023-09-23T15:09:00Z,38.4167,-90.1667,8200.0,medium
16578,2023-09-23,Covington,Kentucky,"Prelim information (INFO) from federal aviation administration (FAA) operations (OPS): covington, ky / unmanned aircraft systems (UAS) sighting/1647e/cincinnati airport traffic control tower (ATCT) advised, e75l, lga-cvg, reported a unmanned aircraft systems (UAS) or balloon.25 mile off the right wing while N bound at 2,000 feet 5 S cvg.No evasive action taken.Boone county dispatch notified.",2023-09-23T16:47:00Z,39.0089,-84.6672,2000.0,medium
16579,2023-09-23,Los alamitos,California,"Prelim information (INFO) from federal aviation administration (FAA) operations (OPS): los alamitos, ca / unmanned aircraft systems (UAS) sighting/1417p/socal terminal radar approach control (TRACON) advised, cessna c172, reported 2 unmanned aircraft systems (UAS) while se bound at 9,000 feet 8 nnw sli.No evasive action taken. Los angeles pd air asset notified.",2023-09-23T14:17:00Z,33.8642,-118.1064,9000.0,medium
16580,2023-09-23,Spokane,Washington,"Prelim information (INFO) from federal aviation administration (FAA) operations (OPS): spokane, wa / unmanned aircraft systems (UAS) sighting/1900p/spokane airport traffic control tower (ATCT) advised, helo, reported a black unmanned aircraft systems (UAS) from the 2 of the clock position while E bound at 2,700 feet 14 N geg.No evasive action taken.Leos notified.",2023-09-23T19:00:00Z,47.7934,-117.5386,2700.0,medium
16581,2023-09-24,Denver,Colorado,"Prelim information (INFO) from federal aviation administration (FAA) operations (OPS): denver, central office (CO) / unmanned aircraft systems (UAS) sighting/1321m/denver terminal radar approach control (TRACON) advised, piper p28a, reported a red quad copter unmanned aircraft systems (UAS) while W bound at 7,500 feet 8 northwest (NW) denver.No evasive action taken.Denver pd notified.",2023-09-24T13:21:00Z,39.8783,-105.0619,7500.0,medium
16582,2023-09-24,San antonio,Texas,"Prelim information (INFO) from federal aviation administration (FAA) operations (OPS): san antonio, tx / unmanned aircraft systems (UAS) sighting/1840c/san antonio airport traffic control tower (ATCT) advised, cessna c172, reported a black and grey unmanned aircraft systems (UAS) at the 9. Of the clock position while no earlier (NE) bound at 4,500 feet 3 no earlier (NE) ssf.No evasive action taken. San antonio pd notified.",2023-09-24T18:40:00Z,29.5342,-98.4691,4500.0,medium
16583,2023-09-24,Chicago,Illinois,"Prelim information (INFO) from federal aviation administration (FAA) operations (OPS): chicago, il / unmanned aircraft systems (UAS) sighting/1804c/chicago terminal radar approach control (TRACON) advised, e75l, tys-ord, reported a unmanned aircraft systems (UAS) while W bound at 8,800 feet 10 sse ord.No evasive action taken.Fbi notified.",2023-09-24T18:04:00Z,41.6989,-87.7481,8800.0,medium
16584,2023-09-24,Atlanta,Georgia,"Prelim information (INFO) from federal aviation administration (FAA) operations (OPS): atlanta, general aviation (GA) / unmanned aircraft systems (UAS) sighting/2016e/atlanta terminal radar approach control facility (TRACON) advised, a321, atl-las, reported a unmanned aircraft systems (UAS) at the 12 0'clock position while wnw bound at 2,900 feet 5 wnw atl.No evasive action taken.Fulton county pd notified.",2023-09-24T00:00:00Z,33.7784,-84.5212,2900.0,medium
16585,2023-09-24,Atlanta,Georgia,"Prelim information (INFO) from federal aviation administration (FAA) operations (OPS): atlanta, general aviation (GA) / unmanned aircraft systems (UAS) sighting/2111e/atlanta airport traffic control tower (ATCT) advised, a321, atl-san, reported a unmanned aircraft systems (UAS) off the left side while wnw bound at 3,000 feet 2 wnw atl.No evasive action taken.East point pd notified.",2023-09-24T21:11:00Z,33.6584,-84.4594,3000.0,medium
16586,2023-09-24,Atlanta,Georgia,"Prelim information (INFO) from federal aviation administration (FAA) operations (OPS): atlanta, general aviation (GA) / unmanned aircraft systems (UAS) sighting/2054e/atlanta airport traffic control tower (ATCT) advised, a319, atl-dal, reported 2 unmanned aircraft systems (UAS) from the left side while wnw bound at 3,300 feet 4 wnw atl.No evasive action taken. Atc operating north and south departures-arrivals due to multpile aircraft (ACFT) reporting sighting.Local leo currently searching for operator.",2023-09-24T20:54:00Z,33.7784,-84.5214,3300.0,medium
16587,2023-09-25,Charlotte,North carolina,"Prelim information (INFO) from federal aviation administration (FAA) operations (OPS): /uas sighting/1213e/charlotte airport traffic control tower (ATCT) advised, e145, avl-clt, observed a unmanned aircraft systems (UAS) while northbound at 1,500 feet, 3 S clt.No evasive action reported.Leo notified.",2023-09-25T00:00:00Z,35.1833,-80.9333,1500.0,medium
16588,2023-09-25,Sarasota/bradenton,Florida,"Prelim information (INFO) from federal aviation administration (FAA) af operations (OPS): sarasota / bradenton, flight level (FL) / unmanned aircraft systems (UAS) sighting/1530e/sarasota airport traffic control tower (ATCT) advised, b739, atl-srq, observed a unmanned aircraft systems (UAS) while southeast bound at 3,000 feet, 3. 4 northwest (NW) sarasota.No evasive maneuvers taken.No leo notification provided.",2023-09-25T15:30:00Z,27.418056,-82.607778,3000.0,medium
16589,2023-09-25,Louisville,Kentucky,"Prelim information (INFO) from federal aviation administration (FAA) operations (OPS): louisville, ky / unmanned aircraft systems (UAS) sighting/2329e/standiford airport traffic control tower (ATCT) advised, b763, syr-sdf, observed a unmanned aircraft systems (UAS) with green lights while southwest bound at 4,000 feet vcnty louisville vor collocated with tacan (VORTAC).No evasive maneuvers taken.No leo notification.",2023-09-25T23:29:00Z,38.1741,-85.7364,4000.0,medium
16590,2023-09-26,Oklahoma city,Oklahoma,"Prelim information (INFO) from federal aviation administration (FAA) af operations (OPS): oklahoma city, ok / unmanned aircraft systems (UAS) sighting/1156c/oklahoma airport traffic control tower (ATCT) advised, c12, okc-okc, observed a quadcopter unmanned aircraft systems (UAS) on left side while southbound at 1,500 feet, 1 N okc.No evasive action reported.No leo notification provided.",2023-09-26T11:56:00Z,35.4046,-97.5969,1500.0,medium
16591,2023-09-26,Louisville,Kentucky,"Prelim information (INFO) from federal aviation administration (FAA) operations (OPS): louisville, ky / unmanned aircraft systems (UAS) sighting/1538e/louisville airport traffic control tower (ATCT) advised, cessna c172, observed a unmanned aircraft systems (UAS) while northeast bound at 3,00 feet, 1 no earlier (NE) lou.No evasive action reported.No leo notification provided.",2023-09-26T15:38:00Z,38.2114,-85.7407,3000.0,medium
16592,2023-09-27,Teterboro,New jersey,"Prelim information (INFO) from federal aviation administration (FAA) operations (OPS): teterboro, nj / unmanned aircraft systems (UAS) sighting/1625e/teterboro airport traffic control tower (ATCT) advised, hawker beechcraft ha4t, imt-teb, reported a white unmanned aircraft systems (UAS) from the 9 of the clock position while N bound at 1,000 feet 1 N teb.No evasive action taken.Port authority notified.",2023-09-27T16:25:00Z,40.8675,-74.0615,1000.0,medium
16593,2023-09-27,Burbank,California,"Prelim information (INFO) from federal aviation administration (FAA) operations (OPS): burbank, conflict alert (CA) / unmanned aircraft systems (UAS) sighting/late report-1356p/socal terminal radar approach control facility (TRACON) advised, glf5, reported a unmanned aircraft systems (UAS) from the 2 of the clock position while no earlier (NE) at 2,500 feet on final bur.No evasive action taken. La county sheriff air division notified.",2023-09-27T13:56:00Z,34.2006,-118.3587,2500.0,medium
16594,2023-09-27,New york,New york,"Prelim information (INFO) from federal aviation administration (FAA) operations (OPS): new york, ny / unmanned aircraft systems (UAS) sighting/1840e/islip airport traffic control tower (ATCT) advised, h60, reported a unmanned aircraft systems (UAS) from the 11 of the clock position while sse bound at 500 feet 5 northwest (NW) isp.No evasive action taken.Suffolk county pd notified.",2023-09-27T18:40:00Z,40.8242,-73.1506,500.0,medium
16595,2023-09-28,Covington,Kentucky,"Prelim information (INFO) from federal aviation administration (FAA) operations (OPS): covington, ky / unmanned aircraft systems (UAS) sighting/1640e/covington airport traffic control tower (ATCT) advised, b763, sea-cvg, reported a unmanned aircraft systems (UAS) from the 9 of the clock position while S bound at 1,400 feet 1 N cvg.No evasive action taken.Boone county sheriff notified.",2023-09-28T16:40:00Z,39.0583,-84.6678,1400.0,medium
16596,2023-09-28,Johnstown,Pennsylvania,"Prelim information (INFO) from federal aviation administration (FAA) operations (OPS): johnstown, public address (PA) / unmanned aircraft systems (UAS) sighting/2030e/cleveland air route traffic control center (ARTCC) advised, eurocopter ec35, reported 2 unmanned aircraft systems (UAS) while N bound at 500 feet 2 wsw jst.No evasive action taken. Pa state pd notified.",2023-09-28T20:30:00Z,40.305556,-78.856389,500.0,medium
16597,2023-09-29,Chattanooga,Tennessee,"Prelim information (INFO) from federal aviation administration (FAA) af operations (OPS): chattanooga, tn / unmanned aircraft systems (UAS) sighting/1815e/chattanooga airport traffic control tower (ATCT) advised, cirrus sr22, dts-dkx, reported a unmanned aircraft systems (UAS) 1,000 feet below aircraft (ACFT) from the 12 of the clock position while no earlier (NE) bound at 9,000 feet 10 S dalton.No evasive action taken.Early county pd notified.",2023-09-29T18:15:00Z,34.6367,-84.87,8000.0,medium
16598,2023-09-29,New york,New york,"Prelim information (INFO) from federal aviation administration (FAA) operations (OPS): new york, ny / unmanned aircraft systems (UAS) sighting/1838e/laguardia airport traffic control tower (ATCT) advised, a321, atl-lga, reported 2 unmanned aircraft systems (UAS) 50 feet off departure end of runway 13 while on taxiway (TWY) B.No impact to operations.No leo notification provided.",2023-09-29T18:38:00Z,40.7769,-73.874,50.0,medium
16599,2023-09-29,Atlanta,Georgia,"Prelim information (INFO) from federal aviation administration (FAA) operations (OPS): atlanta, general aviation (GA) / unmanned aircraft systems (UAS) sighting/1902e/atlanta terminal radar approach control (TRACON) advised, mooney m20p, reported a unmanned aircraft systems (UAS) from the 3 of the clock position while S bound at 7,000 feet 5 E cvc.No injuries reported.Rockdale county sheriff notified.",2023-09-29T19:02:00Z,33.6333,-83.8472,7000.0,medium
16600,2023-09-30,Chicago/prospect heights/wheeling,Illinois,"Prelim information (INFO) from federal aviation administration (FAA) operations (OPS): chicago-prospect heights-wheeling, il / unmanned aircraft systems (UAS) sighting/1052e/chicago terminal radar approach control (TRACON) advised, cessna c195, reported a metallic unmanned aircraft systems (UAS) from the 3 of the clock position while N bound at 2,500 feet 30 E pwk.No evasive action taken.Fbi notified.",2023-09-30T10:52:00Z,42.1833,-87.5667,2500.0,medium
16601,2023-09-30,Chicago,Illinois,"Prelim information (INFO) from federal aviation administration (FAA) af operations (OPS): chicago, il / unmanned aircraft systems (UAS) incident/1144c/chicago terminal radar approach control (TRACON) advised, a320, atl-ord, reported unmanned aircraft systems (UAS) 100 feet above aircraft (ACFT) while on 5 mile final to 28c ord at 2,600 feet.No evasive action reported. Multiple aircraft (ACFT) reported unmanned aircraft systems (UAS). Ord changed runway configuration for 20 minute (MIN).No delays reported.Chicago pd notified.",2023-09-30T11:44:00Z,41.9742,-87.9073,2600.0,medium
16602,2023-09-30,Gary,Indiana,"Prelim information (INFO) from federal aviation administration (FAA) operations (OPS): gary, in / unmanned aircraft systems (UAS) sighting/1445c/chicago terminal radar approach control (TRACON) advised, b38m, mdw-bos, reported a yellow unmanned aircraft systems (UAS) while W bound at 5,200 feet 7 se gyy.No evasive action reported.Chicago fbi notified.",2023-09-30T14:45:00Z,41.5533,-87.2633,5200.0,medium
16603,2023-09-30,Atlanta,Georgia,"Prelim information (INFO) from federal aviation administration (FAA) operations (OPS): atlanta, general aviation (GA) / unmanned aircraft systems (UAS) sighting/1527e/atlanta terminal radar approach control facility (TRACON) advised, a321, sat-atl, reported a unmanned aircraft systems (UAS) while nne bound at 6,000 feet 23 wsw atl.No evasive action reported.Spaulding county sheriff notified.",2023-09-30T15:27:00Z,33.4639,-84.7878,6000.0,medium
16604,2023-09-30,Grand rapids,Michigan,"Prelim information (INFO) from federal aviation administration (FAA) operations (OPS): grand rapids, mile (MI) / unmanned aircraft systems (UAS) sighting/1836e/kalamazoo airport traffic control tower (ATCT) advised, sikorski s76, reported a unmanned aircraft systems (UAS) while sw bound at 600 feet 7 northwest (NW) grr.No evasive action taken.Michigan state pd notified.",2023-09-30T18:36:00Z,42.9806,-85.7661,600.0,medium
